2024/01/14 22:03:17 - mmengine - INFO - 
------------------------------------------------------------
System environment:
    sys.platform: linux
    Python: 3.8.18 (default, Sep 11 2023, 13:40:15) [GCC 11.2.0]
    CUDA available: True
    numpy_random_seed: 1435804517
    GPU 0: NVIDIA GeForce RTX 3060 Ti
    CUDA_HOME: None
    GCC: gcc (Ubuntu 11.4.0-1ubuntu1~22.04) 11.4.0
    PyTorch: 2.1.2
    PyTorch compiling details: PyTorch built with:
  - GCC 9.3
  - C++ Version: 201703
  - Intel(R) oneAPI Math Kernel Library Version 2023.1-Product Build 20230303 for Intel(R) 64 architecture applications
  - Intel(R) MKL-DNN v3.1.1 (Git Hash 64f6bcbcbab628e96f33a62c3e975f8535a7bde4)
  - OpenMP 201511 (a.k.a. OpenMP 4.5)
  - LAPACK is enabled (usually provided by MKL)
  - NNPACK is enabled
  - CPU capability usage: AVX2
  - CUDA Runtime 12.1
  - NVCC architecture flags: -gencode;arch=compute_50,code=sm_50;-gencode;arch=compute_60,code=sm_60;-gencode;arch=compute_61,code=sm_61;-gencode;arch=compute_70,code=sm_70;-gencode;arch=compute_75,code=sm_75;-gencode;arch=compute_80,code=sm_80;-gencode;arch=compute_86,code=sm_86;-gencode;arch=compute_90,code=sm_90
  - CuDNN 8.9.2
  - Magma 2.6.1
  - Build settings: BLAS_INFO=mkl, BUILD_TYPE=Release, CUDA_VERSION=12.1, CUDNN_VERSION=8.9.2, CXX_COMPILER=/opt/rh/devtoolset-9/root/usr/bin/c++, CXX_FLAGS= -D_GLIBCXX_USE_CXX11_ABI=0 -fabi-version=11 -fvisibility-inlines-hidden -DUSE_PTHREADPOOL -DNDEBUG -DUSE_KINETO -DLIBKINETO_NOROCTRACER -DUSE_FBGEMM -DUSE_QNNPACK -DUSE_PYTORCH_QNNPACK -DUSE_XNNPACK -DSYMBOLICATE_MOBILE_DEBUG_HANDLE -O2 -fPIC -Wall -Wextra -Werror=return-type -Werror=non-virtual-dtor -Werror=bool-operation -Wnarrowing -Wno-missing-field-initializers -Wno-type-limits -Wno-array-bounds -Wno-unknown-pragmas -Wno-unused-parameter -Wno-unused-function -Wno-unused-result -Wno-strict-overflow -Wno-strict-aliasing -Wno-stringop-overflow -Wno-psabi -Wno-error=pedantic -Wno-error=old-style-cast -Wno-invalid-partial-specialization -Wno-unused-private-field -Wno-aligned-allocation-unavailable -Wno-missing-braces -fdiagnostics-color=always -faligned-new -Wno-unused-but-set-variable -Wno-maybe-uninitialized -fno-math-errno -fno-trapping-math -Werror=format -Werror=cast-function-type -Wno-stringop-overflow, LAPACK_INFO=mkl, PERF_WITH_AVX=1, PERF_WITH_AVX2=1, PERF_WITH_AVX512=1, TORCH_DISABLE_GPU_ASSERTS=ON, TORCH_VERSION=2.1.2, USE_CUDA=ON, USE_CUDNN=ON, USE_EXCEPTION_PTR=1, USE_GFLAGS=OFF, USE_GLOG=OFF, USE_MKL=ON, USE_MKLDNN=ON, USE_MPI=OFF, USE_NCCL=ON, USE_NNPACK=ON, USE_OPENMP=ON, USE_ROCM=OFF, 

    TorchVision: 0.16.2
    OpenCV: 4.9.0
    MMEngine: 0.10.2

Runtime environment:
    cudnn_benchmark: False
    mp_cfg: {'mp_start_method': 'fork', 'opencv_num_threads': 0}
    dist_cfg: {'backend': 'nccl'}
    seed: 1435804517
    Distributed launcher: none
    Distributed training: False
    GPU number: 1
------------------------------------------------------------

2024/01/14 22:03:18 - mmengine - INFO - Config:
auto_scale_lr = dict(base_batch_size=16, enable=False)
backend_args = None
classes = ('seedling', )
data_root = '/home/hasnatpie/thesis01/seedling_mm/'
dataset_type = 'CocoDataset'
default_hooks = dict(
    checkpoint=dict(
        rule='greater', save_best='coco/bbox_mAP', type='CheckpointHook'),
    logger=dict(interval=50, type='LoggerHook'),
    param_scheduler=dict(type='ParamSchedulerHook'),
    sampler_seed=dict(type='DistSamplerSeedHook'),
    timer=dict(type='IterTimerHook'),
    visualization=dict(type='DetVisualizationHook'))
default_scope = 'mmdet'
env_cfg = dict(
    cudnn_benchmark=False,
    dist_cfg=dict(backend='nccl'),
    mp_cfg=dict(mp_start_method='fork', opencv_num_threads=0))
launcher = 'none'
load_from = None
log_level = 'INFO'
log_processor = dict(by_epoch=True, type='LogProcessor', window_size=50)
model = dict(
    backbone=dict(
        depth=50,
        frozen_stages=1,
        init_cfg=dict(checkpoint='torchvision://resnet50', type='Pretrained'),
        norm_cfg=dict(requires_grad=True, type='BN'),
        norm_eval=True,
        num_stages=4,
        out_indices=(
            0,
            1,
            2,
            3,
        ),
        style='pytorch',
        type='ResNet'),
    data_preprocessor=dict(
        bgr_to_rgb=True,
        mean=[
            123.675,
            116.28,
            103.53,
        ],
        pad_mask=True,
        pad_size_divisor=32,
        std=[
            58.395,
            57.12,
            57.375,
        ],
        type='DetDataPreprocessor'),
    neck=dict(
        in_channels=[
            256,
            512,
            1024,
            2048,
        ],
        num_outs=5,
        out_channels=256,
        type='FPN'),
    roi_head=dict(
        bbox_head=[
            dict(
                bbox_coder=dict(
                    target_means=[
                        0.0,
                        0.0,
                        0.0,
                        0.0,
                    ],
                    target_stds=[
                        0.1,
                        0.1,
                        0.2,
                        0.2,
                    ],
                    type='DeltaXYWHBBoxCoder'),
                fc_out_channels=1024,
                in_channels=256,
                loss_bbox=dict(beta=1.0, loss_weight=1.0, type='SmoothL1Loss'),
                loss_cls=dict(
                    loss_weight=1.0,
                    type='CrossEntropyLoss',
                    use_sigmoid=False),
                num_classes=1,
                reg_class_agnostic=True,
                roi_feat_size=7,
                type='Shared2FCBBoxHead'),
            dict(
                bbox_coder=dict(
                    target_means=[
                        0.0,
                        0.0,
                        0.0,
                        0.0,
                    ],
                    target_stds=[
                        0.05,
                        0.05,
                        0.1,
                        0.1,
                    ],
                    type='DeltaXYWHBBoxCoder'),
                fc_out_channels=1024,
                in_channels=256,
                loss_bbox=dict(beta=1.0, loss_weight=1.0, type='SmoothL1Loss'),
                loss_cls=dict(
                    loss_weight=1.0,
                    type='CrossEntropyLoss',
                    use_sigmoid=False),
                num_classes=1,
                reg_class_agnostic=True,
                roi_feat_size=7,
                type='Shared2FCBBoxHead'),
            dict(
                bbox_coder=dict(
                    target_means=[
                        0.0,
                        0.0,
                        0.0,
                        0.0,
                    ],
                    target_stds=[
                        0.033,
                        0.033,
                        0.067,
                        0.067,
                    ],
                    type='DeltaXYWHBBoxCoder'),
                fc_out_channels=1024,
                in_channels=256,
                loss_bbox=dict(beta=1.0, loss_weight=1.0, type='SmoothL1Loss'),
                loss_cls=dict(
                    loss_weight=1.0,
                    type='CrossEntropyLoss',
                    use_sigmoid=False),
                num_classes=1,
                reg_class_agnostic=True,
                roi_feat_size=7,
                type='Shared2FCBBoxHead'),
        ],
        bbox_roi_extractor=dict(
            featmap_strides=[
                4,
                8,
                16,
                32,
            ],
            out_channels=256,
            roi_layer=dict(output_size=7, sampling_ratio=0, type='RoIAlign'),
            type='SingleRoIExtractor'),
        mask_head=dict(
            conv_out_channels=256,
            in_channels=256,
            loss_mask=dict(
                loss_weight=1.0, type='CrossEntropyLoss', use_mask=True),
            num_classes=1,
            num_convs=4,
            type='FCNMaskHead'),
        mask_roi_extractor=dict(
            featmap_strides=[
                4,
                8,
                16,
                32,
            ],
            out_channels=256,
            roi_layer=dict(output_size=14, sampling_ratio=0, type='RoIAlign'),
            type='SingleRoIExtractor'),
        num_stages=3,
        stage_loss_weights=[
            1,
            0.5,
            0.25,
        ],
        type='CascadeRoIHead'),
    rpn_head=dict(
        anchor_generator=dict(
            ratios=[
                0.5,
                1.0,
                2.0,
            ],
            scales=[
                8,
            ],
            strides=[
                4,
                8,
                16,
                32,
                64,
            ],
            type='AnchorGenerator'),
        bbox_coder=dict(
            target_means=[
                0.0,
                0.0,
                0.0,
                0.0,
            ],
            target_stds=[
                1.0,
                1.0,
                1.0,
                1.0,
            ],
            type='DeltaXYWHBBoxCoder'),
        feat_channels=256,
        in_channels=256,
        loss_bbox=dict(
            beta=0.1111111111111111, loss_weight=1.0, type='SmoothL1Loss'),
        loss_cls=dict(
            loss_weight=1.0, type='CrossEntropyLoss', use_sigmoid=True),
        type='RPNHead'),
    test_cfg=dict(
        rcnn=dict(
            mask_thr_binary=0.5,
            max_per_img=100,
            nms=dict(iou_threshold=0.5, type='nms'),
            score_thr=0.05),
        rpn=dict(
            max_per_img=1000,
            min_bbox_size=0,
            nms=dict(iou_threshold=0.7, type='nms'),
            nms_pre=1000)),
    train_cfg=dict(
        rcnn=[
            dict(
                assigner=dict(
                    ignore_iof_thr=-1,
                    match_low_quality=False,
                    min_pos_iou=0.5,
                    neg_iou_thr=0.5,
                    pos_iou_thr=0.5,
                    type='MaxIoUAssigner'),
                debug=False,
                mask_size=28,
                pos_weight=-1,
                sampler=dict(
                    add_gt_as_proposals=True,
                    neg_pos_ub=-1,
                    num=512,
                    pos_fraction=0.25,
                    type='RandomSampler')),
            dict(
                assigner=dict(
                    ignore_iof_thr=-1,
                    match_low_quality=False,
                    min_pos_iou=0.6,
                    neg_iou_thr=0.6,
                    pos_iou_thr=0.6,
                    type='MaxIoUAssigner'),
                debug=False,
                mask_size=28,
                pos_weight=-1,
                sampler=dict(
                    add_gt_as_proposals=True,
                    neg_pos_ub=-1,
                    num=512,
                    pos_fraction=0.25,
                    type='RandomSampler')),
            dict(
                assigner=dict(
                    ignore_iof_thr=-1,
                    match_low_quality=False,
                    min_pos_iou=0.7,
                    neg_iou_thr=0.7,
                    pos_iou_thr=0.7,
                    type='MaxIoUAssigner'),
                debug=False,
                mask_size=28,
                pos_weight=-1,
                sampler=dict(
                    add_gt_as_proposals=True,
                    neg_pos_ub=-1,
                    num=512,
                    pos_fraction=0.25,
                    type='RandomSampler')),
        ],
        rpn=dict(
            allowed_border=0,
            assigner=dict(
                ignore_iof_thr=-1,
                match_low_quality=True,
                min_pos_iou=0.3,
                neg_iou_thr=0.3,
                pos_iou_thr=0.7,
                type='MaxIoUAssigner'),
            debug=False,
            pos_weight=-1,
            sampler=dict(
                add_gt_as_proposals=False,
                neg_pos_ub=-1,
                num=256,
                pos_fraction=0.5,
                type='RandomSampler')),
        rpn_proposal=dict(
            max_per_img=2000,
            min_bbox_size=0,
            nms=dict(iou_threshold=0.7, type='nms'),
            nms_pre=2000)),
    type='CascadeRCNN')
optim_wrapper = dict(
    optimizer=dict(lr=0.02, momentum=0.9, type='SGD', weight_decay=0.0001),
    type='OptimWrapper')
palette = [
    (
        240,
        10,
        10,
    ),
]
param_scheduler = [
    dict(
        begin=0, by_epoch=False, end=500, start_factor=0.001, type='LinearLR'),
    dict(
        begin=0,
        by_epoch=True,
        end=12,
        gamma=0.1,
        milestones=[
            9,
            11,
        ],
        type='MultiStepLR'),
]
resume = True
test_cfg = dict(type='TestLoop')
test_dataloader = dict(
    batch_size=1,
    dataset=dict(
        ann_file='annotations/test_coco.json',
        backend_args=None,
        data_prefix=dict(img='test/'),
        data_root='/home/hasnatpie/thesis01/seedling_mm/',
        pipeline=[
            dict(backend_args=None, type='LoadImageFromFile'),
            dict(keep_ratio=True, scale=(
                1333,
                800,
            ), type='Resize'),
            dict(type='LoadAnnotations', with_bbox=True, with_mask=True),
            dict(
                meta_keys=(
                    'img_id',
                    'img_path',
                    'ori_shape',
                    'img_shape',
                    'scale_factor',
                ),
                type='PackDetInputs'),
        ],
        test_mode=True,
        type='CocoDataset'),
    drop_last=False,
    num_workers=2,
    persistent_workers=True,
    sampler=dict(shuffle=False, type='DefaultSampler'))
test_evaluator = dict(
    ann_file='/home/hasnatpie/thesis01/seedling_mm/annotations/test_coco.json',
    backend_args=None,
    metric=[
        'bbox',
        'segm',
    ],
    type='CocoMetric')
test_pipeline = [
    dict(backend_args=None, type='LoadImageFromFile'),
    dict(keep_ratio=True, scale=(
        1333,
        800,
    ), type='Resize'),
    dict(type='LoadAnnotations', with_bbox=True, with_mask=True),
    dict(
        meta_keys=(
            'img_id',
            'img_path',
            'ori_shape',
            'img_shape',
            'scale_factor',
        ),
        type='PackDetInputs'),
]
train_cfg = dict(max_epochs=20, type='EpochBasedTrainLoop', val_interval=1)
train_dataloader = dict(
    batch_sampler=dict(type='AspectRatioBatchSampler'),
    batch_size=1,
    dataset=dict(
        dataset=dict(
            ann_file='annotations/train_coco.json',
            backend_args=None,
            data_prefix=dict(img='train/'),
            data_root='/home/hasnatpie/thesis01/seedling_mm/',
            filter_cfg=dict(filter_empty_gt=True, min_size=32),
            pipeline=[
                dict(backend_args=None, type='LoadImageFromFile'),
                dict(type='LoadAnnotations', with_bbox=True, with_mask=True),
                dict(
                    keep_ratio=True,
                    scale=[
                        (
                            1333,
                            640,
                        ),
                        (
                            1333,
                            800,
                        ),
                    ],
                    type='RandomResize'),
                dict(prob=0.5, type='RandomFlip'),
                dict(type='PackDetInputs'),
            ],
            type='CocoDataset'),
        times=3,
        type='RepeatDataset'),
    num_workers=2,
    persistent_workers=True,
    sampler=dict(shuffle=True, type='DefaultSampler'))
train_pipeline = [
    dict(backend_args=None, type='LoadImageFromFile'),
    dict(type='LoadAnnotations', with_bbox=True, with_mask=True),
    dict(
        keep_ratio=True,
        scale=[
            (
                1333,
                640,
            ),
            (
                1333,
                800,
            ),
        ],
        type='RandomResize'),
    dict(prob=0.5, type='RandomFlip'),
    dict(type='PackDetInputs'),
]
val_cfg = dict(type='ValLoop')
val_dataloader = dict(
    batch_size=1,
    dataset=dict(
        ann_file='annotations/val_coco.json',
        backend_args=None,
        data_prefix=dict(img='valid/'),
        data_root='/home/hasnatpie/thesis01/seedling_mm/',
        pipeline=[
            dict(backend_args=None, type='LoadImageFromFile'),
            dict(keep_ratio=True, scale=(
                1333,
                800,
            ), type='Resize'),
            dict(type='LoadAnnotations', with_bbox=True, with_mask=True),
            dict(
                meta_keys=(
                    'img_id',
                    'img_path',
                    'ori_shape',
                    'img_shape',
                    'scale_factor',
                ),
                type='PackDetInputs'),
        ],
        test_mode=True,
        type='CocoDataset'),
    drop_last=False,
    num_workers=2,
    persistent_workers=True,
    sampler=dict(shuffle=False, type='DefaultSampler'))
val_evaluator = dict(
    ann_file='/home/hasnatpie/thesis01/seedling_mm/annotations/val_coco.json',
    backend_args=None,
    metric='bbox',
    type='CocoMetric')
vis_backends = [
    dict(type='LocalVisBackend'),
    dict(type='TensorboardVisBackend'),
]
visualizer = dict(
    name='visualizer',
    type='DetLocalVisualizer',
    vis_backends=[
        dict(type='LocalVisBackend'),
        dict(type='TensorboardVisBackend'),
    ])
work_dir = '/home/hasnatpie/thesis01/results_default20'

2024/01/14 22:03:23 - mmengine - INFO - Distributed training is not used, all SyncBatchNorm (SyncBN) layers in the model will be automatically reverted to BatchNormXd layers if they are used.
2024/01/14 22:03:23 - mmengine - INFO - Hooks will be executed in the following order:
before_run:
(VERY_HIGH   ) RuntimeInfoHook                    
(BELOW_NORMAL) LoggerHook                         
 -------------------- 
before_train:
(VERY_HIGH   ) RuntimeInfoHook                    
(NORMAL      ) IterTimerHook                      
(VERY_LOW    ) CheckpointHook                     
 -------------------- 
before_train_epoch:
(VERY_HIGH   ) RuntimeInfoHook                    
(NORMAL      ) IterTimerHook                      
(NORMAL      ) DistSamplerSeedHook                
 -------------------- 
before_train_iter:
(VERY_HIGH   ) RuntimeInfoHook                    
(NORMAL      ) IterTimerHook                      
 -------------------- 
after_train_iter:
(VERY_HIGH   ) RuntimeInfoHook                    
(NORMAL      ) IterTimerHook                      
(BELOW_NORMAL) LoggerHook                         
(LOW         ) ParamSchedulerHook                 
(VERY_LOW    ) CheckpointHook                     
 -------------------- 
after_train_epoch:
(NORMAL      ) IterTimerHook                      
(LOW         ) ParamSchedulerHook                 
(VERY_LOW    ) CheckpointHook                     
 -------------------- 
before_val:
(VERY_HIGH   ) RuntimeInfoHook                    
 -------------------- 
before_val_epoch:
(NORMAL      ) IterTimerHook                      
 -------------------- 
before_val_iter:
(NORMAL      ) IterTimerHook                      
 -------------------- 
after_val_iter:
(NORMAL      ) IterTimerHook                      
(NORMAL      ) DetVisualizationHook               
(BELOW_NORMAL) LoggerHook                         
 -------------------- 
after_val_epoch:
(VERY_HIGH   ) RuntimeInfoHook                    
(NORMAL      ) IterTimerHook                      
(BELOW_NORMAL) LoggerHook                         
(LOW         ) ParamSchedulerHook                 
(VERY_LOW    ) CheckpointHook                     
 -------------------- 
after_val:
(VERY_HIGH   ) RuntimeInfoHook                    
 -------------------- 
after_train:
(VERY_HIGH   ) RuntimeInfoHook                    
(VERY_LOW    ) CheckpointHook                     
 -------------------- 
before_test:
(VERY_HIGH   ) RuntimeInfoHook                    
 -------------------- 
before_test_epoch:
(NORMAL      ) IterTimerHook                      
 -------------------- 
before_test_iter:
(NORMAL      ) IterTimerHook                      
 -------------------- 
after_test_iter:
(NORMAL      ) IterTimerHook                      
(NORMAL      ) DetVisualizationHook               
(BELOW_NORMAL) LoggerHook                         
 -------------------- 
after_test_epoch:
(VERY_HIGH   ) RuntimeInfoHook                    
(NORMAL      ) IterTimerHook                      
(BELOW_NORMAL) LoggerHook                         
 -------------------- 
after_test:
(VERY_HIGH   ) RuntimeInfoHook                    
 -------------------- 
after_run:
(BELOW_NORMAL) LoggerHook                         
 -------------------- 
2024/01/14 22:03:24 - mmengine - INFO - load model from: torchvision://resnet50
2024/01/14 22:03:24 - mmengine - INFO - Loads checkpoint by torchvision backend from path: torchvision://resnet50
2024/01/14 22:03:25 - mmengine - WARNING - The model and loaded state dict do not match exactly

unexpected key in source state_dict: fc.weight, fc.bias

Name of parameter - Initialization information

backbone.conv1.weight - torch.Size([64, 3, 7, 7]): 
PretrainedInit: load from torchvision://resnet50 

backbone.bn1.weight - torch.Size([64]): 
PretrainedInit: load from torchvision://resnet50 

backbone.bn1.bias - torch.Size([64]): 
PretrainedInit: load from torchvision://resnet50 

backbone.layer1.0.conv1.weight - torch.Size([64, 64, 1, 1]): 
PretrainedInit: load from torchvision://resnet50 

backbone.layer1.0.bn1.weight - torch.Size([64]): 
PretrainedInit: load from torchvision://resnet50 

backbone.layer1.0.bn1.bias - torch.Size([64]): 
PretrainedInit: load from torchvision://resnet50 

backbone.layer1.0.conv2.weight - torch.Size([64, 64, 3, 3]): 
PretrainedInit: load from torchvision://resnet50 

backbone.layer1.0.bn2.weight - torch.Size([64]): 
PretrainedInit: load from torchvision://resnet50 

backbone.layer1.0.bn2.bias - torch.Size([64]): 
PretrainedInit: load from torchvision://resnet50 

backbone.layer1.0.conv3.weight - torch.Size([256, 64, 1, 1]): 
PretrainedInit: load from torchvision://resnet50 

backbone.layer1.0.bn3.weight - torch.Size([256]): 
PretrainedInit: load from torchvision://resnet50 

backbone.layer1.0.bn3.bias - torch.Size([256]): 
PretrainedInit: load from torchvision://resnet50 

backbone.layer1.0.downsample.0.weight - torch.Size([256, 64, 1, 1]): 
PretrainedInit: load from torchvision://resnet50 

backbone.layer1.0.downsample.1.weight - torch.Size([256]): 
PretrainedInit: load from torchvision://resnet50 

backbone.layer1.0.downsample.1.bias - torch.Size([256]): 
PretrainedInit: load from torchvision://resnet50 

backbone.layer1.1.conv1.weight - torch.Size([64, 256, 1, 1]): 
PretrainedInit: load from torchvision://resnet50 

backbone.layer1.1.bn1.weight - torch.Size([64]): 
PretrainedInit: load from torchvision://resnet50 

backbone.layer1.1.bn1.bias - torch.Size([64]): 
PretrainedInit: load from torchvision://resnet50 

backbone.layer1.1.conv2.weight - torch.Size([64, 64, 3, 3]): 
PretrainedInit: load from torchvision://resnet50 

backbone.layer1.1.bn2.weight - torch.Size([64]): 
PretrainedInit: load from torchvision://resnet50 

backbone.layer1.1.bn2.bias - torch.Size([64]): 
PretrainedInit: load from torchvision://resnet50 

backbone.layer1.1.conv3.weight - torch.Size([256, 64, 1, 1]): 
PretrainedInit: load from torchvision://resnet50 

backbone.layer1.1.bn3.weight - torch.Size([256]): 
PretrainedInit: load from torchvision://resnet50 

backbone.layer1.1.bn3.bias - torch.Size([256]): 
PretrainedInit: load from torchvision://resnet50 

backbone.layer1.2.conv1.weight - torch.Size([64, 256, 1, 1]): 
PretrainedInit: load from torchvision://resnet50 

backbone.layer1.2.bn1.weight - torch.Size([64]): 
PretrainedInit: load from torchvision://resnet50 

backbone.layer1.2.bn1.bias - torch.Size([64]): 
PretrainedInit: load from torchvision://resnet50 

backbone.layer1.2.conv2.weight - torch.Size([64, 64, 3, 3]): 
PretrainedInit: load from torchvision://resnet50 

backbone.layer1.2.bn2.weight - torch.Size([64]): 
PretrainedInit: load from torchvision://resnet50 

backbone.layer1.2.bn2.bias - torch.Size([64]): 
PretrainedInit: load from torchvision://resnet50 

backbone.layer1.2.conv3.weight - torch.Size([256, 64, 1, 1]): 
PretrainedInit: load from torchvision://resnet50 

backbone.layer1.2.bn3.weight - torch.Size([256]): 
PretrainedInit: load from torchvision://resnet50 

backbone.layer1.2.bn3.bias - torch.Size([256]): 
PretrainedInit: load from torchvision://resnet50 

backbone.layer2.0.conv1.weight - torch.Size([128, 256, 1, 1]): 
PretrainedInit: load from torchvision://resnet50 

backbone.layer2.0.bn1.weight - torch.Size([128]): 
PretrainedInit: load from torchvision://resnet50 

backbone.layer2.0.bn1.bias - torch.Size([128]): 
PretrainedInit: load from torchvision://resnet50 

backbone.layer2.0.conv2.weight - torch.Size([128, 128, 3, 3]): 
PretrainedInit: load from torchvision://resnet50 

backbone.layer2.0.bn2.weight - torch.Size([128]): 
PretrainedInit: load from torchvision://resnet50 

backbone.layer2.0.bn2.bias - torch.Size([128]): 
PretrainedInit: load from torchvision://resnet50 

backbone.layer2.0.conv3.weight - torch.Size([512, 128, 1, 1]): 
PretrainedInit: load from torchvision://resnet50 

backbone.layer2.0.bn3.weight - torch.Size([512]): 
PretrainedInit: load from torchvision://resnet50 

backbone.layer2.0.bn3.bias - torch.Size([512]): 
PretrainedInit: load from torchvision://resnet50 

backbone.layer2.0.downsample.0.weight - torch.Size([512, 256, 1, 1]): 
PretrainedInit: load from torchvision://resnet50 

backbone.layer2.0.downsample.1.weight - torch.Size([512]): 
PretrainedInit: load from torchvision://resnet50 

backbone.layer2.0.downsample.1.bias - torch.Size([512]): 
PretrainedInit: load from torchvision://resnet50 

backbone.layer2.1.conv1.weight - torch.Size([128, 512, 1, 1]): 
PretrainedInit: load from torchvision://resnet50 

backbone.layer2.1.bn1.weight - torch.Size([128]): 
PretrainedInit: load from torchvision://resnet50 

backbone.layer2.1.bn1.bias - torch.Size([128]): 
PretrainedInit: load from torchvision://resnet50 

backbone.layer2.1.conv2.weight - torch.Size([128, 128, 3, 3]): 
PretrainedInit: load from torchvision://resnet50 

backbone.layer2.1.bn2.weight - torch.Size([128]): 
PretrainedInit: load from torchvision://resnet50 

backbone.layer2.1.bn2.bias - torch.Size([128]): 
PretrainedInit: load from torchvision://resnet50 

backbone.layer2.1.conv3.weight - torch.Size([512, 128, 1, 1]): 
PretrainedInit: load from torchvision://resnet50 

backbone.layer2.1.bn3.weight - torch.Size([512]): 
PretrainedInit: load from torchvision://resnet50 

backbone.layer2.1.bn3.bias - torch.Size([512]): 
PretrainedInit: load from torchvision://resnet50 

backbone.layer2.2.conv1.weight - torch.Size([128, 512, 1, 1]): 
PretrainedInit: load from torchvision://resnet50 

backbone.layer2.2.bn1.weight - torch.Size([128]): 
PretrainedInit: load from torchvision://resnet50 

backbone.layer2.2.bn1.bias - torch.Size([128]): 
PretrainedInit: load from torchvision://resnet50 

backbone.layer2.2.conv2.weight - torch.Size([128, 128, 3, 3]): 
PretrainedInit: load from torchvision://resnet50 

backbone.layer2.2.bn2.weight - torch.Size([128]): 
PretrainedInit: load from torchvision://resnet50 

backbone.layer2.2.bn2.bias - torch.Size([128]): 
PretrainedInit: load from torchvision://resnet50 

backbone.layer2.2.conv3.weight - torch.Size([512, 128, 1, 1]): 
PretrainedInit: load from torchvision://resnet50 

backbone.layer2.2.bn3.weight - torch.Size([512]): 
PretrainedInit: load from torchvision://resnet50 

backbone.layer2.2.bn3.bias - torch.Size([512]): 
PretrainedInit: load from torchvision://resnet50 

backbone.layer2.3.conv1.weight - torch.Size([128, 512, 1, 1]): 
PretrainedInit: load from torchvision://resnet50 

backbone.layer2.3.bn1.weight - torch.Size([128]): 
PretrainedInit: load from torchvision://resnet50 

backbone.layer2.3.bn1.bias - torch.Size([128]): 
PretrainedInit: load from torchvision://resnet50 

backbone.layer2.3.conv2.weight - torch.Size([128, 128, 3, 3]): 
PretrainedInit: load from torchvision://resnet50 

backbone.layer2.3.bn2.weight - torch.Size([128]): 
PretrainedInit: load from torchvision://resnet50 

backbone.layer2.3.bn2.bias - torch.Size([128]): 
PretrainedInit: load from torchvision://resnet50 

backbone.layer2.3.conv3.weight - torch.Size([512, 128, 1, 1]): 
PretrainedInit: load from torchvision://resnet50 

backbone.layer2.3.bn3.weight - torch.Size([512]): 
PretrainedInit: load from torchvision://resnet50 

backbone.layer2.3.bn3.bias - torch.Size([512]): 
PretrainedInit: load from torchvision://resnet50 

backbone.layer3.0.conv1.weight - torch.Size([256, 512, 1, 1]): 
PretrainedInit: load from torchvision://resnet50 

backbone.layer3.0.bn1.weight - torch.Size([256]): 
PretrainedInit: load from torchvision://resnet50 

backbone.layer3.0.bn1.bias - torch.Size([256]): 
PretrainedInit: load from torchvision://resnet50 

backbone.layer3.0.conv2.weight - torch.Size([256, 256, 3, 3]): 
PretrainedInit: load from torchvision://resnet50 

backbone.layer3.0.bn2.weight - torch.Size([256]): 
PretrainedInit: load from torchvision://resnet50 

backbone.layer3.0.bn2.bias - torch.Size([256]): 
PretrainedInit: load from torchvision://resnet50 

backbone.layer3.0.conv3.weight - torch.Size([1024, 256, 1, 1]): 
PretrainedInit: load from torchvision://resnet50 

backbone.layer3.0.bn3.weight - torch.Size([1024]): 
PretrainedInit: load from torchvision://resnet50 

backbone.layer3.0.bn3.bias - torch.Size([1024]): 
PretrainedInit: load from torchvision://resnet50 

backbone.layer3.0.downsample.0.weight - torch.Size([1024, 512, 1, 1]): 
PretrainedInit: load from torchvision://resnet50 

backbone.layer3.0.downsample.1.weight - torch.Size([1024]): 
PretrainedInit: load from torchvision://resnet50 

backbone.layer3.0.downsample.1.bias - torch.Size([1024]): 
PretrainedInit: load from torchvision://resnet50 

backbone.layer3.1.conv1.weight - torch.Size([256, 1024, 1, 1]): 
PretrainedInit: load from torchvision://resnet50 

backbone.layer3.1.bn1.weight - torch.Size([256]): 
PretrainedInit: load from torchvision://resnet50 

backbone.layer3.1.bn1.bias - torch.Size([256]): 
PretrainedInit: load from torchvision://resnet50 

backbone.layer3.1.conv2.weight - torch.Size([256, 256, 3, 3]): 
PretrainedInit: load from torchvision://resnet50 

backbone.layer3.1.bn2.weight - torch.Size([256]): 
PretrainedInit: load from torchvision://resnet50 

backbone.layer3.1.bn2.bias - torch.Size([256]): 
PretrainedInit: load from torchvision://resnet50 

backbone.layer3.1.conv3.weight - torch.Size([1024, 256, 1, 1]): 
PretrainedInit: load from torchvision://resnet50 

backbone.layer3.1.bn3.weight - torch.Size([1024]): 
PretrainedInit: load from torchvision://resnet50 

backbone.layer3.1.bn3.bias - torch.Size([1024]): 
PretrainedInit: load from torchvision://resnet50 

backbone.layer3.2.conv1.weight - torch.Size([256, 1024, 1, 1]): 
PretrainedInit: load from torchvision://resnet50 

backbone.layer3.2.bn1.weight - torch.Size([256]): 
PretrainedInit: load from torchvision://resnet50 

backbone.layer3.2.bn1.bias - torch.Size([256]): 
PretrainedInit: load from torchvision://resnet50 

backbone.layer3.2.conv2.weight - torch.Size([256, 256, 3, 3]): 
PretrainedInit: load from torchvision://resnet50 

backbone.layer3.2.bn2.weight - torch.Size([256]): 
PretrainedInit: load from torchvision://resnet50 

backbone.layer3.2.bn2.bias - torch.Size([256]): 
PretrainedInit: load from torchvision://resnet50 

backbone.layer3.2.conv3.weight - torch.Size([1024, 256, 1, 1]): 
PretrainedInit: load from torchvision://resnet50 

backbone.layer3.2.bn3.weight - torch.Size([1024]): 
PretrainedInit: load from torchvision://resnet50 

backbone.layer3.2.bn3.bias - torch.Size([1024]): 
PretrainedInit: load from torchvision://resnet50 

backbone.layer3.3.conv1.weight - torch.Size([256, 1024, 1, 1]): 
PretrainedInit: load from torchvision://resnet50 

backbone.layer3.3.bn1.weight - torch.Size([256]): 
PretrainedInit: load from torchvision://resnet50 

backbone.layer3.3.bn1.bias - torch.Size([256]): 
PretrainedInit: load from torchvision://resnet50 

backbone.layer3.3.conv2.weight - torch.Size([256, 256, 3, 3]): 
PretrainedInit: load from torchvision://resnet50 

backbone.layer3.3.bn2.weight - torch.Size([256]): 
PretrainedInit: load from torchvision://resnet50 

backbone.layer3.3.bn2.bias - torch.Size([256]): 
PretrainedInit: load from torchvision://resnet50 

backbone.layer3.3.conv3.weight - torch.Size([1024, 256, 1, 1]): 
PretrainedInit: load from torchvision://resnet50 

backbone.layer3.3.bn3.weight - torch.Size([1024]): 
PretrainedInit: load from torchvision://resnet50 

backbone.layer3.3.bn3.bias - torch.Size([1024]): 
PretrainedInit: load from torchvision://resnet50 

backbone.layer3.4.conv1.weight - torch.Size([256, 1024, 1, 1]): 
PretrainedInit: load from torchvision://resnet50 

backbone.layer3.4.bn1.weight - torch.Size([256]): 
PretrainedInit: load from torchvision://resnet50 

backbone.layer3.4.bn1.bias - torch.Size([256]): 
PretrainedInit: load from torchvision://resnet50 

backbone.layer3.4.conv2.weight - torch.Size([256, 256, 3, 3]): 
PretrainedInit: load from torchvision://resnet50 

backbone.layer3.4.bn2.weight - torch.Size([256]): 
PretrainedInit: load from torchvision://resnet50 

backbone.layer3.4.bn2.bias - torch.Size([256]): 
PretrainedInit: load from torchvision://resnet50 

backbone.layer3.4.conv3.weight - torch.Size([1024, 256, 1, 1]): 
PretrainedInit: load from torchvision://resnet50 

backbone.layer3.4.bn3.weight - torch.Size([1024]): 
PretrainedInit: load from torchvision://resnet50 

backbone.layer3.4.bn3.bias - torch.Size([1024]): 
PretrainedInit: load from torchvision://resnet50 

backbone.layer3.5.conv1.weight - torch.Size([256, 1024, 1, 1]): 
PretrainedInit: load from torchvision://resnet50 

backbone.layer3.5.bn1.weight - torch.Size([256]): 
PretrainedInit: load from torchvision://resnet50 

backbone.layer3.5.bn1.bias - torch.Size([256]): 
PretrainedInit: load from torchvision://resnet50 

backbone.layer3.5.conv2.weight - torch.Size([256, 256, 3, 3]): 
PretrainedInit: load from torchvision://resnet50 

backbone.layer3.5.bn2.weight - torch.Size([256]): 
PretrainedInit: load from torchvision://resnet50 

backbone.layer3.5.bn2.bias - torch.Size([256]): 
PretrainedInit: load from torchvision://resnet50 

backbone.layer3.5.conv3.weight - torch.Size([1024, 256, 1, 1]): 
PretrainedInit: load from torchvision://resnet50 

backbone.layer3.5.bn3.weight - torch.Size([1024]): 
PretrainedInit: load from torchvision://resnet50 

backbone.layer3.5.bn3.bias - torch.Size([1024]): 
PretrainedInit: load from torchvision://resnet50 

backbone.layer4.0.conv1.weight - torch.Size([512, 1024, 1, 1]): 
PretrainedInit: load from torchvision://resnet50 

backbone.layer4.0.bn1.weight - torch.Size([512]): 
PretrainedInit: load from torchvision://resnet50 

backbone.layer4.0.bn1.bias - torch.Size([512]): 
PretrainedInit: load from torchvision://resnet50 

backbone.layer4.0.conv2.weight - torch.Size([512, 512, 3, 3]): 
PretrainedInit: load from torchvision://resnet50 

backbone.layer4.0.bn2.weight - torch.Size([512]): 
PretrainedInit: load from torchvision://resnet50 

backbone.layer4.0.bn2.bias - torch.Size([512]): 
PretrainedInit: load from torchvision://resnet50 

backbone.layer4.0.conv3.weight - torch.Size([2048, 512, 1, 1]): 
PretrainedInit: load from torchvision://resnet50 

backbone.layer4.0.bn3.weight - torch.Size([2048]): 
PretrainedInit: load from torchvision://resnet50 

backbone.layer4.0.bn3.bias - torch.Size([2048]): 
PretrainedInit: load from torchvision://resnet50 

backbone.layer4.0.downsample.0.weight - torch.Size([2048, 1024, 1, 1]): 
PretrainedInit: load from torchvision://resnet50 

backbone.layer4.0.downsample.1.weight - torch.Size([2048]): 
PretrainedInit: load from torchvision://resnet50 

backbone.layer4.0.downsample.1.bias - torch.Size([2048]): 
PretrainedInit: load from torchvision://resnet50 

backbone.layer4.1.conv1.weight - torch.Size([512, 2048, 1, 1]): 
PretrainedInit: load from torchvision://resnet50 

backbone.layer4.1.bn1.weight - torch.Size([512]): 
PretrainedInit: load from torchvision://resnet50 

backbone.layer4.1.bn1.bias - torch.Size([512]): 
PretrainedInit: load from torchvision://resnet50 

backbone.layer4.1.conv2.weight - torch.Size([512, 512, 3, 3]): 
PretrainedInit: load from torchvision://resnet50 

backbone.layer4.1.bn2.weight - torch.Size([512]): 
PretrainedInit: load from torchvision://resnet50 

backbone.layer4.1.bn2.bias - torch.Size([512]): 
PretrainedInit: load from torchvision://resnet50 

backbone.layer4.1.conv3.weight - torch.Size([2048, 512, 1, 1]): 
PretrainedInit: load from torchvision://resnet50 

backbone.layer4.1.bn3.weight - torch.Size([2048]): 
PretrainedInit: load from torchvision://resnet50 

backbone.layer4.1.bn3.bias - torch.Size([2048]): 
PretrainedInit: load from torchvision://resnet50 

backbone.layer4.2.conv1.weight - torch.Size([512, 2048, 1, 1]): 
PretrainedInit: load from torchvision://resnet50 

backbone.layer4.2.bn1.weight - torch.Size([512]): 
PretrainedInit: load from torchvision://resnet50 

backbone.layer4.2.bn1.bias - torch.Size([512]): 
PretrainedInit: load from torchvision://resnet50 

backbone.layer4.2.conv2.weight - torch.Size([512, 512, 3, 3]): 
PretrainedInit: load from torchvision://resnet50 

backbone.layer4.2.bn2.weight - torch.Size([512]): 
PretrainedInit: load from torchvision://resnet50 

backbone.layer4.2.bn2.bias - torch.Size([512]): 
PretrainedInit: load from torchvision://resnet50 

backbone.layer4.2.conv3.weight - torch.Size([2048, 512, 1, 1]): 
PretrainedInit: load from torchvision://resnet50 

backbone.layer4.2.bn3.weight - torch.Size([2048]): 
PretrainedInit: load from torchvision://resnet50 

backbone.layer4.2.bn3.bias - torch.Size([2048]): 
PretrainedInit: load from torchvision://resnet50 

neck.lateral_convs.0.conv.weight - torch.Size([256, 256, 1, 1]): 
XavierInit: gain=1, distribution=uniform, bias=0 

neck.lateral_convs.0.conv.bias - torch.Size([256]): 
The value is the same before and after calling `init_weights` of CascadeRCNN  

neck.lateral_convs.1.conv.weight - torch.Size([256, 512, 1, 1]): 
XavierInit: gain=1, distribution=uniform, bias=0 

neck.lateral_convs.1.conv.bias - torch.Size([256]): 
The value is the same before and after calling `init_weights` of CascadeRCNN  

neck.lateral_convs.2.conv.weight - torch.Size([256, 1024, 1, 1]): 
XavierInit: gain=1, distribution=uniform, bias=0 

neck.lateral_convs.2.conv.bias - torch.Size([256]): 
The value is the same before and after calling `init_weights` of CascadeRCNN  

neck.lateral_convs.3.conv.weight - torch.Size([256, 2048, 1, 1]): 
XavierInit: gain=1, distribution=uniform, bias=0 

neck.lateral_convs.3.conv.bias - torch.Size([256]): 
The value is the same before and after calling `init_weights` of CascadeRCNN  

neck.fpn_convs.0.conv.weight - torch.Size([256, 256, 3, 3]): 
XavierInit: gain=1, distribution=uniform, bias=0 

neck.fpn_convs.0.conv.bias - torch.Size([256]): 
The value is the same before and after calling `init_weights` of CascadeRCNN  

neck.fpn_convs.1.conv.weight - torch.Size([256, 256, 3, 3]): 
XavierInit: gain=1, distribution=uniform, bias=0 

neck.fpn_convs.1.conv.bias - torch.Size([256]): 
The value is the same before and after calling `init_weights` of CascadeRCNN  

neck.fpn_convs.2.conv.weight - torch.Size([256, 256, 3, 3]): 
XavierInit: gain=1, distribution=uniform, bias=0 

neck.fpn_convs.2.conv.bias - torch.Size([256]): 
The value is the same before and after calling `init_weights` of CascadeRCNN  

neck.fpn_convs.3.conv.weight - torch.Size([256, 256, 3, 3]): 
XavierInit: gain=1, distribution=uniform, bias=0 

neck.fpn_convs.3.conv.bias - torch.Size([256]): 
The value is the same before and after calling `init_weights` of CascadeRCNN  

rpn_head.rpn_conv.weight - torch.Size([256, 256, 3, 3]): 
NormalInit: mean=0, std=0.01, bias=0 

rpn_head.rpn_conv.bias - torch.Size([256]): 
NormalInit: mean=0, std=0.01, bias=0 

rpn_head.rpn_cls.weight - torch.Size([3, 256, 1, 1]): 
NormalInit: mean=0, std=0.01, bias=0 

rpn_head.rpn_cls.bias - torch.Size([3]): 
NormalInit: mean=0, std=0.01, bias=0 

rpn_head.rpn_reg.weight - torch.Size([12, 256, 1, 1]): 
NormalInit: mean=0, std=0.01, bias=0 

rpn_head.rpn_reg.bias - torch.Size([12]): 
NormalInit: mean=0, std=0.01, bias=0 

roi_head.bbox_head.0.fc_cls.weight - torch.Size([2, 1024]): 
NormalInit: mean=0, std=0.01, bias=0 

roi_head.bbox_head.0.fc_cls.bias - torch.Size([2]): 
NormalInit: mean=0, std=0.01, bias=0 

roi_head.bbox_head.0.fc_reg.weight - torch.Size([4, 1024]): 
NormalInit: mean=0, std=0.001, bias=0 

roi_head.bbox_head.0.fc_reg.bias - torch.Size([4]): 
NormalInit: mean=0, std=0.001, bias=0 

roi_head.bbox_head.0.shared_fcs.0.weight - torch.Size([1024, 12544]): 
XavierInit: gain=1, distribution=uniform, bias=0 

roi_head.bbox_head.0.shared_fcs.0.bias - torch.Size([1024]): 
XavierInit: gain=1, distribution=uniform, bias=0 

roi_head.bbox_head.0.shared_fcs.1.weight - torch.Size([1024, 1024]): 
XavierInit: gain=1, distribution=uniform, bias=0 

roi_head.bbox_head.0.shared_fcs.1.bias - torch.Size([1024]): 
XavierInit: gain=1, distribution=uniform, bias=0 

roi_head.bbox_head.1.fc_cls.weight - torch.Size([2, 1024]): 
NormalInit: mean=0, std=0.01, bias=0 

roi_head.bbox_head.1.fc_cls.bias - torch.Size([2]): 
NormalInit: mean=0, std=0.01, bias=0 

roi_head.bbox_head.1.fc_reg.weight - torch.Size([4, 1024]): 
NormalInit: mean=0, std=0.001, bias=0 

roi_head.bbox_head.1.fc_reg.bias - torch.Size([4]): 
NormalInit: mean=0, std=0.001, bias=0 

roi_head.bbox_head.1.shared_fcs.0.weight - torch.Size([1024, 12544]): 
XavierInit: gain=1, distribution=uniform, bias=0 

roi_head.bbox_head.1.shared_fcs.0.bias - torch.Size([1024]): 
XavierInit: gain=1, distribution=uniform, bias=0 

roi_head.bbox_head.1.shared_fcs.1.weight - torch.Size([1024, 1024]): 
XavierInit: gain=1, distribution=uniform, bias=0 

roi_head.bbox_head.1.shared_fcs.1.bias - torch.Size([1024]): 
XavierInit: gain=1, distribution=uniform, bias=0 

roi_head.bbox_head.2.fc_cls.weight - torch.Size([2, 1024]): 
NormalInit: mean=0, std=0.01, bias=0 

roi_head.bbox_head.2.fc_cls.bias - torch.Size([2]): 
NormalInit: mean=0, std=0.01, bias=0 

roi_head.bbox_head.2.fc_reg.weight - torch.Size([4, 1024]): 
NormalInit: mean=0, std=0.001, bias=0 

roi_head.bbox_head.2.fc_reg.bias - torch.Size([4]): 
NormalInit: mean=0, std=0.001, bias=0 

roi_head.bbox_head.2.shared_fcs.0.weight - torch.Size([1024, 12544]): 
XavierInit: gain=1, distribution=uniform, bias=0 

roi_head.bbox_head.2.shared_fcs.0.bias - torch.Size([1024]): 
XavierInit: gain=1, distribution=uniform, bias=0 

roi_head.bbox_head.2.shared_fcs.1.weight - torch.Size([1024, 1024]): 
XavierInit: gain=1, distribution=uniform, bias=0 

roi_head.bbox_head.2.shared_fcs.1.bias - torch.Size([1024]): 
XavierInit: gain=1, distribution=uniform, bias=0 

roi_head.mask_head.0.convs.0.conv.weight - torch.Size([256, 256, 3, 3]): 
The value is the same before and after calling `init_weights` of CascadeRCNN  

roi_head.mask_head.0.convs.0.conv.bias - torch.Size([256]): 
The value is the same before and after calling `init_weights` of CascadeRCNN  

roi_head.mask_head.0.convs.1.conv.weight - torch.Size([256, 256, 3, 3]): 
The value is the same before and after calling `init_weights` of CascadeRCNN  

roi_head.mask_head.0.convs.1.conv.bias - torch.Size([256]): 
The value is the same before and after calling `init_weights` of CascadeRCNN  

roi_head.mask_head.0.convs.2.conv.weight - torch.Size([256, 256, 3, 3]): 
The value is the same before and after calling `init_weights` of CascadeRCNN  

roi_head.mask_head.0.convs.2.conv.bias - torch.Size([256]): 
The value is the same before and after calling `init_weights` of CascadeRCNN  

roi_head.mask_head.0.convs.3.conv.weight - torch.Size([256, 256, 3, 3]): 
The value is the same before and after calling `init_weights` of CascadeRCNN  

roi_head.mask_head.0.convs.3.conv.bias - torch.Size([256]): 
The value is the same before and after calling `init_weights` of CascadeRCNN  

roi_head.mask_head.0.upsample.weight - torch.Size([256, 256, 2, 2]): 
The value is the same before and after calling `init_weights` of CascadeRCNN  

roi_head.mask_head.0.upsample.bias - torch.Size([256]): 
The value is the same before and after calling `init_weights` of CascadeRCNN  

roi_head.mask_head.0.conv_logits.weight - torch.Size([1, 256, 1, 1]): 
The value is the same before and after calling `init_weights` of CascadeRCNN  

roi_head.mask_head.0.conv_logits.bias - torch.Size([1]): 
The value is the same before and after calling `init_weights` of CascadeRCNN  

roi_head.mask_head.1.convs.0.conv.weight - torch.Size([256, 256, 3, 3]): 
The value is the same before and after calling `init_weights` of CascadeRCNN  

roi_head.mask_head.1.convs.0.conv.bias - torch.Size([256]): 
The value is the same before and after calling `init_weights` of CascadeRCNN  

roi_head.mask_head.1.convs.1.conv.weight - torch.Size([256, 256, 3, 3]): 
The value is the same before and after calling `init_weights` of CascadeRCNN  

roi_head.mask_head.1.convs.1.conv.bias - torch.Size([256]): 
The value is the same before and after calling `init_weights` of CascadeRCNN  

roi_head.mask_head.1.convs.2.conv.weight - torch.Size([256, 256, 3, 3]): 
The value is the same before and after calling `init_weights` of CascadeRCNN  

roi_head.mask_head.1.convs.2.conv.bias - torch.Size([256]): 
The value is the same before and after calling `init_weights` of CascadeRCNN  

roi_head.mask_head.1.convs.3.conv.weight - torch.Size([256, 256, 3, 3]): 
The value is the same before and after calling `init_weights` of CascadeRCNN  

roi_head.mask_head.1.convs.3.conv.bias - torch.Size([256]): 
The value is the same before and after calling `init_weights` of CascadeRCNN  

roi_head.mask_head.1.upsample.weight - torch.Size([256, 256, 2, 2]): 
The value is the same before and after calling `init_weights` of CascadeRCNN  

roi_head.mask_head.1.upsample.bias - torch.Size([256]): 
The value is the same before and after calling `init_weights` of CascadeRCNN  

roi_head.mask_head.1.conv_logits.weight - torch.Size([1, 256, 1, 1]): 
The value is the same before and after calling `init_weights` of CascadeRCNN  

roi_head.mask_head.1.conv_logits.bias - torch.Size([1]): 
The value is the same before and after calling `init_weights` of CascadeRCNN  

roi_head.mask_head.2.convs.0.conv.weight - torch.Size([256, 256, 3, 3]): 
The value is the same before and after calling `init_weights` of CascadeRCNN  

roi_head.mask_head.2.convs.0.conv.bias - torch.Size([256]): 
The value is the same before and after calling `init_weights` of CascadeRCNN  

roi_head.mask_head.2.convs.1.conv.weight - torch.Size([256, 256, 3, 3]): 
The value is the same before and after calling `init_weights` of CascadeRCNN  

roi_head.mask_head.2.convs.1.conv.bias - torch.Size([256]): 
The value is the same before and after calling `init_weights` of CascadeRCNN  

roi_head.mask_head.2.convs.2.conv.weight - torch.Size([256, 256, 3, 3]): 
The value is the same before and after calling `init_weights` of CascadeRCNN  

roi_head.mask_head.2.convs.2.conv.bias - torch.Size([256]): 
The value is the same before and after calling `init_weights` of CascadeRCNN  

roi_head.mask_head.2.convs.3.conv.weight - torch.Size([256, 256, 3, 3]): 
The value is the same before and after calling `init_weights` of CascadeRCNN  

roi_head.mask_head.2.convs.3.conv.bias - torch.Size([256]): 
The value is the same before and after calling `init_weights` of CascadeRCNN  

roi_head.mask_head.2.upsample.weight - torch.Size([256, 256, 2, 2]): 
The value is the same before and after calling `init_weights` of CascadeRCNN  

roi_head.mask_head.2.upsample.bias - torch.Size([256]): 
The value is the same before and after calling `init_weights` of CascadeRCNN  

roi_head.mask_head.2.conv_logits.weight - torch.Size([1, 256, 1, 1]): 
The value is the same before and after calling `init_weights` of CascadeRCNN  

roi_head.mask_head.2.conv_logits.bias - torch.Size([1]): 
The value is the same before and after calling `init_weights` of CascadeRCNN  
2024/01/14 22:03:25 - mmengine - INFO - Auto resumed from the latest checkpoint None.
2024/01/14 22:03:25 - mmengine - WARNING - "FileClient" will be deprecated in future. Please use io functions in https://mmengine.readthedocs.io/en/latest/api/fileio.html#file-io
2024/01/14 22:03:25 - mmengine - WARNING - "HardDiskBackend" is the alias of "LocalBackend" and the former will be deprecated in future.
2024/01/14 22:03:25 - mmengine - INFO - Checkpoints will be saved to /home/hasnatpie/thesis01/results_default20.
2024/01/14 22:03:38 - mmengine - INFO - Epoch(train)  [1][  50/1713]  lr: 1.9820e-03  eta: 2:29:51  time: 0.2628  data_time: 0.0107  memory: 1816  loss: 2.0898  loss_rpn_cls: 0.4056  loss_rpn_bbox: 0.0626  s0.loss_cls: 0.2323  s0.acc: 94.9219  s0.loss_bbox: 0.0770  s0.loss_mask: 0.6559  s1.loss_cls: 0.1100  s1.acc: 98.0469  s1.loss_bbox: 0.0196  s1.loss_mask: 0.3196  s2.loss_cls: 0.0466  s2.acc: 98.4375  s2.loss_bbox: 0.0026  s2.loss_mask: 0.1580
2024/01/14 22:03:47 - mmengine - INFO - Epoch(train)  [1][ 100/1713]  lr: 3.9840e-03  eta: 2:08:41  time: 0.1892  data_time: 0.0077  memory: 1949  loss: 1.9328  loss_rpn_cls: 0.0804  loss_rpn_bbox: 0.0505  s0.loss_cls: 0.2658  s0.acc: 97.8516  s0.loss_bbox: 0.2516  s0.loss_mask: 0.6246  s1.loss_cls: 0.0860  s1.acc: 99.2188  s1.loss_bbox: 0.0842  s1.loss_mask: 0.3064  s2.loss_cls: 0.0237  s2.acc: 99.4141  s2.loss_bbox: 0.0109  s2.loss_mask: 0.1487
2024/01/14 22:03:57 - mmengine - INFO - Epoch(train)  [1][ 150/1713]  lr: 5.9860e-03  eta: 2:01:32  time: 0.1893  data_time: 0.0072  memory: 1890  loss: 1.8700  loss_rpn_cls: 0.0674  loss_rpn_bbox: 0.0565  s0.loss_cls: 0.2469  s0.acc: 93.7500  s0.loss_bbox: 0.2521  s0.loss_mask: 0.5616  s1.loss_cls: 0.0973  s1.acc: 97.8516  s1.loss_bbox: 0.1201  s1.loss_mask: 0.2771  s2.loss_cls: 0.0295  s2.acc: 99.0234  s2.loss_bbox: 0.0196  s2.loss_mask: 0.1419
2024/01/14 22:04:07 - mmengine - INFO - Epoch(train)  [1][ 200/1713]  lr: 7.9880e-03  eta: 1:59:52  time: 0.2033  data_time: 0.0087  memory: 2083  loss: 2.1391  loss_rpn_cls: 0.0749  loss_rpn_bbox: 0.0661  s0.loss_cls: 0.2542  s0.acc: 91.6016  s0.loss_bbox: 0.2586  s0.loss_mask: 0.7386  s1.loss_cls: 0.1061  s1.acc: 94.7266  s1.loss_bbox: 0.1524  s1.loss_mask: 0.2808  s2.loss_cls: 0.0374  s2.acc: 96.6797  s2.loss_bbox: 0.0332  s2.loss_mask: 0.1369
2024/01/14 22:04:17 - mmengine - INFO - Epoch(train)  [1][ 250/1713]  lr: 9.9900e-03  eta: 1:59:06  time: 0.2059  data_time: 0.0075  memory: 2227  loss: 1.8824  loss_rpn_cls: 0.0410  loss_rpn_bbox: 0.0520  s0.loss_cls: 0.2402  s0.acc: 86.7188  s0.loss_bbox: 0.2440  s0.loss_mask: 0.5415  s1.loss_cls: 0.1160  s1.acc: 92.5781  s1.loss_bbox: 0.1900  s1.loss_mask: 0.2332  s2.loss_cls: 0.0443  s2.acc: 97.4609  s2.loss_bbox: 0.0615  s2.loss_mask: 0.1188
2024/01/14 22:04:28 - mmengine - INFO - Epoch(train)  [1][ 300/1713]  lr: 1.1992e-02  eta: 1:58:32  time: 0.2060  data_time: 0.0074  memory: 2324  loss: 1.7464  loss_rpn_cls: 0.0300  loss_rpn_bbox: 0.0465  s0.loss_cls: 0.2243  s0.acc: 92.5781  s0.loss_bbox: 0.2521  s0.loss_mask: 0.4167  s1.loss_cls: 0.1096  s1.acc: 92.5781  s1.loss_bbox: 0.2157  s1.loss_mask: 0.2154  s2.loss_cls: 0.0476  s2.acc: 91.9922  s2.loss_bbox: 0.0776  s2.loss_mask: 0.1108
2024/01/14 22:04:38 - mmengine - INFO - Epoch(train)  [1][ 350/1713]  lr: 1.3994e-02  eta: 1:58:07  time: 0.2065  data_time: 0.0068  memory: 2325  loss: 1.7030  loss_rpn_cls: 0.0359  loss_rpn_bbox: 0.0417  s0.loss_cls: 0.2275  s0.acc: 84.7656  s0.loss_bbox: 0.2520  s0.loss_mask: 0.3974  s1.loss_cls: 0.1160  s1.acc: 81.8359  s1.loss_bbox: 0.2109  s1.loss_mask: 0.2005  s2.loss_cls: 0.0509  s2.acc: 90.0391  s2.loss_bbox: 0.0735  s2.loss_mask: 0.0967
2024/01/14 22:04:49 - mmengine - INFO - Epoch(train)  [1][ 400/1713]  lr: 1.5996e-02  eta: 1:58:13  time: 0.2129  data_time: 0.0070  memory: 2339  loss: 1.7702  loss_rpn_cls: 0.0251  loss_rpn_bbox: 0.0424  s0.loss_cls: 0.2314  s0.acc: 86.3281  s0.loss_bbox: 0.2800  s0.loss_mask: 0.3935  s1.loss_cls: 0.1207  s1.acc: 84.5703  s1.loss_bbox: 0.2306  s1.loss_mask: 0.2028  s2.loss_cls: 0.0537  s2.acc: 86.5234  s2.loss_bbox: 0.0905  s2.loss_mask: 0.0996
2024/01/14 22:04:59 - mmengine - INFO - Epoch(train)  [1][ 450/1713]  lr: 1.7998e-02  eta: 1:58:32  time: 0.2173  data_time: 0.0079  memory: 2325  loss: 1.7863  loss_rpn_cls: 0.0415  loss_rpn_bbox: 0.0435  s0.loss_cls: 0.2591  s0.acc: 81.8359  s0.loss_bbox: 0.2664  s0.loss_mask: 0.3913  s1.loss_cls: 0.1235  s1.acc: 83.5938  s1.loss_bbox: 0.2251  s1.loss_mask: 0.1944  s2.loss_cls: 0.0525  s2.acc: 91.2109  s2.loss_bbox: 0.0936  s2.loss_mask: 0.0953
2024/01/14 22:05:10 - mmengine - INFO - Epoch(train)  [1][ 500/1713]  lr: 2.0000e-02  eta: 1:58:29  time: 0.2126  data_time: 0.0066  memory: 2395  loss: 1.6926  loss_rpn_cls: 0.0272  loss_rpn_bbox: 0.0397  s0.loss_cls: 0.2216  s0.acc: 91.4062  s0.loss_bbox: 0.2577  s0.loss_mask: 0.4025  s1.loss_cls: 0.1095  s1.acc: 89.8438  s1.loss_bbox: 0.2082  s1.loss_mask: 0.1938  s2.loss_cls: 0.0504  s2.acc: 90.8203  s2.loss_bbox: 0.0877  s2.loss_mask: 0.0943
2024/01/14 22:05:21 - mmengine - INFO - Epoch(train)  [1][ 550/1713]  lr: 2.0000e-02  eta: 1:58:19  time: 0.2106  data_time: 0.0072  memory: 2440  loss: 1.5668  loss_rpn_cls: 0.0310  loss_rpn_bbox: 0.0450  s0.loss_cls: 0.2003  s0.acc: 88.2812  s0.loss_bbox: 0.2299  s0.loss_mask: 0.3571  s1.loss_cls: 0.1016  s1.acc: 87.5000  s1.loss_bbox: 0.1990  s1.loss_mask: 0.1792  s2.loss_cls: 0.0482  s2.acc: 86.5234  s2.loss_bbox: 0.0901  s2.loss_mask: 0.0855
2024/01/14 22:05:32 - mmengine - INFO - Epoch(train)  [1][ 600/1713]  lr: 2.0000e-02  eta: 1:58:42  time: 0.2228  data_time: 0.0082  memory: 2507  loss: 1.6411  loss_rpn_cls: 0.0365  loss_rpn_bbox: 0.0388  s0.loss_cls: 0.2181  s0.acc: 97.4609  s0.loss_bbox: 0.2392  s0.loss_mask: 0.3645  s1.loss_cls: 0.1081  s1.acc: 96.4844  s1.loss_bbox: 0.2109  s1.loss_mask: 0.1788  s2.loss_cls: 0.0545  s2.acc: 89.0625  s2.loss_bbox: 0.1044  s2.loss_mask: 0.0872
2024/01/14 22:05:43 - mmengine - INFO - Epoch(train)  [1][ 650/1713]  lr: 2.0000e-02  eta: 1:59:04  time: 0.2242  data_time: 0.0078  memory: 2371  loss: 1.6382  loss_rpn_cls: 0.0283  loss_rpn_bbox: 0.0439  s0.loss_cls: 0.2062  s0.acc: 91.0156  s0.loss_bbox: 0.2552  s0.loss_mask: 0.3562  s1.loss_cls: 0.1072  s1.acc: 94.3359  s1.loss_bbox: 0.2231  s1.loss_mask: 0.1764  s2.loss_cls: 0.0519  s2.acc: 94.7266  s2.loss_bbox: 0.1061  s2.loss_mask: 0.0838
2024/01/14 22:05:54 - mmengine - INFO - Epoch(train)  [1][ 700/1713]  lr: 2.0000e-02  eta: 1:59:19  time: 0.2230  data_time: 0.0067  memory: 2484  loss: 1.6133  loss_rpn_cls: 0.0221  loss_rpn_bbox: 0.0316  s0.loss_cls: 0.2054  s0.acc: 85.7422  s0.loss_bbox: 0.2514  s0.loss_mask: 0.3550  s1.loss_cls: 0.1059  s1.acc: 86.1328  s1.loss_bbox: 0.2246  s1.loss_mask: 0.1733  s2.loss_cls: 0.0517  s2.acc: 89.0625  s2.loss_bbox: 0.1104  s2.loss_mask: 0.0818
2024/01/14 22:06:06 - mmengine - INFO - Epoch(train)  [1][ 750/1713]  lr: 2.0000e-02  eta: 1:59:44  time: 0.2296  data_time: 0.0071  memory: 2487  loss: 1.6083  loss_rpn_cls: 0.0227  loss_rpn_bbox: 0.0304  s0.loss_cls: 0.1996  s0.acc: 91.7969  s0.loss_bbox: 0.2520  s0.loss_mask: 0.3324  s1.loss_cls: 0.1046  s1.acc: 95.6000  s1.loss_bbox: 0.2443  s1.loss_mask: 0.1661  s2.loss_cls: 0.0548  s2.acc: 93.6128  s2.loss_bbox: 0.1225  s2.loss_mask: 0.0789
2024/01/14 22:06:17 - mmengine - INFO - Epoch(train)  [1][ 800/1713]  lr: 2.0000e-02  eta: 2:00:01  time: 0.2274  data_time: 0.0068  memory: 2479  loss: 1.4752  loss_rpn_cls: 0.0256  loss_rpn_bbox: 0.0275  s0.loss_cls: 0.1807  s0.acc: 93.1641  s0.loss_bbox: 0.2219  s0.loss_mask: 0.3133  s1.loss_cls: 0.0938  s1.acc: 96.0417  s1.loss_bbox: 0.2149  s1.loss_mask: 0.1563  s2.loss_cls: 0.0506  s2.acc: 93.5282  s2.loss_bbox: 0.1160  s2.loss_mask: 0.0746
2024/01/14 22:06:28 - mmengine - INFO - Epoch(train)  [1][ 850/1713]  lr: 2.0000e-02  eta: 2:00:06  time: 0.2233  data_time: 0.0066  memory: 2416  loss: 1.4258  loss_rpn_cls: 0.0223  loss_rpn_bbox: 0.0329  s0.loss_cls: 0.1746  s0.acc: 92.5781  s0.loss_bbox: 0.2146  s0.loss_mask: 0.3075  s1.loss_cls: 0.0940  s1.acc: 91.0156  s1.loss_bbox: 0.2009  s1.loss_mask: 0.1527  s2.loss_cls: 0.0487  s2.acc: 89.4531  s2.loss_bbox: 0.1063  s2.loss_mask: 0.0715
2024/01/14 22:06:39 - mmengine - INFO - Epoch(train)  [1][ 900/1713]  lr: 2.0000e-02  eta: 2:00:12  time: 0.2249  data_time: 0.0068  memory: 2505  loss: 1.5032  loss_rpn_cls: 0.0255  loss_rpn_bbox: 0.0272  s0.loss_cls: 0.1854  s0.acc: 87.5000  s0.loss_bbox: 0.2218  s0.loss_mask: 0.3248  s1.loss_cls: 0.0958  s1.acc: 90.4297  s1.loss_bbox: 0.2205  s1.loss_mask: 0.1596  s2.loss_cls: 0.0492  s2.acc: 92.5781  s2.loss_bbox: 0.1150  s2.loss_mask: 0.0783
2024/01/14 22:06:51 - mmengine - INFO - Epoch(train)  [1][ 950/1713]  lr: 2.0000e-02  eta: 2:00:17  time: 0.2252  data_time: 0.0074  memory: 2504  loss: 1.4958  loss_rpn_cls: 0.0225  loss_rpn_bbox: 0.0308  s0.loss_cls: 0.1919  s0.acc: 96.0938  s0.loss_bbox: 0.2276  s0.loss_mask: 0.3176  s1.loss_cls: 0.0940  s1.acc: 94.9219  s1.loss_bbox: 0.2198  s1.loss_mask: 0.1572  s2.loss_cls: 0.0486  s2.acc: 94.5312  s2.loss_bbox: 0.1111  s2.loss_mask: 0.0749
2024/01/14 22:07:02 - mmengine - INFO - Exp name: instance_20240114_220316
2024/01/14 22:07:02 - mmengine - INFO - Epoch(train)  [1][1000/1713]  lr: 2.0000e-02  eta: 2:00:18  time: 0.2237  data_time: 0.0068  memory: 2507  loss: 1.3812  loss_rpn_cls: 0.0226  loss_rpn_bbox: 0.0320  s0.loss_cls: 0.1646  s0.acc: 94.3359  s0.loss_bbox: 0.1937  s0.loss_mask: 0.3077  s1.loss_cls: 0.0808  s1.acc: 91.6016  s1.loss_bbox: 0.2000  s1.loss_mask: 0.1526  s2.loss_cls: 0.0432  s2.acc: 89.4531  s2.loss_bbox: 0.1108  s2.loss_mask: 0.0731
2024/01/14 22:07:13 - mmengine - INFO - Epoch(train)  [1][1050/1713]  lr: 2.0000e-02  eta: 2:00:23  time: 0.2270  data_time: 0.0069  memory: 2478  loss: 1.5103  loss_rpn_cls: 0.0298  loss_rpn_bbox: 0.0294  s0.loss_cls: 0.1887  s0.acc: 92.5781  s0.loss_bbox: 0.2158  s0.loss_mask: 0.3354  s1.loss_cls: 0.0970  s1.acc: 92.9688  s1.loss_bbox: 0.2088  s1.loss_mask: 0.1630  s2.loss_cls: 0.0505  s2.acc: 93.1641  s2.loss_bbox: 0.1123  s2.loss_mask: 0.0795
2024/01/14 22:07:24 - mmengine - INFO - Epoch(train)  [1][1100/1713]  lr: 2.0000e-02  eta: 2:00:25  time: 0.2259  data_time: 0.0069  memory: 2494  loss: 1.4447  loss_rpn_cls: 0.0267  loss_rpn_bbox: 0.0326  s0.loss_cls: 0.1820  s0.acc: 86.3281  s0.loss_bbox: 0.2035  s0.loss_mask: 0.3188  s1.loss_cls: 0.0896  s1.acc: 85.5469  s1.loss_bbox: 0.2015  s1.loss_mask: 0.1572  s2.loss_cls: 0.0457  s2.acc: 81.0547  s2.loss_bbox: 0.1110  s2.loss_mask: 0.0761
2024/01/14 22:07:36 - mmengine - INFO - Epoch(train)  [1][1150/1713]  lr: 2.0000e-02  eta: 2:00:28  time: 0.2277  data_time: 0.0076  memory: 2507  loss: 1.4060  loss_rpn_cls: 0.0229  loss_rpn_bbox: 0.0281  s0.loss_cls: 0.1801  s0.acc: 94.7266  s0.loss_bbox: 0.1972  s0.loss_mask: 0.2979  s1.loss_cls: 0.0924  s1.acc: 95.5414  s1.loss_bbox: 0.2073  s1.loss_mask: 0.1452  s2.loss_cls: 0.0492  s2.acc: 94.2675  s2.loss_bbox: 0.1157  s2.loss_mask: 0.0701
2024/01/14 22:07:47 - mmengine - INFO - Epoch(train)  [1][1200/1713]  lr: 2.0000e-02  eta: 2:00:24  time: 0.2231  data_time: 0.0074  memory: 2505  loss: 1.3681  loss_rpn_cls: 0.0193  loss_rpn_bbox: 0.0237  s0.loss_cls: 0.1647  s0.acc: 97.6562  s0.loss_bbox: 0.1844  s0.loss_mask: 0.3106  s1.loss_cls: 0.0843  s1.acc: 96.2891  s1.loss_bbox: 0.1946  s1.loss_mask: 0.1565  s2.loss_cls: 0.0450  s2.acc: 96.2891  s2.loss_bbox: 0.1092  s2.loss_mask: 0.0758
2024/01/14 22:07:59 - mmengine - INFO - Epoch(train)  [1][1250/1713]  lr: 2.0000e-02  eta: 2:00:28  time: 0.2302  data_time: 0.0073  memory: 2507  loss: 1.4757  loss_rpn_cls: 0.0284  loss_rpn_bbox: 0.0318  s0.loss_cls: 0.1861  s0.acc: 94.3359  s0.loss_bbox: 0.2138  s0.loss_mask: 0.3146  s1.loss_cls: 0.0934  s1.acc: 94.5312  s1.loss_bbox: 0.2162  s1.loss_mask: 0.1499  s2.loss_cls: 0.0488  s2.acc: 93.9453  s2.loss_bbox: 0.1208  s2.loss_mask: 0.0719
2024/01/14 22:08:10 - mmengine - INFO - Epoch(train)  [1][1300/1713]  lr: 2.0000e-02  eta: 2:00:33  time: 0.2313  data_time: 0.0074  memory: 2504  loss: 1.3660  loss_rpn_cls: 0.0266  loss_rpn_bbox: 0.0284  s0.loss_cls: 0.1665  s0.acc: 92.3828  s0.loss_bbox: 0.1899  s0.loss_mask: 0.3082  s1.loss_cls: 0.0821  s1.acc: 87.6953  s1.loss_bbox: 0.1910  s1.loss_mask: 0.1502  s2.loss_cls: 0.0424  s2.acc: 88.6719  s2.loss_bbox: 0.1079  s2.loss_mask: 0.0729
2024/01/14 22:08:22 - mmengine - INFO - Epoch(train)  [1][1350/1713]  lr: 2.0000e-02  eta: 2:00:33  time: 0.2286  data_time: 0.0069  memory: 2506  loss: 1.4071  loss_rpn_cls: 0.0237  loss_rpn_bbox: 0.0252  s0.loss_cls: 0.1770  s0.acc: 92.9688  s0.loss_bbox: 0.1995  s0.loss_mask: 0.3030  s1.loss_cls: 0.0889  s1.acc: 91.9922  s1.loss_bbox: 0.2076  s1.loss_mask: 0.1510  s2.loss_cls: 0.0471  s2.acc: 93.1641  s2.loss_bbox: 0.1130  s2.loss_mask: 0.0710
2024/01/14 22:08:33 - mmengine - INFO - Epoch(train)  [1][1400/1713]  lr: 2.0000e-02  eta: 2:00:25  time: 0.2226  data_time: 0.0066  memory: 2505  loss: 1.3559  loss_rpn_cls: 0.0174  loss_rpn_bbox: 0.0266  s0.loss_cls: 0.1534  s0.acc: 95.7031  s0.loss_bbox: 0.1924  s0.loss_mask: 0.3058  s1.loss_cls: 0.0796  s1.acc: 93.9453  s1.loss_bbox: 0.1988  s1.loss_mask: 0.1539  s2.loss_cls: 0.0441  s2.acc: 93.9453  s2.loss_bbox: 0.1106  s2.loss_mask: 0.0733
2024/01/14 22:08:44 - mmengine - INFO - Epoch(train)  [1][1450/1713]  lr: 2.0000e-02  eta: 2:00:29  time: 0.2327  data_time: 0.0077  memory: 2484  loss: 1.4117  loss_rpn_cls: 0.0226  loss_rpn_bbox: 0.0317  s0.loss_cls: 0.1652  s0.acc: 96.6797  s0.loss_bbox: 0.2082  s0.loss_mask: 0.3007  s1.loss_cls: 0.0866  s1.acc: 98.1707  s1.loss_bbox: 0.2129  s1.loss_mask: 0.1483  s2.loss_cls: 0.0462  s2.acc: 98.7705  s2.loss_bbox: 0.1197  s2.loss_mask: 0.0697
2024/01/14 22:08:56 - mmengine - INFO - Epoch(train)  [1][1500/1713]  lr: 2.0000e-02  eta: 2:00:30  time: 0.2315  data_time: 0.0078  memory: 2505  loss: 1.4124  loss_rpn_cls: 0.0202  loss_rpn_bbox: 0.0317  s0.loss_cls: 0.1656  s0.acc: 92.5781  s0.loss_bbox: 0.1972  s0.loss_mask: 0.3251  s1.loss_cls: 0.0818  s1.acc: 95.3782  s1.loss_bbox: 0.1991  s1.loss_mask: 0.1589  s2.loss_cls: 0.0448  s2.acc: 89.7826  s2.loss_bbox: 0.1140  s2.loss_mask: 0.0739
2024/01/14 22:09:07 - mmengine - INFO - Epoch(train)  [1][1550/1713]  lr: 2.0000e-02  eta: 2:00:26  time: 0.2273  data_time: 0.0065  memory: 2504  loss: 1.2817  loss_rpn_cls: 0.0209  loss_rpn_bbox: 0.0227  s0.loss_cls: 0.1515  s0.acc: 93.5547  s0.loss_bbox: 0.1781  s0.loss_mask: 0.2821  s1.loss_cls: 0.0769  s1.acc: 95.1172  s1.loss_bbox: 0.1892  s1.loss_mask: 0.1402  s2.loss_cls: 0.0425  s2.acc: 95.1172  s2.loss_bbox: 0.1104  s2.loss_mask: 0.0671
2024/01/14 22:09:19 - mmengine - INFO - Epoch(train)  [1][1600/1713]  lr: 2.0000e-02  eta: 2:00:23  time: 0.2293  data_time: 0.0067  memory: 2474  loss: 1.3437  loss_rpn_cls: 0.0232  loss_rpn_bbox: 0.0261  s0.loss_cls: 0.1545  s0.acc: 91.2109  s0.loss_bbox: 0.1876  s0.loss_mask: 0.2996  s1.loss_cls: 0.0781  s1.acc: 93.6605  s1.loss_bbox: 0.1985  s1.loss_mask: 0.1486  s2.loss_cls: 0.0432  s2.acc: 92.1971  s2.loss_bbox: 0.1155  s2.loss_mask: 0.0687
2024/01/14 22:09:30 - mmengine - INFO - Epoch(train)  [1][1650/1713]  lr: 2.0000e-02  eta: 2:00:22  time: 0.2307  data_time: 0.0075  memory: 2506  loss: 1.2895  loss_rpn_cls: 0.0265  loss_rpn_bbox: 0.0288  s0.loss_cls: 0.1660  s0.acc: 95.7031  s0.loss_bbox: 0.1775  s0.loss_mask: 0.2658  s1.loss_cls: 0.0772  s1.acc: 98.8281  s1.loss_bbox: 0.1944  s1.loss_mask: 0.1317  s2.loss_cls: 0.0436  s2.acc: 94.9219  s2.loss_bbox: 0.1135  s2.loss_mask: 0.0645
2024/01/14 22:09:42 - mmengine - INFO - Epoch(train)  [1][1700/1713]  lr: 2.0000e-02  eta: 2:00:15  time: 0.2263  data_time: 0.0066  memory: 2504  loss: 1.2345  loss_rpn_cls: 0.0195  loss_rpn_bbox: 0.0235  s0.loss_cls: 0.1498  s0.acc: 88.8672  s0.loss_bbox: 0.1645  s0.loss_mask: 0.2723  s1.loss_cls: 0.0737  s1.acc: 94.5674  s1.loss_bbox: 0.1807  s1.loss_mask: 0.1345  s2.loss_cls: 0.0412  s2.acc: 92.7125  s2.loss_bbox: 0.1104  s2.loss_mask: 0.0644
2024/01/14 22:09:44 - mmengine - INFO - Exp name: instance_20240114_220316
2024/01/14 22:09:49 - mmengine - INFO - Epoch(val)  [1][50/71]    eta: 0:00:02  time: 0.0977  data_time: 0.0085  memory: 2387  
2024/01/14 22:09:51 - mmengine - INFO - Evaluating bbox...
2024/01/14 22:09:51 - mmengine - INFO - bbox_mAP_copypaste: 0.502 0.840 0.542 0.484 0.533 -1.000
2024/01/14 22:09:51 - mmengine - INFO - Epoch(val) [1][71/71]    coco/bbox_mAP: 0.5020  coco/bbox_mAP_50: 0.8400  coco/bbox_mAP_75: 0.5420  coco/bbox_mAP_s: 0.4840  coco/bbox_mAP_m: 0.5330  coco/bbox_mAP_l: -1.0000  data_time: 0.0075  time: 0.0939
2024/01/14 22:09:53 - mmengine - INFO - The best checkpoint with 0.5020 coco/bbox_mAP at 1 epoch is saved to best_coco_bbox_mAP_epoch_1.pth.
2024/01/14 22:10:05 - mmengine - INFO - Epoch(train)  [2][  50/1713]  lr: 2.0000e-02  eta: 2:00:17  time: 0.2394  data_time: 0.0080  memory: 2506  loss: 1.3410  loss_rpn_cls: 0.0172  loss_rpn_bbox: 0.0283  s0.loss_cls: 0.1557  s0.acc: 96.8750  s0.loss_bbox: 0.1956  s0.loss_mask: 0.2843  s1.loss_cls: 0.0773  s1.acc: 97.2656  s1.loss_bbox: 0.2108  s1.loss_mask: 0.1443  s2.loss_cls: 0.0445  s2.acc: 97.2656  s2.loss_bbox: 0.1151  s2.loss_mask: 0.0679
2024/01/14 22:10:16 - mmengine - INFO - Epoch(train)  [2][ 100/1713]  lr: 2.0000e-02  eta: 2:00:09  time: 0.2254  data_time: 0.0068  memory: 2504  loss: 1.3536  loss_rpn_cls: 0.0221  loss_rpn_bbox: 0.0297  s0.loss_cls: 0.1707  s0.acc: 94.1406  s0.loss_bbox: 0.1857  s0.loss_mask: 0.2976  s1.loss_cls: 0.0850  s1.acc: 91.7969  s1.loss_bbox: 0.1907  s1.loss_mask: 0.1478  s2.loss_cls: 0.0452  s2.acc: 89.6484  s2.loss_bbox: 0.1098  s2.loss_mask: 0.0693
2024/01/14 22:10:27 - mmengine - INFO - Epoch(train)  [2][ 150/1713]  lr: 2.0000e-02  eta: 2:00:02  time: 0.2272  data_time: 0.0067  memory: 2505  loss: 1.2962  loss_rpn_cls: 0.0200  loss_rpn_bbox: 0.0254  s0.loss_cls: 0.1627  s0.acc: 89.0625  s0.loss_bbox: 0.1880  s0.loss_mask: 0.2734  s1.loss_cls: 0.0810  s1.acc: 90.4297  s1.loss_bbox: 0.1913  s1.loss_mask: 0.1353  s2.loss_cls: 0.0440  s2.acc: 89.4531  s2.loss_bbox: 0.1114  s2.loss_mask: 0.0639
2024/01/14 22:10:39 - mmengine - INFO - Epoch(train)  [2][ 200/1713]  lr: 2.0000e-02  eta: 2:00:01  time: 0.2349  data_time: 0.0074  memory: 2505  loss: 1.3411  loss_rpn_cls: 0.0198  loss_rpn_bbox: 0.0290  s0.loss_cls: 0.1631  s0.acc: 96.2891  s0.loss_bbox: 0.1880  s0.loss_mask: 0.2938  s1.loss_cls: 0.0789  s1.acc: 95.1172  s1.loss_bbox: 0.1979  s1.loss_mask: 0.1431  s2.loss_cls: 0.0427  s2.acc: 93.7500  s2.loss_bbox: 0.1169  s2.loss_mask: 0.0680
2024/01/14 22:10:51 - mmengine - INFO - Epoch(train)  [2][ 250/1713]  lr: 2.0000e-02  eta: 1:59:56  time: 0.2300  data_time: 0.0068  memory: 2507  loss: 1.3519  loss_rpn_cls: 0.0168  loss_rpn_bbox: 0.0275  s0.loss_cls: 0.1605  s0.acc: 93.7500  s0.loss_bbox: 0.1937  s0.loss_mask: 0.2884  s1.loss_cls: 0.0781  s1.acc: 95.7031  s1.loss_bbox: 0.2148  s1.loss_mask: 0.1447  s2.loss_cls: 0.0435  s2.acc: 94.1406  s2.loss_bbox: 0.1166  s2.loss_mask: 0.0674
2024/01/14 22:10:59 - mmengine - INFO - Exp name: instance_20240114_220316
2024/01/14 22:11:02 - mmengine - INFO - Epoch(train)  [2][ 300/1713]  lr: 2.0000e-02  eta: 1:59:54  time: 0.2344  data_time: 0.0066  memory: 2508  loss: 1.2404  loss_rpn_cls: 0.0214  loss_rpn_bbox: 0.0238  s0.loss_cls: 0.1371  s0.acc: 93.3594  s0.loss_bbox: 0.1736  s0.loss_mask: 0.2797  s1.loss_cls: 0.0673  s1.acc: 93.0966  s1.loss_bbox: 0.1815  s1.loss_mask: 0.1391  s2.loss_cls: 0.0375  s2.acc: 89.5463  s2.loss_bbox: 0.1127  s2.loss_mask: 0.0667
2024/01/14 22:11:14 - mmengine - INFO - Epoch(train)  [2][ 350/1713]  lr: 2.0000e-02  eta: 1:59:48  time: 0.2290  data_time: 0.0067  memory: 2418  loss: 1.2995  loss_rpn_cls: 0.0150  loss_rpn_bbox: 0.0247  s0.loss_cls: 0.1399  s0.acc: 92.7734  s0.loss_bbox: 0.1830  s0.loss_mask: 0.2962  s1.loss_cls: 0.0683  s1.acc: 93.3594  s1.loss_bbox: 0.2016  s1.loss_mask: 0.1462  s2.loss_cls: 0.0408  s2.acc: 90.4297  s2.loss_bbox: 0.1160  s2.loss_mask: 0.0677
2024/01/14 22:11:25 - mmengine - INFO - Epoch(train)  [2][ 400/1713]  lr: 2.0000e-02  eta: 1:59:43  time: 0.2314  data_time: 0.0065  memory: 2497  loss: 1.2119  loss_rpn_cls: 0.0160  loss_rpn_bbox: 0.0222  s0.loss_cls: 0.1405  s0.acc: 97.2656  s0.loss_bbox: 0.1554  s0.loss_mask: 0.2799  s1.loss_cls: 0.0680  s1.acc: 99.0234  s1.loss_bbox: 0.1759  s1.loss_mask: 0.1397  s2.loss_cls: 0.0372  s2.acc: 98.4283  s2.loss_bbox: 0.1104  s2.loss_mask: 0.0666
2024/01/14 22:11:37 - mmengine - INFO - Epoch(train)  [2][ 450/1713]  lr: 2.0000e-02  eta: 1:59:38  time: 0.2313  data_time: 0.0070  memory: 2503  loss: 1.2743  loss_rpn_cls: 0.0261  loss_rpn_bbox: 0.0297  s0.loss_cls: 0.1482  s0.acc: 98.0469  s0.loss_bbox: 0.1715  s0.loss_mask: 0.2891  s1.loss_cls: 0.0697  s1.acc: 99.0234  s1.loss_bbox: 0.1791  s1.loss_mask: 0.1450  s2.loss_cls: 0.0392  s2.acc: 99.0234  s2.loss_bbox: 0.1088  s2.loss_mask: 0.0678
2024/01/14 22:11:48 - mmengine - INFO - Epoch(train)  [2][ 500/1713]  lr: 2.0000e-02  eta: 1:59:31  time: 0.2300  data_time: 0.0064  memory: 2475  loss: 1.2948  loss_rpn_cls: 0.0175  loss_rpn_bbox: 0.0293  s0.loss_cls: 0.1499  s0.acc: 95.8984  s0.loss_bbox: 0.1748  s0.loss_mask: 0.2864  s1.loss_cls: 0.0799  s1.acc: 97.0703  s1.loss_bbox: 0.1874  s1.loss_mask: 0.1429  s2.loss_cls: 0.0457  s2.acc: 98.4375  s2.loss_bbox: 0.1147  s2.loss_mask: 0.0664
2024/01/14 22:12:00 - mmengine - INFO - Epoch(train)  [2][ 550/1713]  lr: 2.0000e-02  eta: 1:59:24  time: 0.2298  data_time: 0.0064  memory: 2504  loss: 1.3096  loss_rpn_cls: 0.0162  loss_rpn_bbox: 0.0242  s0.loss_cls: 0.1587  s0.acc: 93.5547  s0.loss_bbox: 0.1814  s0.loss_mask: 0.2807  s1.loss_cls: 0.0759  s1.acc: 96.2578  s1.loss_bbox: 0.1972  s1.loss_mask: 0.1433  s2.loss_cls: 0.0430  s2.acc: 96.2025  s2.loss_bbox: 0.1212  s2.loss_mask: 0.0677
2024/01/14 22:12:12 - mmengine - INFO - Epoch(train)  [2][ 600/1713]  lr: 2.0000e-02  eta: 1:59:18  time: 0.2312  data_time: 0.0064  memory: 2505  loss: 1.2904  loss_rpn_cls: 0.0240  loss_rpn_bbox: 0.0226  s0.loss_cls: 0.1553  s0.acc: 96.4844  s0.loss_bbox: 0.1636  s0.loss_mask: 0.3003  s1.loss_cls: 0.0742  s1.acc: 94.5312  s1.loss_bbox: 0.1825  s1.loss_mask: 0.1481  s2.loss_cls: 0.0429  s2.acc: 94.9219  s2.loss_bbox: 0.1098  s2.loss_mask: 0.0671
2024/01/14 22:12:23 - mmengine - INFO - Epoch(train)  [2][ 650/1713]  lr: 2.0000e-02  eta: 1:59:09  time: 0.2275  data_time: 0.0063  memory: 2506  loss: 1.2578  loss_rpn_cls: 0.0167  loss_rpn_bbox: 0.0223  s0.loss_cls: 0.1453  s0.acc: 90.6250  s0.loss_bbox: 0.1755  s0.loss_mask: 0.2867  s1.loss_cls: 0.0693  s1.acc: 92.3868  s1.loss_bbox: 0.1863  s1.loss_mask: 0.1400  s2.loss_cls: 0.0410  s2.acc: 92.3077  s2.loss_bbox: 0.1089  s2.loss_mask: 0.0657
2024/01/14 22:12:34 - mmengine - INFO - Epoch(train)  [2][ 700/1713]  lr: 2.0000e-02  eta: 1:59:02  time: 0.2303  data_time: 0.0065  memory: 2507  loss: 1.3084  loss_rpn_cls: 0.0194  loss_rpn_bbox: 0.0248  s0.loss_cls: 0.1504  s0.acc: 91.7969  s0.loss_bbox: 0.1932  s0.loss_mask: 0.2829  s1.loss_cls: 0.0750  s1.acc: 92.8571  s1.loss_bbox: 0.2008  s1.loss_mask: 0.1375  s2.loss_cls: 0.0430  s2.acc: 88.9109  s2.loss_bbox: 0.1160  s2.loss_mask: 0.0654
2024/01/14 22:12:46 - mmengine - INFO - Epoch(train)  [2][ 750/1713]  lr: 2.0000e-02  eta: 1:58:52  time: 0.2256  data_time: 0.0066  memory: 2506  loss: 1.2396  loss_rpn_cls: 0.0149  loss_rpn_bbox: 0.0254  s0.loss_cls: 0.1410  s0.acc: 94.9219  s0.loss_bbox: 0.1768  s0.loss_mask: 0.2772  s1.loss_cls: 0.0721  s1.acc: 94.1406  s1.loss_bbox: 0.1861  s1.loss_mask: 0.1334  s2.loss_cls: 0.0412  s2.acc: 93.9453  s2.loss_bbox: 0.1081  s2.loss_mask: 0.0635
2024/01/14 22:12:57 - mmengine - INFO - Epoch(train)  [2][ 800/1713]  lr: 2.0000e-02  eta: 1:58:46  time: 0.2341  data_time: 0.0070  memory: 2506  loss: 1.2950  loss_rpn_cls: 0.0175  loss_rpn_bbox: 0.0243  s0.loss_cls: 0.1584  s0.acc: 97.6562  s0.loss_bbox: 0.1732  s0.loss_mask: 0.2877  s1.loss_cls: 0.0815  s1.acc: 96.0938  s1.loss_bbox: 0.1902  s1.loss_mask: 0.1387  s2.loss_cls: 0.0456  s2.acc: 95.5078  s2.loss_bbox: 0.1133  s2.loss_mask: 0.0647
2024/01/14 22:13:09 - mmengine - INFO - Epoch(train)  [2][ 850/1713]  lr: 2.0000e-02  eta: 1:58:38  time: 0.2287  data_time: 0.0067  memory: 2505  loss: 1.2908  loss_rpn_cls: 0.0209  loss_rpn_bbox: 0.0305  s0.loss_cls: 0.1570  s0.acc: 92.5781  s0.loss_bbox: 0.1725  s0.loss_mask: 0.2865  s1.loss_cls: 0.0784  s1.acc: 92.5403  s1.loss_bbox: 0.1864  s1.loss_mask: 0.1395  s2.loss_cls: 0.0444  s2.acc: 90.6314  s2.loss_bbox: 0.1092  s2.loss_mask: 0.0654
2024/01/14 22:13:20 - mmengine - INFO - Epoch(train)  [2][ 900/1713]  lr: 2.0000e-02  eta: 1:58:29  time: 0.2291  data_time: 0.0063  memory: 2508  loss: 1.2208  loss_rpn_cls: 0.0205  loss_rpn_bbox: 0.0213  s0.loss_cls: 0.1458  s0.acc: 94.1406  s0.loss_bbox: 0.1665  s0.loss_mask: 0.2704  s1.loss_cls: 0.0703  s1.acc: 91.6016  s1.loss_bbox: 0.1793  s1.loss_mask: 0.1345  s2.loss_cls: 0.0394  s2.acc: 91.6016  s2.loss_bbox: 0.1095  s2.loss_mask: 0.0632
2024/01/14 22:13:32 - mmengine - INFO - Epoch(train)  [2][ 950/1713]  lr: 2.0000e-02  eta: 1:58:20  time: 0.2276  data_time: 0.0063  memory: 2497  loss: 1.2665  loss_rpn_cls: 0.0127  loss_rpn_bbox: 0.0250  s0.loss_cls: 0.1487  s0.acc: 93.3594  s0.loss_bbox: 0.1694  s0.loss_mask: 0.2778  s1.loss_cls: 0.0735  s1.acc: 93.4827  s1.loss_bbox: 0.1921  s1.loss_mask: 0.1386  s2.loss_cls: 0.0416  s2.acc: 90.0609  s2.loss_bbox: 0.1209  s2.loss_mask: 0.0662
2024/01/14 22:13:44 - mmengine - INFO - Epoch(train)  [2][1000/1713]  lr: 2.0000e-02  eta: 1:58:16  time: 0.2374  data_time: 0.0071  memory: 2506  loss: 1.2292  loss_rpn_cls: 0.0177  loss_rpn_bbox: 0.0268  s0.loss_cls: 0.1536  s0.acc: 93.3594  s0.loss_bbox: 0.1563  s0.loss_mask: 0.2576  s1.loss_cls: 0.0780  s1.acc: 94.8104  s1.loss_bbox: 0.1802  s1.loss_mask: 0.1333  s2.loss_cls: 0.0432  s2.acc: 90.8537  s2.loss_bbox: 0.1171  s2.loss_mask: 0.0654
2024/01/14 22:13:55 - mmengine - INFO - Epoch(train)  [2][1050/1713]  lr: 2.0000e-02  eta: 1:58:02  time: 0.2206  data_time: 0.0065  memory: 2507  loss: 1.1885  loss_rpn_cls: 0.0214  loss_rpn_bbox: 0.0255  s0.loss_cls: 0.1407  s0.acc: 94.1406  s0.loss_bbox: 0.1535  s0.loss_mask: 0.2761  s1.loss_cls: 0.0682  s1.acc: 95.7031  s1.loss_bbox: 0.1613  s1.loss_mask: 0.1375  s2.loss_cls: 0.0394  s2.acc: 96.4844  s2.loss_bbox: 0.0995  s2.loss_mask: 0.0654
2024/01/14 22:14:06 - mmengine - INFO - Epoch(train)  [2][1100/1713]  lr: 2.0000e-02  eta: 1:57:55  time: 0.2318  data_time: 0.0067  memory: 2504  loss: 1.1529  loss_rpn_cls: 0.0138  loss_rpn_bbox: 0.0225  s0.loss_cls: 0.1299  s0.acc: 91.9922  s0.loss_bbox: 0.1538  s0.loss_mask: 0.2662  s1.loss_cls: 0.0621  s1.acc: 95.8904  s1.loss_bbox: 0.1719  s1.loss_mask: 0.1303  s2.loss_cls: 0.0364  s2.acc: 92.9550  s2.loss_bbox: 0.1051  s2.loss_mask: 0.0610
2024/01/14 22:14:18 - mmengine - INFO - Epoch(train)  [2][1150/1713]  lr: 2.0000e-02  eta: 1:57:48  time: 0.2320  data_time: 0.0064  memory: 2506  loss: 1.1732  loss_rpn_cls: 0.0171  loss_rpn_bbox: 0.0222  s0.loss_cls: 0.1432  s0.acc: 95.7031  s0.loss_bbox: 0.1546  s0.loss_mask: 0.2565  s1.loss_cls: 0.0640  s1.acc: 96.8750  s1.loss_bbox: 0.1753  s1.loss_mask: 0.1291  s2.loss_cls: 0.0346  s2.acc: 94.1406  s2.loss_bbox: 0.1147  s2.loss_mask: 0.0618
2024/01/14 22:14:30 - mmengine - INFO - Epoch(train)  [2][1200/1713]  lr: 2.0000e-02  eta: 1:57:42  time: 0.2358  data_time: 0.0068  memory: 2507  loss: 1.1622  loss_rpn_cls: 0.0118  loss_rpn_bbox: 0.0240  s0.loss_cls: 0.1460  s0.acc: 92.7734  s0.loss_bbox: 0.1603  s0.loss_mask: 0.2529  s1.loss_cls: 0.0694  s1.acc: 94.7266  s1.loss_bbox: 0.1696  s1.loss_mask: 0.1250  s2.loss_cls: 0.0393  s2.acc: 94.1406  s2.loss_bbox: 0.1042  s2.loss_mask: 0.0598
2024/01/14 22:14:41 - mmengine - INFO - Epoch(train)  [2][1250/1713]  lr: 2.0000e-02  eta: 1:57:34  time: 0.2311  data_time: 0.0067  memory: 2506  loss: 1.1862  loss_rpn_cls: 0.0140  loss_rpn_bbox: 0.0235  s0.loss_cls: 0.1370  s0.acc: 90.8203  s0.loss_bbox: 0.1552  s0.loss_mask: 0.2742  s1.loss_cls: 0.0629  s1.acc: 89.5257  s1.loss_bbox: 0.1767  s1.loss_mask: 0.1332  s2.loss_cls: 0.0361  s2.acc: 86.8110  s2.loss_bbox: 0.1097  s2.loss_mask: 0.0635
2024/01/14 22:14:50 - mmengine - INFO - Exp name: instance_20240114_220316
2024/01/14 22:14:52 - mmengine - INFO - Epoch(train)  [2][1300/1713]  lr: 2.0000e-02  eta: 1:57:23  time: 0.2268  data_time: 0.0065  memory: 2505  loss: 1.2132  loss_rpn_cls: 0.0195  loss_rpn_bbox: 0.0228  s0.loss_cls: 0.1417  s0.acc: 90.6250  s0.loss_bbox: 0.1674  s0.loss_mask: 0.2763  s1.loss_cls: 0.0664  s1.acc: 88.2812  s1.loss_bbox: 0.1749  s1.loss_mask: 0.1396  s2.loss_cls: 0.0393  s2.acc: 88.2812  s2.loss_bbox: 0.1006  s2.loss_mask: 0.0645
2024/01/14 22:15:04 - mmengine - INFO - Epoch(train)  [2][1350/1713]  lr: 2.0000e-02  eta: 1:57:16  time: 0.2338  data_time: 0.0069  memory: 2507  loss: 1.1625  loss_rpn_cls: 0.0198  loss_rpn_bbox: 0.0318  s0.loss_cls: 0.1438  s0.acc: 94.3359  s0.loss_bbox: 0.1482  s0.loss_mask: 0.2628  s1.loss_cls: 0.0639  s1.acc: 94.5312  s1.loss_bbox: 0.1623  s1.loss_mask: 0.1306  s2.loss_cls: 0.0355  s2.acc: 94.9219  s2.loss_bbox: 0.1031  s2.loss_mask: 0.0607
2024/01/14 22:15:16 - mmengine - INFO - Epoch(train)  [2][1400/1713]  lr: 2.0000e-02  eta: 1:57:10  time: 0.2358  data_time: 0.0065  memory: 2507  loss: 1.2740  loss_rpn_cls: 0.0119  loss_rpn_bbox: 0.0214  s0.loss_cls: 0.1499  s0.acc: 97.0703  s0.loss_bbox: 0.1767  s0.loss_mask: 0.2744  s1.loss_cls: 0.0728  s1.acc: 97.8516  s1.loss_bbox: 0.2026  s1.loss_mask: 0.1380  s2.loss_cls: 0.0424  s2.acc: 95.8984  s2.loss_bbox: 0.1207  s2.loss_mask: 0.0633
2024/01/14 22:15:28 - mmengine - INFO - Epoch(train)  [2][1450/1713]  lr: 2.0000e-02  eta: 1:57:03  time: 0.2338  data_time: 0.0071  memory: 2507  loss: 1.2495  loss_rpn_cls: 0.0160  loss_rpn_bbox: 0.0278  s0.loss_cls: 0.1508  s0.acc: 91.2109  s0.loss_bbox: 0.1686  s0.loss_mask: 0.2754  s1.loss_cls: 0.0748  s1.acc: 86.9295  s1.loss_bbox: 0.1812  s1.loss_mask: 0.1374  s2.loss_cls: 0.0419  s2.acc: 93.1183  s2.loss_bbox: 0.1105  s2.loss_mask: 0.0650
2024/01/14 22:15:39 - mmengine - INFO - Epoch(train)  [2][1500/1713]  lr: 2.0000e-02  eta: 1:56:55  time: 0.2328  data_time: 0.0068  memory: 2505  loss: 1.2332  loss_rpn_cls: 0.0248  loss_rpn_bbox: 0.0298  s0.loss_cls: 0.1528  s0.acc: 89.0625  s0.loss_bbox: 0.1621  s0.loss_mask: 0.2708  s1.loss_cls: 0.0760  s1.acc: 84.3750  s1.loss_bbox: 0.1778  s1.loss_mask: 0.1323  s2.loss_cls: 0.0428  s2.acc: 82.6172  s2.loss_bbox: 0.1022  s2.loss_mask: 0.0618
2024/01/14 22:15:51 - mmengine - INFO - Epoch(train)  [2][1550/1713]  lr: 2.0000e-02  eta: 1:56:50  time: 0.2386  data_time: 0.0069  memory: 2505  loss: 1.2774  loss_rpn_cls: 0.0200  loss_rpn_bbox: 0.0265  s0.loss_cls: 0.1487  s0.acc: 94.3359  s0.loss_bbox: 0.1758  s0.loss_mask: 0.2751  s1.loss_cls: 0.0725  s1.acc: 95.1219  s1.loss_bbox: 0.1936  s1.loss_mask: 0.1359  s2.loss_cls: 0.0410  s2.acc: 94.5755  s2.loss_bbox: 0.1233  s2.loss_mask: 0.0650
2024/01/14 22:16:03 - mmengine - INFO - Epoch(train)  [2][1600/1713]  lr: 2.0000e-02  eta: 1:56:41  time: 0.2311  data_time: 0.0069  memory: 2507  loss: 1.1652  loss_rpn_cls: 0.0272  loss_rpn_bbox: 0.0259  s0.loss_cls: 0.1241  s0.acc: 90.2344  s0.loss_bbox: 0.1613  s0.loss_mask: 0.2737  s1.loss_cls: 0.0554  s1.acc: 90.7787  s1.loss_bbox: 0.1667  s1.loss_mask: 0.1332  s2.loss_cls: 0.0320  s2.acc: 90.7025  s2.loss_bbox: 0.1043  s2.loss_mask: 0.0615
2024/01/14 22:16:14 - mmengine - INFO - Epoch(train)  [2][1650/1713]  lr: 2.0000e-02  eta: 1:56:32  time: 0.2322  data_time: 0.0069  memory: 2503  loss: 1.1463  loss_rpn_cls: 0.0170  loss_rpn_bbox: 0.0276  s0.loss_cls: 0.1313  s0.acc: 97.4609  s0.loss_bbox: 0.1542  s0.loss_mask: 0.2524  s1.loss_cls: 0.0657  s1.acc: 98.6328  s1.loss_bbox: 0.1701  s1.loss_mask: 0.1256  s2.loss_cls: 0.0365  s2.acc: 98.0469  s2.loss_bbox: 0.1062  s2.loss_mask: 0.0598
2024/01/14 22:16:27 - mmengine - INFO - Epoch(train)  [2][1700/1713]  lr: 2.0000e-02  eta: 1:56:33  time: 0.2529  data_time: 0.0083  memory: 2507  loss: 1.1919  loss_rpn_cls: 0.0154  loss_rpn_bbox: 0.0230  s0.loss_cls: 0.1373  s0.acc: 94.1406  s0.loss_bbox: 0.1639  s0.loss_mask: 0.2755  s1.loss_cls: 0.0657  s1.acc: 96.0317  s1.loss_bbox: 0.1743  s1.loss_mask: 0.1369  s2.loss_cls: 0.0367  s2.acc: 97.2056  s2.loss_bbox: 0.0998  s2.loss_mask: 0.0636
2024/01/14 22:16:31 - mmengine - INFO - Exp name: instance_20240114_220316
2024/01/14 22:16:36 - mmengine - INFO - Epoch(val)  [2][50/71]    eta: 0:00:02  time: 0.1172  data_time: 0.0182  memory: 2461  
2024/01/14 22:16:38 - mmengine - INFO - Evaluating bbox...
2024/01/14 22:16:39 - mmengine - INFO - bbox_mAP_copypaste: 0.553 0.873 0.634 0.534 0.580 -1.000
2024/01/14 22:16:39 - mmengine - INFO - Epoch(val) [2][71/71]    coco/bbox_mAP: 0.5530  coco/bbox_mAP_50: 0.8730  coco/bbox_mAP_75: 0.6340  coco/bbox_mAP_s: 0.5340  coco/bbox_mAP_m: 0.5800  coco/bbox_mAP_l: -1.0000  data_time: 0.0147  time: 0.1083
2024/01/14 22:16:39 - mmengine - INFO - The previous best checkpoint /home/hasnatpie/thesis01/results_default20/best_coco_bbox_mAP_epoch_1.pth is removed
2024/01/14 22:16:40 - mmengine - INFO - The best checkpoint with 0.5530 coco/bbox_mAP at 2 epoch is saved to best_coco_bbox_mAP_epoch_2.pth.
2024/01/14 22:16:52 - mmengine - INFO - Epoch(train)  [3][  50/1713]  lr: 2.0000e-02  eta: 1:56:33  time: 0.2476  data_time: 0.0081  memory: 2507  loss: 1.1863  loss_rpn_cls: 0.0164  loss_rpn_bbox: 0.0236  s0.loss_cls: 0.1465  s0.acc: 91.4062  s0.loss_bbox: 0.1645  s0.loss_mask: 0.2579  s1.loss_cls: 0.0645  s1.acc: 95.6701  s1.loss_bbox: 0.1771  s1.loss_mask: 0.1269  s2.loss_cls: 0.0375  s2.acc: 90.9091  s2.loss_bbox: 0.1109  s2.loss_mask: 0.0605
2024/01/14 22:17:04 - mmengine - INFO - Epoch(train)  [3][ 100/1713]  lr: 2.0000e-02  eta: 1:56:27  time: 0.2383  data_time: 0.0073  memory: 2507  loss: 1.2105  loss_rpn_cls: 0.0139  loss_rpn_bbox: 0.0226  s0.loss_cls: 0.1376  s0.acc: 92.5781  s0.loss_bbox: 0.1663  s0.loss_mask: 0.2732  s1.loss_cls: 0.0680  s1.acc: 94.3359  s1.loss_bbox: 0.1790  s1.loss_mask: 0.1388  s2.loss_cls: 0.0378  s2.acc: 89.2578  s2.loss_bbox: 0.1077  s2.loss_mask: 0.0656
2024/01/14 22:17:16 - mmengine - INFO - Epoch(train)  [3][ 150/1713]  lr: 2.0000e-02  eta: 1:56:22  time: 0.2418  data_time: 0.0076  memory: 2507  loss: 1.1257  loss_rpn_cls: 0.0163  loss_rpn_bbox: 0.0190  s0.loss_cls: 0.1202  s0.acc: 95.8984  s0.loss_bbox: 0.1467  s0.loss_mask: 0.2628  s1.loss_cls: 0.0557  s1.acc: 96.6874  s1.loss_bbox: 0.1693  s1.loss_mask: 0.1327  s2.loss_cls: 0.0344  s2.acc: 97.6546  s2.loss_bbox: 0.1069  s2.loss_mask: 0.0618
2024/01/14 22:17:28 - mmengine - INFO - Epoch(train)  [3][ 200/1713]  lr: 2.0000e-02  eta: 1:56:14  time: 0.2357  data_time: 0.0079  memory: 2507  loss: 1.1242  loss_rpn_cls: 0.0144  loss_rpn_bbox: 0.0208  s0.loss_cls: 0.1234  s0.acc: 96.4844  s0.loss_bbox: 0.1543  s0.loss_mask: 0.2514  s1.loss_cls: 0.0572  s1.acc: 94.9219  s1.loss_bbox: 0.1742  s1.loss_mask: 0.1275  s2.loss_cls: 0.0343  s2.acc: 92.7734  s2.loss_bbox: 0.1066  s2.loss_mask: 0.0601
2024/01/14 22:17:40 - mmengine - INFO - Epoch(train)  [3][ 250/1713]  lr: 2.0000e-02  eta: 1:56:10  time: 0.2468  data_time: 0.0079  memory: 2507  loss: 1.1751  loss_rpn_cls: 0.0195  loss_rpn_bbox: 0.0219  s0.loss_cls: 0.1367  s0.acc: 98.0469  s0.loss_bbox: 0.1574  s0.loss_mask: 0.2568  s1.loss_cls: 0.0627  s1.acc: 97.4609  s1.loss_bbox: 0.1825  s1.loss_mask: 0.1285  s2.loss_cls: 0.0374  s2.acc: 97.6562  s2.loss_bbox: 0.1112  s2.loss_mask: 0.0606
2024/01/14 22:17:53 - mmengine - INFO - Epoch(train)  [3][ 300/1713]  lr: 2.0000e-02  eta: 1:56:11  time: 0.2563  data_time: 0.0078  memory: 2504  loss: 1.1520  loss_rpn_cls: 0.0158  loss_rpn_bbox: 0.0181  s0.loss_cls: 0.1446  s0.acc: 87.3047  s0.loss_bbox: 0.1570  s0.loss_mask: 0.2295  s1.loss_cls: 0.0718  s1.acc: 87.5000  s1.loss_bbox: 0.1840  s1.loss_mask: 0.1183  s2.loss_cls: 0.0407  s2.acc: 84.7656  s2.loss_bbox: 0.1166  s2.loss_mask: 0.0555
2024/01/14 22:18:06 - mmengine - INFO - Epoch(train)  [3][ 350/1713]  lr: 2.0000e-02  eta: 1:56:08  time: 0.2497  data_time: 0.0075  memory: 2505  loss: 1.1743  loss_rpn_cls: 0.0191  loss_rpn_bbox: 0.0222  s0.loss_cls: 0.1373  s0.acc: 94.5312  s0.loss_bbox: 0.1546  s0.loss_mask: 0.2591  s1.loss_cls: 0.0658  s1.acc: 95.3252  s1.loss_bbox: 0.1776  s1.loss_mask: 0.1276  s2.loss_cls: 0.0377  s2.acc: 96.5235  s2.loss_bbox: 0.1121  s2.loss_mask: 0.0611
2024/01/14 22:18:18 - mmengine - INFO - Epoch(train)  [3][ 400/1713]  lr: 2.0000e-02  eta: 1:56:04  time: 0.2469  data_time: 0.0075  memory: 2505  loss: 1.1306  loss_rpn_cls: 0.0145  loss_rpn_bbox: 0.0228  s0.loss_cls: 0.1311  s0.acc: 90.6250  s0.loss_bbox: 0.1495  s0.loss_mask: 0.2536  s1.loss_cls: 0.0596  s1.acc: 94.3107  s1.loss_bbox: 0.1671  s1.loss_mask: 0.1284  s2.loss_cls: 0.0344  s2.acc: 93.1264  s2.loss_bbox: 0.1092  s2.loss_mask: 0.0606
2024/01/14 22:18:30 - mmengine - INFO - Epoch(train)  [3][ 450/1713]  lr: 2.0000e-02  eta: 1:55:57  time: 0.2413  data_time: 0.0072  memory: 2496  loss: 1.1342  loss_rpn_cls: 0.0147  loss_rpn_bbox: 0.0245  s0.loss_cls: 0.1265  s0.acc: 91.7969  s0.loss_bbox: 0.1477  s0.loss_mask: 0.2759  s1.loss_cls: 0.0582  s1.acc: 90.0990  s1.loss_bbox: 0.1553  s1.loss_mask: 0.1385  s2.loss_cls: 0.0336  s2.acc: 90.2970  s2.loss_bbox: 0.0954  s2.loss_mask: 0.0639
2024/01/14 22:18:43 - mmengine - INFO - Epoch(train)  [3][ 500/1713]  lr: 2.0000e-02  eta: 1:55:53  time: 0.2479  data_time: 0.0077  memory: 2505  loss: 1.1513  loss_rpn_cls: 0.0181  loss_rpn_bbox: 0.0250  s0.loss_cls: 0.1275  s0.acc: 90.8203  s0.loss_bbox: 0.1574  s0.loss_mask: 0.2616  s1.loss_cls: 0.0620  s1.acc: 88.4766  s1.loss_bbox: 0.1697  s1.loss_mask: 0.1314  s2.loss_cls: 0.0346  s2.acc: 89.8438  s2.loss_bbox: 0.1020  s2.loss_mask: 0.0619
2024/01/14 22:18:54 - mmengine - INFO - Epoch(train)  [3][ 550/1713]  lr: 2.0000e-02  eta: 1:55:42  time: 0.2295  data_time: 0.0071  memory: 2505  loss: 1.1111  loss_rpn_cls: 0.0103  loss_rpn_bbox: 0.0248  s0.loss_cls: 0.1190  s0.acc: 93.9453  s0.loss_bbox: 0.1476  s0.loss_mask: 0.2673  s1.loss_cls: 0.0590  s1.acc: 91.0156  s1.loss_bbox: 0.1562  s1.loss_mask: 0.1300  s2.loss_cls: 0.0340  s2.acc: 92.1875  s2.loss_bbox: 0.0996  s2.loss_mask: 0.0633
2024/01/14 22:19:00 - mmengine - INFO - Exp name: instance_20240114_220316
2024/01/14 22:19:06 - mmengine - INFO - Epoch(train)  [3][ 600/1713]  lr: 2.0000e-02  eta: 1:55:34  time: 0.2384  data_time: 0.0078  memory: 2507  loss: 1.2162  loss_rpn_cls: 0.0178  loss_rpn_bbox: 0.0244  s0.loss_cls: 0.1471  s0.acc: 93.7500  s0.loss_bbox: 0.1664  s0.loss_mask: 0.2692  s1.loss_cls: 0.0678  s1.acc: 94.2740  s1.loss_bbox: 0.1777  s1.loss_mask: 0.1328  s2.loss_cls: 0.0390  s2.acc: 93.2653  s2.loss_bbox: 0.1116  s2.loss_mask: 0.0622
2024/01/14 22:19:18 - mmengine - INFO - Epoch(train)  [3][ 650/1713]  lr: 2.0000e-02  eta: 1:55:27  time: 0.2425  data_time: 0.0081  memory: 2507  loss: 1.1534  loss_rpn_cls: 0.0177  loss_rpn_bbox: 0.0274  s0.loss_cls: 0.1383  s0.acc: 92.3828  s0.loss_bbox: 0.1595  s0.loss_mask: 0.2608  s1.loss_cls: 0.0684  s1.acc: 93.9453  s1.loss_bbox: 0.1619  s1.loss_mask: 0.1282  s2.loss_cls: 0.0373  s2.acc: 93.1641  s2.loss_bbox: 0.0938  s2.loss_mask: 0.0600
2024/01/14 22:19:31 - mmengine - INFO - Epoch(train)  [3][ 700/1713]  lr: 2.0000e-02  eta: 1:55:23  time: 0.2494  data_time: 0.0077  memory: 2506  loss: 1.1567  loss_rpn_cls: 0.0124  loss_rpn_bbox: 0.0238  s0.loss_cls: 0.1347  s0.acc: 97.4609  s0.loss_bbox: 0.1547  s0.loss_mask: 0.2635  s1.loss_cls: 0.0625  s1.acc: 98.7805  s1.loss_bbox: 0.1697  s1.loss_mask: 0.1301  s2.loss_cls: 0.0356  s2.acc: 98.9669  s2.loss_bbox: 0.1083  s2.loss_mask: 0.0614
2024/01/14 22:19:42 - mmengine - INFO - Epoch(train)  [3][ 750/1713]  lr: 2.0000e-02  eta: 1:55:15  time: 0.2390  data_time: 0.0070  memory: 2507  loss: 1.1365  loss_rpn_cls: 0.0182  loss_rpn_bbox: 0.0254  s0.loss_cls: 0.1274  s0.acc: 96.2891  s0.loss_bbox: 0.1650  s0.loss_mask: 0.2522  s1.loss_cls: 0.0592  s1.acc: 94.1406  s1.loss_bbox: 0.1677  s1.loss_mask: 0.1256  s2.loss_cls: 0.0324  s2.acc: 95.3125  s2.loss_bbox: 0.1043  s2.loss_mask: 0.0590
2024/01/14 22:19:54 - mmengine - INFO - Epoch(train)  [3][ 800/1713]  lr: 2.0000e-02  eta: 1:55:04  time: 0.2334  data_time: 0.0074  memory: 2507  loss: 1.1002  loss_rpn_cls: 0.0135  loss_rpn_bbox: 0.0229  s0.loss_cls: 0.1281  s0.acc: 92.7734  s0.loss_bbox: 0.1456  s0.loss_mask: 0.2567  s1.loss_cls: 0.0586  s1.acc: 90.8714  s1.loss_bbox: 0.1535  s1.loss_mask: 0.1274  s2.loss_cls: 0.0316  s2.acc: 91.3044  s2.loss_bbox: 0.1017  s2.loss_mask: 0.0606
2024/01/14 22:20:06 - mmengine - INFO - Epoch(train)  [3][ 850/1713]  lr: 2.0000e-02  eta: 1:54:55  time: 0.2368  data_time: 0.0073  memory: 2505  loss: 1.1183  loss_rpn_cls: 0.0143  loss_rpn_bbox: 0.0276  s0.loss_cls: 0.1315  s0.acc: 98.2422  s0.loss_bbox: 0.1516  s0.loss_mask: 0.2577  s1.loss_cls: 0.0583  s1.acc: 99.2188  s1.loss_bbox: 0.1580  s1.loss_mask: 0.1265  s2.loss_cls: 0.0317  s2.acc: 100.0000  s2.loss_bbox: 0.1014  s2.loss_mask: 0.0597
2024/01/14 22:20:18 - mmengine - INFO - Epoch(train)  [3][ 900/1713]  lr: 2.0000e-02  eta: 1:54:47  time: 0.2397  data_time: 0.0071  memory: 2508  loss: 1.1346  loss_rpn_cls: 0.0107  loss_rpn_bbox: 0.0196  s0.loss_cls: 0.1259  s0.acc: 91.2109  s0.loss_bbox: 0.1516  s0.loss_mask: 0.2577  s1.loss_cls: 0.0611  s1.acc: 91.9922  s1.loss_bbox: 0.1706  s1.loss_mask: 0.1314  s2.loss_cls: 0.0362  s2.acc: 88.4766  s2.loss_bbox: 0.1073  s2.loss_mask: 0.0626
2024/01/14 22:20:30 - mmengine - INFO - Epoch(train)  [3][ 950/1713]  lr: 2.0000e-02  eta: 1:54:39  time: 0.2406  data_time: 0.0070  memory: 2508  loss: 1.1576  loss_rpn_cls: 0.0185  loss_rpn_bbox: 0.0221  s0.loss_cls: 0.1352  s0.acc: 94.7266  s0.loss_bbox: 0.1640  s0.loss_mask: 0.2669  s1.loss_cls: 0.0659  s1.acc: 97.0703  s1.loss_bbox: 0.1629  s1.loss_mask: 0.1271  s2.loss_cls: 0.0377  s2.acc: 95.2756  s2.loss_bbox: 0.0989  s2.loss_mask: 0.0584
2024/01/14 22:20:42 - mmengine - INFO - Epoch(train)  [3][1000/1713]  lr: 2.0000e-02  eta: 1:54:29  time: 0.2344  data_time: 0.0068  memory: 2507  loss: 1.1396  loss_rpn_cls: 0.0117  loss_rpn_bbox: 0.0222  s0.loss_cls: 0.1350  s0.acc: 87.8906  s0.loss_bbox: 0.1527  s0.loss_mask: 0.2576  s1.loss_cls: 0.0592  s1.acc: 93.1102  s1.loss_bbox: 0.1684  s1.loss_mask: 0.1295  s2.loss_cls: 0.0343  s2.acc: 92.1415  s2.loss_bbox: 0.1074  s2.loss_mask: 0.0617
2024/01/14 22:20:53 - mmengine - INFO - Epoch(train)  [3][1050/1713]  lr: 2.0000e-02  eta: 1:54:19  time: 0.2352  data_time: 0.0066  memory: 2507  loss: 1.1523  loss_rpn_cls: 0.0148  loss_rpn_bbox: 0.0238  s0.loss_cls: 0.1322  s0.acc: 93.9453  s0.loss_bbox: 0.1603  s0.loss_mask: 0.2530  s1.loss_cls: 0.0621  s1.acc: 94.7266  s1.loss_bbox: 0.1779  s1.loss_mask: 0.1240  s2.loss_cls: 0.0359  s2.acc: 97.4609  s2.loss_bbox: 0.1093  s2.loss_mask: 0.0590
2024/01/14 22:21:05 - mmengine - INFO - Epoch(train)  [3][1100/1713]  lr: 2.0000e-02  eta: 1:54:08  time: 0.2307  data_time: 0.0071  memory: 2506  loss: 1.0922  loss_rpn_cls: 0.0156  loss_rpn_bbox: 0.0211  s0.loss_cls: 0.1218  s0.acc: 95.1172  s0.loss_bbox: 0.1435  s0.loss_mask: 0.2542  s1.loss_cls: 0.0630  s1.acc: 95.8984  s1.loss_bbox: 0.1535  s1.loss_mask: 0.1265  s2.loss_cls: 0.0352  s2.acc: 95.3125  s2.loss_bbox: 0.0987  s2.loss_mask: 0.0591
2024/01/14 22:21:17 - mmengine - INFO - Epoch(train)  [3][1150/1713]  lr: 2.0000e-02  eta: 1:54:00  time: 0.2415  data_time: 0.0070  memory: 2507  loss: 1.1513  loss_rpn_cls: 0.0125  loss_rpn_bbox: 0.0239  s0.loss_cls: 0.1369  s0.acc: 92.5781  s0.loss_bbox: 0.1565  s0.loss_mask: 0.2586  s1.loss_cls: 0.0591  s1.acc: 92.1875  s1.loss_bbox: 0.1708  s1.loss_mask: 0.1298  s2.loss_cls: 0.0340  s2.acc: 91.9922  s2.loss_bbox: 0.1081  s2.loss_mask: 0.0612
2024/01/14 22:21:29 - mmengine - INFO - Epoch(train)  [3][1200/1713]  lr: 2.0000e-02  eta: 1:53:52  time: 0.2401  data_time: 0.0077  memory: 2506  loss: 1.1160  loss_rpn_cls: 0.0177  loss_rpn_bbox: 0.0240  s0.loss_cls: 0.1241  s0.acc: 96.0938  s0.loss_bbox: 0.1457  s0.loss_mask: 0.2570  s1.loss_cls: 0.0586  s1.acc: 93.5950  s1.loss_bbox: 0.1611  s1.loss_mask: 0.1278  s2.loss_cls: 0.0331  s2.acc: 94.5032  s2.loss_bbox: 0.1052  s2.loss_mask: 0.0618
2024/01/14 22:21:42 - mmengine - INFO - Epoch(train)  [3][1250/1713]  lr: 2.0000e-02  eta: 1:53:47  time: 0.2513  data_time: 0.0077  memory: 2507  loss: 1.1004  loss_rpn_cls: 0.0115  loss_rpn_bbox: 0.0204  s0.loss_cls: 0.1260  s0.acc: 93.7500  s0.loss_bbox: 0.1487  s0.loss_mask: 0.2447  s1.loss_cls: 0.0585  s1.acc: 94.8875  s1.loss_bbox: 0.1686  s1.loss_mask: 0.1220  s2.loss_cls: 0.0340  s2.acc: 93.5950  s2.loss_bbox: 0.1082  s2.loss_mask: 0.0579
2024/01/14 22:21:54 - mmengine - INFO - Epoch(train)  [3][1300/1713]  lr: 2.0000e-02  eta: 1:53:37  time: 0.2377  data_time: 0.0072  memory: 2507  loss: 1.0914  loss_rpn_cls: 0.0110  loss_rpn_bbox: 0.0223  s0.loss_cls: 0.1253  s0.acc: 90.2344  s0.loss_bbox: 0.1338  s0.loss_mask: 0.2586  s1.loss_cls: 0.0599  s1.acc: 92.5049  s1.loss_bbox: 0.1573  s1.loss_mask: 0.1327  s2.loss_cls: 0.0353  s2.acc: 88.7574  s2.loss_bbox: 0.0933  s2.loss_mask: 0.0619
2024/01/14 22:22:05 - mmengine - INFO - Epoch(train)  [3][1350/1713]  lr: 2.0000e-02  eta: 1:53:28  time: 0.2375  data_time: 0.0072  memory: 2506  loss: 1.1894  loss_rpn_cls: 0.0188  loss_rpn_bbox: 0.0239  s0.loss_cls: 0.1425  s0.acc: 91.7969  s0.loss_bbox: 0.1611  s0.loss_mask: 0.2689  s1.loss_cls: 0.0665  s1.acc: 96.4706  s1.loss_bbox: 0.1665  s1.loss_mask: 0.1348  s2.loss_cls: 0.0373  s2.acc: 97.2277  s2.loss_bbox: 0.1046  s2.loss_mask: 0.0646
2024/01/14 22:22:17 - mmengine - INFO - Epoch(train)  [3][1400/1713]  lr: 2.0000e-02  eta: 1:53:19  time: 0.2402  data_time: 0.0076  memory: 2493  loss: 1.1635  loss_rpn_cls: 0.0152  loss_rpn_bbox: 0.0228  s0.loss_cls: 0.1360  s0.acc: 96.2891  s0.loss_bbox: 0.1503  s0.loss_mask: 0.2664  s1.loss_cls: 0.0667  s1.acc: 96.6030  s1.loss_bbox: 0.1676  s1.loss_mask: 0.1315  s2.loss_cls: 0.0382  s2.acc: 93.6123  s2.loss_bbox: 0.1080  s2.loss_mask: 0.0608
2024/01/14 22:22:30 - mmengine - INFO - Epoch(train)  [3][1450/1713]  lr: 2.0000e-02  eta: 1:53:13  time: 0.2483  data_time: 0.0079  memory: 2504  loss: 1.0516  loss_rpn_cls: 0.0150  loss_rpn_bbox: 0.0244  s0.loss_cls: 0.1199  s0.acc: 96.6797  s0.loss_bbox: 0.1382  s0.loss_mask: 0.2419  s1.loss_cls: 0.0553  s1.acc: 96.6797  s1.loss_bbox: 0.1493  s1.loss_mask: 0.1213  s2.loss_cls: 0.0317  s2.acc: 96.6797  s2.loss_bbox: 0.0966  s2.loss_mask: 0.0580
2024/01/14 22:22:42 - mmengine - INFO - Epoch(train)  [3][1500/1713]  lr: 2.0000e-02  eta: 1:53:06  time: 0.2472  data_time: 0.0076  memory: 2506  loss: 1.0077  loss_rpn_cls: 0.0181  loss_rpn_bbox: 0.0186  s0.loss_cls: 0.1243  s0.acc: 96.4844  s0.loss_bbox: 0.1217  s0.loss_mask: 0.2329  s1.loss_cls: 0.0499  s1.acc: 98.4158  s1.loss_bbox: 0.1401  s1.loss_mask: 0.1194  s2.loss_cls: 0.0281  s2.acc: 97.0179  s2.loss_bbox: 0.0970  s2.loss_mask: 0.0576
2024/01/14 22:22:54 - mmengine - INFO - Epoch(train)  [3][1550/1713]  lr: 2.0000e-02  eta: 1:52:56  time: 0.2358  data_time: 0.0072  memory: 2419  loss: 0.9850  loss_rpn_cls: 0.0146  loss_rpn_bbox: 0.0179  s0.loss_cls: 0.1017  s0.acc: 98.8281  s0.loss_bbox: 0.1261  s0.loss_mask: 0.2482  s1.loss_cls: 0.0481  s1.acc: 98.6328  s1.loss_bbox: 0.1350  s1.loss_mask: 0.1224  s2.loss_cls: 0.0265  s2.acc: 99.6094  s2.loss_bbox: 0.0871  s2.loss_mask: 0.0573
2024/01/14 22:23:00 - mmengine - INFO - Exp name: instance_20240114_220316
2024/01/14 22:23:06 - mmengine - INFO - Epoch(train)  [3][1600/1713]  lr: 2.0000e-02  eta: 1:52:49  time: 0.2492  data_time: 0.0081  memory: 2507  loss: 1.2242  loss_rpn_cls: 0.0152  loss_rpn_bbox: 0.0240  s0.loss_cls: 0.1377  s0.acc: 94.9219  s0.loss_bbox: 0.1691  s0.loss_mask: 0.2721  s1.loss_cls: 0.0685  s1.acc: 94.9219  s1.loss_bbox: 0.1859  s1.loss_mask: 0.1356  s2.loss_cls: 0.0386  s2.acc: 93.9453  s2.loss_bbox: 0.1133  s2.loss_mask: 0.0643
2024/01/14 22:23:18 - mmengine - INFO - Epoch(train)  [3][1650/1713]  lr: 2.0000e-02  eta: 1:52:38  time: 0.2335  data_time: 0.0072  memory: 2507  loss: 1.0463  loss_rpn_cls: 0.0142  loss_rpn_bbox: 0.0201  s0.loss_cls: 0.1192  s0.acc: 95.3125  s0.loss_bbox: 0.1320  s0.loss_mask: 0.2521  s1.loss_cls: 0.0541  s1.acc: 97.8516  s1.loss_bbox: 0.1432  s1.loss_mask: 0.1239  s2.loss_cls: 0.0307  s2.acc: 96.4844  s2.loss_bbox: 0.0979  s2.loss_mask: 0.0589
2024/01/14 22:23:30 - mmengine - INFO - Epoch(train)  [3][1700/1713]  lr: 2.0000e-02  eta: 1:52:31  time: 0.2465  data_time: 0.0082  memory: 2507  loss: 1.0874  loss_rpn_cls: 0.0133  loss_rpn_bbox: 0.0250  s0.loss_cls: 0.1336  s0.acc: 92.1875  s0.loss_bbox: 0.1468  s0.loss_mask: 0.2467  s1.loss_cls: 0.0583  s1.acc: 96.9231  s1.loss_bbox: 0.1495  s1.loss_mask: 0.1247  s2.loss_cls: 0.0323  s2.acc: 96.8610  s2.loss_bbox: 0.0983  s2.loss_mask: 0.0591
2024/01/14 22:23:34 - mmengine - INFO - Exp name: instance_20240114_220316
2024/01/14 22:23:38 - mmengine - INFO - Epoch(val)  [3][50/71]    eta: 0:00:01  time: 0.0909  data_time: 0.0067  memory: 2507  
2024/01/14 22:23:40 - mmengine - INFO - Evaluating bbox...
2024/01/14 22:23:40 - mmengine - INFO - bbox_mAP_copypaste: 0.584 0.895 0.660 0.539 0.649 -1.000
2024/01/14 22:23:40 - mmengine - INFO - Epoch(val) [3][71/71]    coco/bbox_mAP: 0.5840  coco/bbox_mAP_50: 0.8950  coco/bbox_mAP_75: 0.6600  coco/bbox_mAP_s: 0.5390  coco/bbox_mAP_m: 0.6490  coco/bbox_mAP_l: -1.0000  data_time: 0.0068  time: 0.0900
2024/01/14 22:23:40 - mmengine - INFO - The previous best checkpoint /home/hasnatpie/thesis01/results_default20/best_coco_bbox_mAP_epoch_2.pth is removed
2024/01/14 22:23:42 - mmengine - INFO - The best checkpoint with 0.5840 coco/bbox_mAP at 3 epoch is saved to best_coco_bbox_mAP_epoch_3.pth.
2024/01/14 22:23:54 - mmengine - INFO - Epoch(train)  [4][  50/1713]  lr: 2.0000e-02  eta: 1:52:22  time: 0.2489  data_time: 0.0084  memory: 2507  loss: 1.1027  loss_rpn_cls: 0.0103  loss_rpn_bbox: 0.0200  s0.loss_cls: 0.1298  s0.acc: 98.8281  s0.loss_bbox: 0.1509  s0.loss_mask: 0.2547  s1.loss_cls: 0.0576  s1.acc: 98.8281  s1.loss_bbox: 0.1616  s1.loss_mask: 0.1280  s2.loss_cls: 0.0321  s2.acc: 99.4141  s2.loss_bbox: 0.0994  s2.loss_mask: 0.0584
2024/01/14 22:24:06 - mmengine - INFO - Epoch(train)  [4][ 100/1713]  lr: 2.0000e-02  eta: 1:52:12  time: 0.2373  data_time: 0.0071  memory: 2507  loss: 1.1258  loss_rpn_cls: 0.0156  loss_rpn_bbox: 0.0256  s0.loss_cls: 0.1317  s0.acc: 96.2891  s0.loss_bbox: 0.1530  s0.loss_mask: 0.2418  s1.loss_cls: 0.0631  s1.acc: 95.7031  s1.loss_bbox: 0.1715  s1.loss_mask: 0.1232  s2.loss_cls: 0.0359  s2.acc: 94.1406  s2.loss_bbox: 0.1066  s2.loss_mask: 0.0578
2024/01/14 22:24:18 - mmengine - INFO - Epoch(train)  [4][ 150/1713]  lr: 2.0000e-02  eta: 1:52:01  time: 0.2367  data_time: 0.0074  memory: 2507  loss: 1.1543  loss_rpn_cls: 0.0125  loss_rpn_bbox: 0.0252  s0.loss_cls: 0.1251  s0.acc: 90.0391  s0.loss_bbox: 0.1588  s0.loss_mask: 0.2691  s1.loss_cls: 0.0588  s1.acc: 90.5462  s1.loss_bbox: 0.1741  s1.loss_mask: 0.1334  s2.loss_cls: 0.0341  s2.acc: 91.5612  s2.loss_bbox: 0.1016  s2.loss_mask: 0.0617
2024/01/14 22:24:30 - mmengine - INFO - Epoch(train)  [4][ 200/1713]  lr: 2.0000e-02  eta: 1:51:52  time: 0.2423  data_time: 0.0082  memory: 2506  loss: 1.1588  loss_rpn_cls: 0.0176  loss_rpn_bbox: 0.0272  s0.loss_cls: 0.1437  s0.acc: 97.6562  s0.loss_bbox: 0.1577  s0.loss_mask: 0.2539  s1.loss_cls: 0.0658  s1.acc: 98.0469  s1.loss_bbox: 0.1647  s1.loss_mask: 0.1277  s2.loss_cls: 0.0359  s2.acc: 97.2656  s2.loss_bbox: 0.1041  s2.loss_mask: 0.0605
2024/01/14 22:24:42 - mmengine - INFO - Epoch(train)  [4][ 250/1713]  lr: 2.0000e-02  eta: 1:51:42  time: 0.2349  data_time: 0.0074  memory: 2504  loss: 1.0355  loss_rpn_cls: 0.0138  loss_rpn_bbox: 0.0182  s0.loss_cls: 0.1080  s0.acc: 96.6797  s0.loss_bbox: 0.1287  s0.loss_mask: 0.2547  s1.loss_cls: 0.0538  s1.acc: 96.8689  s1.loss_bbox: 0.1438  s1.loss_mask: 0.1277  s2.loss_cls: 0.0305  s2.acc: 96.2818  s2.loss_bbox: 0.0963  s2.loss_mask: 0.0601
2024/01/14 22:24:55 - mmengine - INFO - Epoch(train)  [4][ 300/1713]  lr: 2.0000e-02  eta: 1:51:36  time: 0.2547  data_time: 0.0082  memory: 2506  loss: 1.0770  loss_rpn_cls: 0.0115  loss_rpn_bbox: 0.0240  s0.loss_cls: 0.1146  s0.acc: 94.3359  s0.loss_bbox: 0.1363  s0.loss_mask: 0.2596  s1.loss_cls: 0.0527  s1.acc: 94.9580  s1.loss_bbox: 0.1510  s1.loss_mask: 0.1314  s2.loss_cls: 0.0302  s2.acc: 93.0586  s2.loss_bbox: 0.1021  s2.loss_mask: 0.0636
2024/01/14 22:25:07 - mmengine - INFO - Epoch(train)  [4][ 350/1713]  lr: 2.0000e-02  eta: 1:51:30  time: 0.2560  data_time: 0.0081  memory: 2507  loss: 1.0752  loss_rpn_cls: 0.0121  loss_rpn_bbox: 0.0206  s0.loss_cls: 0.1340  s0.acc: 93.7500  s0.loss_bbox: 0.1412  s0.loss_mask: 0.2327  s1.loss_cls: 0.0579  s1.acc: 94.5892  s1.loss_bbox: 0.1561  s1.loss_mask: 0.1193  s2.loss_cls: 0.0330  s2.acc: 94.4898  s2.loss_bbox: 0.1106  s2.loss_mask: 0.0576
2024/01/14 22:25:19 - mmengine - INFO - Epoch(train)  [4][ 400/1713]  lr: 2.0000e-02  eta: 1:51:21  time: 0.2396  data_time: 0.0072  memory: 2505  loss: 1.0871  loss_rpn_cls: 0.0148  loss_rpn_bbox: 0.0223  s0.loss_cls: 0.1198  s0.acc: 97.6562  s0.loss_bbox: 0.1411  s0.loss_mask: 0.2498  s1.loss_cls: 0.0570  s1.acc: 99.0234  s1.loss_bbox: 0.1616  s1.loss_mask: 0.1259  s2.loss_cls: 0.0321  s2.acc: 96.8750  s2.loss_bbox: 0.1028  s2.loss_mask: 0.0599
2024/01/14 22:25:31 - mmengine - INFO - Epoch(train)  [4][ 450/1713]  lr: 2.0000e-02  eta: 1:51:10  time: 0.2370  data_time: 0.0070  memory: 2507  loss: 0.9878  loss_rpn_cls: 0.0112  loss_rpn_bbox: 0.0187  s0.loss_cls: 0.1099  s0.acc: 98.8281  s0.loss_bbox: 0.1247  s0.loss_mask: 0.2392  s1.loss_cls: 0.0513  s1.acc: 99.4141  s1.loss_bbox: 0.1384  s1.loss_mask: 0.1188  s2.loss_cls: 0.0300  s2.acc: 99.2188  s2.loss_bbox: 0.0888  s2.loss_mask: 0.0569
2024/01/14 22:25:43 - mmengine - INFO - Epoch(train)  [4][ 500/1713]  lr: 2.0000e-02  eta: 1:51:01  time: 0.2441  data_time: 0.0078  memory: 2506  loss: 0.9966  loss_rpn_cls: 0.0131  loss_rpn_bbox: 0.0183  s0.loss_cls: 0.1166  s0.acc: 91.2109  s0.loss_bbox: 0.1241  s0.loss_mask: 0.2353  s1.loss_cls: 0.0472  s1.acc: 91.8200  s1.loss_bbox: 0.1392  s1.loss_mask: 0.1198  s2.loss_cls: 0.0262  s2.acc: 90.5930  s2.loss_bbox: 0.0991  s2.loss_mask: 0.0577
2024/01/14 22:25:56 - mmengine - INFO - Epoch(train)  [4][ 550/1713]  lr: 2.0000e-02  eta: 1:50:53  time: 0.2450  data_time: 0.0074  memory: 2507  loss: 0.9842  loss_rpn_cls: 0.0124  loss_rpn_bbox: 0.0173  s0.loss_cls: 0.1179  s0.acc: 98.2422  s0.loss_bbox: 0.1277  s0.loss_mask: 0.2278  s1.loss_cls: 0.0509  s1.acc: 98.2422  s1.loss_bbox: 0.1378  s1.loss_mask: 0.1139  s2.loss_cls: 0.0295  s2.acc: 97.8516  s2.loss_bbox: 0.0932  s2.loss_mask: 0.0558
2024/01/14 22:26:08 - mmengine - INFO - Epoch(train)  [4][ 600/1713]  lr: 2.0000e-02  eta: 1:50:44  time: 0.2438  data_time: 0.0074  memory: 2499  loss: 1.1592  loss_rpn_cls: 0.0130  loss_rpn_bbox: 0.0213  s0.loss_cls: 0.1365  s0.acc: 97.6562  s0.loss_bbox: 0.1615  s0.loss_mask: 0.2583  s1.loss_cls: 0.0635  s1.acc: 99.2188  s1.loss_bbox: 0.1735  s1.loss_mask: 0.1273  s2.loss_cls: 0.0365  s2.acc: 98.4375  s2.loss_bbox: 0.1080  s2.loss_mask: 0.0598
2024/01/14 22:26:20 - mmengine - INFO - Epoch(train)  [4][ 650/1713]  lr: 2.0000e-02  eta: 1:50:35  time: 0.2427  data_time: 0.0076  memory: 2509  loss: 1.0388  loss_rpn_cls: 0.0140  loss_rpn_bbox: 0.0191  s0.loss_cls: 0.1142  s0.acc: 96.0938  s0.loss_bbox: 0.1340  s0.loss_mask: 0.2470  s1.loss_cls: 0.0549  s1.acc: 96.2891  s1.loss_bbox: 0.1463  s1.loss_mask: 0.1244  s2.loss_cls: 0.0304  s2.acc: 94.5312  s2.loss_bbox: 0.0953  s2.loss_mask: 0.0592
2024/01/14 22:26:32 - mmengine - INFO - Epoch(train)  [4][ 700/1713]  lr: 2.0000e-02  eta: 1:50:25  time: 0.2413  data_time: 0.0073  memory: 2507  loss: 1.0214  loss_rpn_cls: 0.0107  loss_rpn_bbox: 0.0141  s0.loss_cls: 0.1167  s0.acc: 96.2891  s0.loss_bbox: 0.1302  s0.loss_mask: 0.2373  s1.loss_cls: 0.0564  s1.acc: 96.2891  s1.loss_bbox: 0.1444  s1.loss_mask: 0.1220  s2.loss_cls: 0.0315  s2.acc: 96.4844  s2.loss_bbox: 0.1008  s2.loss_mask: 0.0575
2024/01/14 22:26:44 - mmengine - INFO - Epoch(train)  [4][ 750/1713]  lr: 2.0000e-02  eta: 1:50:17  time: 0.2465  data_time: 0.0077  memory: 2507  loss: 1.1286  loss_rpn_cls: 0.0118  loss_rpn_bbox: 0.0230  s0.loss_cls: 0.1286  s0.acc: 94.9219  s0.loss_bbox: 0.1531  s0.loss_mask: 0.2596  s1.loss_cls: 0.0611  s1.acc: 94.0120  s1.loss_bbox: 0.1656  s1.loss_mask: 0.1279  s2.loss_cls: 0.0339  s2.acc: 92.2156  s2.loss_bbox: 0.1041  s2.loss_mask: 0.0598
2024/01/14 22:26:57 - mmengine - INFO - Epoch(train)  [4][ 800/1713]  lr: 2.0000e-02  eta: 1:50:08  time: 0.2472  data_time: 0.0071  memory: 2507  loss: 0.9782  loss_rpn_cls: 0.0269  loss_rpn_bbox: 0.0174  s0.loss_cls: 0.1177  s0.acc: 94.9219  s0.loss_bbox: 0.1230  s0.loss_mask: 0.2236  s1.loss_cls: 0.0503  s1.acc: 98.3402  s1.loss_bbox: 0.1364  s1.loss_mask: 0.1156  s2.loss_cls: 0.0272  s2.acc: 98.5232  s2.loss_bbox: 0.0859  s2.loss_mask: 0.0542
2024/01/14 22:27:09 - mmengine - INFO - Epoch(train)  [4][ 850/1713]  lr: 2.0000e-02  eta: 1:49:58  time: 0.2378  data_time: 0.0073  memory: 2506  loss: 1.0353  loss_rpn_cls: 0.0143  loss_rpn_bbox: 0.0239  s0.loss_cls: 0.1209  s0.acc: 96.0938  s0.loss_bbox: 0.1305  s0.loss_mask: 0.2410  s1.loss_cls: 0.0547  s1.acc: 95.1983  s1.loss_bbox: 0.1437  s1.loss_mask: 0.1209  s2.loss_cls: 0.0317  s2.acc: 95.7537  s2.loss_bbox: 0.0956  s2.loss_mask: 0.0582
2024/01/14 22:27:11 - mmengine - INFO - Exp name: instance_20240114_220316
2024/01/14 22:27:20 - mmengine - INFO - Epoch(train)  [4][ 900/1713]  lr: 2.0000e-02  eta: 1:49:47  time: 0.2365  data_time: 0.0075  memory: 2506  loss: 1.0554  loss_rpn_cls: 0.0164  loss_rpn_bbox: 0.0217  s0.loss_cls: 0.1260  s0.acc: 96.8750  s0.loss_bbox: 0.1358  s0.loss_mask: 0.2417  s1.loss_cls: 0.0612  s1.acc: 97.4609  s1.loss_bbox: 0.1471  s1.loss_mask: 0.1176  s2.loss_cls: 0.0334  s2.acc: 96.8750  s2.loss_bbox: 0.0980  s2.loss_mask: 0.0564
2024/01/14 22:27:33 - mmengine - INFO - Epoch(train)  [4][ 950/1713]  lr: 2.0000e-02  eta: 1:49:37  time: 0.2432  data_time: 0.0073  memory: 2506  loss: 1.0987  loss_rpn_cls: 0.0161  loss_rpn_bbox: 0.0196  s0.loss_cls: 0.1291  s0.acc: 93.9453  s0.loss_bbox: 0.1484  s0.loss_mask: 0.2518  s1.loss_cls: 0.0576  s1.acc: 95.5224  s1.loss_bbox: 0.1592  s1.loss_mask: 0.1261  s2.loss_cls: 0.0321  s2.acc: 94.2731  s2.loss_bbox: 0.1002  s2.loss_mask: 0.0586
2024/01/14 22:27:44 - mmengine - INFO - Epoch(train)  [4][1000/1713]  lr: 2.0000e-02  eta: 1:49:26  time: 0.2360  data_time: 0.0071  memory: 2507  loss: 0.9966  loss_rpn_cls: 0.0139  loss_rpn_bbox: 0.0218  s0.loss_cls: 0.1126  s0.acc: 96.2891  s0.loss_bbox: 0.1333  s0.loss_mask: 0.2298  s1.loss_cls: 0.0520  s1.acc: 94.8919  s1.loss_bbox: 0.1412  s1.loss_mask: 0.1140  s2.loss_cls: 0.0294  s2.acc: 92.5344  s2.loss_bbox: 0.0940  s2.loss_mask: 0.0546
2024/01/14 22:27:56 - mmengine - INFO - Epoch(train)  [4][1050/1713]  lr: 2.0000e-02  eta: 1:49:15  time: 0.2348  data_time: 0.0071  memory: 2507  loss: 1.1146  loss_rpn_cls: 0.0135  loss_rpn_bbox: 0.0230  s0.loss_cls: 0.1348  s0.acc: 93.5547  s0.loss_bbox: 0.1493  s0.loss_mask: 0.2397  s1.loss_cls: 0.0631  s1.acc: 92.1875  s1.loss_bbox: 0.1666  s1.loss_mask: 0.1217  s2.loss_cls: 0.0370  s2.acc: 91.2109  s2.loss_bbox: 0.1081  s2.loss_mask: 0.0576
2024/01/14 22:28:08 - mmengine - INFO - Epoch(train)  [4][1100/1713]  lr: 2.0000e-02  eta: 1:49:04  time: 0.2373  data_time: 0.0073  memory: 2507  loss: 1.0972  loss_rpn_cls: 0.0113  loss_rpn_bbox: 0.0213  s0.loss_cls: 0.1218  s0.acc: 93.9453  s0.loss_bbox: 0.1454  s0.loss_mask: 0.2590  s1.loss_cls: 0.0555  s1.acc: 98.1443  s1.loss_bbox: 0.1574  s1.loss_mask: 0.1305  s2.loss_cls: 0.0317  s2.acc: 95.4451  s2.loss_bbox: 0.1012  s2.loss_mask: 0.0621
2024/01/14 22:28:20 - mmengine - INFO - Epoch(train)  [4][1150/1713]  lr: 2.0000e-02  eta: 1:48:53  time: 0.2368  data_time: 0.0072  memory: 2505  loss: 1.0588  loss_rpn_cls: 0.0148  loss_rpn_bbox: 0.0205  s0.loss_cls: 0.1246  s0.acc: 94.9219  s0.loss_bbox: 0.1338  s0.loss_mask: 0.2457  s1.loss_cls: 0.0592  s1.acc: 94.9219  s1.loss_bbox: 0.1468  s1.loss_mask: 0.1216  s2.loss_cls: 0.0316  s2.acc: 92.1875  s2.loss_bbox: 0.1016  s2.loss_mask: 0.0586
2024/01/14 22:28:31 - mmengine - INFO - Epoch(train)  [4][1200/1713]  lr: 2.0000e-02  eta: 1:48:41  time: 0.2323  data_time: 0.0072  memory: 2507  loss: 1.0517  loss_rpn_cls: 0.0211  loss_rpn_bbox: 0.0266  s0.loss_cls: 0.1185  s0.acc: 97.2656  s0.loss_bbox: 0.1386  s0.loss_mask: 0.2414  s1.loss_cls: 0.0530  s1.acc: 96.0938  s1.loss_bbox: 0.1511  s1.loss_mask: 0.1211  s2.loss_cls: 0.0299  s2.acc: 95.8984  s2.loss_bbox: 0.0931  s2.loss_mask: 0.0572
2024/01/14 22:28:43 - mmengine - INFO - Epoch(train)  [4][1250/1713]  lr: 2.0000e-02  eta: 1:48:30  time: 0.2358  data_time: 0.0075  memory: 2509  loss: 0.9425  loss_rpn_cls: 0.0118  loss_rpn_bbox: 0.0198  s0.loss_cls: 0.1065  s0.acc: 90.0391  s0.loss_bbox: 0.1105  s0.loss_mask: 0.2235  s1.loss_cls: 0.0483  s1.acc: 91.8033  s1.loss_bbox: 0.1321  s1.loss_mask: 0.1142  s2.loss_cls: 0.0288  s2.acc: 90.8333  s2.loss_bbox: 0.0926  s2.loss_mask: 0.0545
2024/01/14 22:28:55 - mmengine - INFO - Epoch(train)  [4][1300/1713]  lr: 2.0000e-02  eta: 1:48:18  time: 0.2328  data_time: 0.0069  memory: 2504  loss: 1.1015  loss_rpn_cls: 0.0139  loss_rpn_bbox: 0.0204  s0.loss_cls: 0.1220  s0.acc: 90.4297  s0.loss_bbox: 0.1438  s0.loss_mask: 0.2551  s1.loss_cls: 0.0577  s1.acc: 89.8438  s1.loss_bbox: 0.1659  s1.loss_mask: 0.1259  s2.loss_cls: 0.0339  s2.acc: 88.6719  s2.loss_bbox: 0.1040  s2.loss_mask: 0.0589
2024/01/14 22:29:07 - mmengine - INFO - Epoch(train)  [4][1350/1713]  lr: 2.0000e-02  eta: 1:48:07  time: 0.2376  data_time: 0.0071  memory: 2506  loss: 1.0166  loss_rpn_cls: 0.0123  loss_rpn_bbox: 0.0195  s0.loss_cls: 0.1139  s0.acc: 96.0938  s0.loss_bbox: 0.1265  s0.loss_mask: 0.2421  s1.loss_cls: 0.0508  s1.acc: 98.4375  s1.loss_bbox: 0.1464  s1.loss_mask: 0.1224  s2.loss_cls: 0.0297  s2.acc: 97.0703  s2.loss_bbox: 0.0964  s2.loss_mask: 0.0567
2024/01/14 22:29:18 - mmengine - INFO - Epoch(train)  [4][1400/1713]  lr: 2.0000e-02  eta: 1:47:55  time: 0.2308  data_time: 0.0073  memory: 2508  loss: 0.9771  loss_rpn_cls: 0.0105  loss_rpn_bbox: 0.0223  s0.loss_cls: 0.1057  s0.acc: 95.7031  s0.loss_bbox: 0.1195  s0.loss_mask: 0.2375  s1.loss_cls: 0.0502  s1.acc: 94.7266  s1.loss_bbox: 0.1384  s1.loss_mask: 0.1188  s2.loss_cls: 0.0273  s2.acc: 92.9688  s2.loss_bbox: 0.0911  s2.loss_mask: 0.0559
2024/01/14 22:29:30 - mmengine - INFO - Epoch(train)  [4][1450/1713]  lr: 2.0000e-02  eta: 1:47:45  time: 0.2437  data_time: 0.0078  memory: 2507  loss: 1.1450  loss_rpn_cls: 0.0125  loss_rpn_bbox: 0.0216  s0.loss_cls: 0.1300  s0.acc: 95.5078  s0.loss_bbox: 0.1625  s0.loss_mask: 0.2541  s1.loss_cls: 0.0557  s1.acc: 94.9219  s1.loss_bbox: 0.1762  s1.loss_mask: 0.1263  s2.loss_cls: 0.0338  s2.acc: 93.5547  s2.loss_bbox: 0.1129  s2.loss_mask: 0.0594
2024/01/14 22:29:42 - mmengine - INFO - Epoch(train)  [4][1500/1713]  lr: 2.0000e-02  eta: 1:47:34  time: 0.2332  data_time: 0.0068  memory: 2506  loss: 1.0737  loss_rpn_cls: 0.0099  loss_rpn_bbox: 0.0217  s0.loss_cls: 0.1199  s0.acc: 95.8984  s0.loss_bbox: 0.1376  s0.loss_mask: 0.2600  s1.loss_cls: 0.0532  s1.acc: 93.5547  s1.loss_bbox: 0.1535  s1.loss_mask: 0.1309  s2.loss_cls: 0.0309  s2.acc: 90.0391  s2.loss_bbox: 0.0943  s2.loss_mask: 0.0619
2024/01/14 22:29:54 - mmengine - INFO - Epoch(train)  [4][1550/1713]  lr: 2.0000e-02  eta: 1:47:24  time: 0.2421  data_time: 0.0072  memory: 2509  loss: 1.0348  loss_rpn_cls: 0.0137  loss_rpn_bbox: 0.0207  s0.loss_cls: 0.1195  s0.acc: 96.0938  s0.loss_bbox: 0.1337  s0.loss_mask: 0.2407  s1.loss_cls: 0.0517  s1.acc: 95.3125  s1.loss_bbox: 0.1489  s1.loss_mask: 0.1219  s2.loss_cls: 0.0315  s2.acc: 96.4286  s2.loss_bbox: 0.0966  s2.loss_mask: 0.0561
2024/01/14 22:30:06 - mmengine - INFO - Epoch(train)  [4][1600/1713]  lr: 2.0000e-02  eta: 1:47:14  time: 0.2421  data_time: 0.0072  memory: 2507  loss: 1.1006  loss_rpn_cls: 0.0144  loss_rpn_bbox: 0.0211  s0.loss_cls: 0.1239  s0.acc: 92.5781  s0.loss_bbox: 0.1459  s0.loss_mask: 0.2462  s1.loss_cls: 0.0538  s1.acc: 95.1613  s1.loss_bbox: 0.1664  s1.loss_mask: 0.1259  s2.loss_cls: 0.0320  s2.acc: 93.2927  s2.loss_bbox: 0.1100  s2.loss_mask: 0.0611
2024/01/14 22:30:18 - mmengine - INFO - Epoch(train)  [4][1650/1713]  lr: 2.0000e-02  eta: 1:47:02  time: 0.2351  data_time: 0.0070  memory: 2506  loss: 1.1131  loss_rpn_cls: 0.0150  loss_rpn_bbox: 0.0208  s0.loss_cls: 0.1357  s0.acc: 92.5781  s0.loss_bbox: 0.1350  s0.loss_mask: 0.2502  s1.loss_cls: 0.0654  s1.acc: 92.3828  s1.loss_bbox: 0.1609  s1.loss_mask: 0.1243  s2.loss_cls: 0.0380  s2.acc: 89.4531  s2.loss_bbox: 0.1080  s2.loss_mask: 0.0598
2024/01/14 22:30:30 - mmengine - INFO - Epoch(train)  [4][1700/1713]  lr: 2.0000e-02  eta: 1:46:51  time: 0.2385  data_time: 0.0071  memory: 2507  loss: 1.0121  loss_rpn_cls: 0.0111  loss_rpn_bbox: 0.0211  s0.loss_cls: 0.1210  s0.acc: 96.2891  s0.loss_bbox: 0.1323  s0.loss_mask: 0.2265  s1.loss_cls: 0.0497  s1.acc: 98.2422  s1.loss_bbox: 0.1466  s1.loss_mask: 0.1148  s2.loss_cls: 0.0280  s2.acc: 98.6000  s2.loss_bbox: 0.1053  s2.loss_mask: 0.0557
2024/01/14 22:30:33 - mmengine - INFO - Exp name: instance_20240114_220316
2024/01/14 22:30:37 - mmengine - INFO - Epoch(val)  [4][50/71]    eta: 0:00:01  time: 0.0877  data_time: 0.0064  memory: 2323  
2024/01/14 22:30:39 - mmengine - INFO - Evaluating bbox...
2024/01/14 22:30:39 - mmengine - INFO - bbox_mAP_copypaste: 0.592 0.908 0.674 0.550 0.647 -1.000
2024/01/14 22:30:39 - mmengine - INFO - Epoch(val) [4][71/71]    coco/bbox_mAP: 0.5920  coco/bbox_mAP_50: 0.9080  coco/bbox_mAP_75: 0.6740  coco/bbox_mAP_s: 0.5500  coco/bbox_mAP_m: 0.6470  coco/bbox_mAP_l: -1.0000  data_time: 0.0061  time: 0.0865
2024/01/14 22:30:39 - mmengine - INFO - The previous best checkpoint /home/hasnatpie/thesis01/results_default20/best_coco_bbox_mAP_epoch_3.pth is removed
2024/01/14 22:30:41 - mmengine - INFO - The best checkpoint with 0.5920 coco/bbox_mAP at 4 epoch is saved to best_coco_bbox_mAP_epoch_4.pth.
2024/01/14 22:30:53 - mmengine - INFO - Epoch(train)  [5][  50/1713]  lr: 2.0000e-02  eta: 1:46:38  time: 0.2413  data_time: 0.0084  memory: 2506  loss: 1.0383  loss_rpn_cls: 0.0100  loss_rpn_bbox: 0.0184  s0.loss_cls: 0.1245  s0.acc: 99.0234  s0.loss_bbox: 0.1367  s0.loss_mask: 0.2397  s1.loss_cls: 0.0564  s1.acc: 98.2422  s1.loss_bbox: 0.1450  s1.loss_mask: 0.1189  s2.loss_cls: 0.0320  s2.acc: 99.2188  s2.loss_bbox: 0.1001  s2.loss_mask: 0.0566
2024/01/14 22:31:05 - mmengine - INFO - Epoch(train)  [5][ 100/1713]  lr: 2.0000e-02  eta: 1:46:27  time: 0.2375  data_time: 0.0067  memory: 2507  loss: 1.0262  loss_rpn_cls: 0.0157  loss_rpn_bbox: 0.0224  s0.loss_cls: 0.1198  s0.acc: 94.1406  s0.loss_bbox: 0.1327  s0.loss_mask: 0.2301  s1.loss_cls: 0.0517  s1.acc: 95.8743  s1.loss_bbox: 0.1499  s1.loss_mask: 0.1168  s2.loss_cls: 0.0298  s2.acc: 90.7662  s2.loss_bbox: 0.1009  s2.loss_mask: 0.0563
2024/01/14 22:31:16 - mmengine - INFO - Exp name: instance_20240114_220316
2024/01/14 22:31:17 - mmengine - INFO - Epoch(train)  [5][ 150/1713]  lr: 2.0000e-02  eta: 1:46:16  time: 0.2386  data_time: 0.0069  memory: 2507  loss: 1.0198  loss_rpn_cls: 0.0130  loss_rpn_bbox: 0.0204  s0.loss_cls: 0.1290  s0.acc: 91.4062  s0.loss_bbox: 0.1347  s0.loss_mask: 0.2248  s1.loss_cls: 0.0592  s1.acc: 92.9032  s1.loss_bbox: 0.1443  s1.loss_mask: 0.1123  s2.loss_cls: 0.0325  s2.acc: 89.1026  s2.loss_bbox: 0.0969  s2.loss_mask: 0.0527
2024/01/14 22:31:28 - mmengine - INFO - Epoch(train)  [5][ 200/1713]  lr: 2.0000e-02  eta: 1:46:05  time: 0.2377  data_time: 0.0074  memory: 2506  loss: 1.0788  loss_rpn_cls: 0.0122  loss_rpn_bbox: 0.0216  s0.loss_cls: 0.1200  s0.acc: 93.9453  s0.loss_bbox: 0.1437  s0.loss_mask: 0.2569  s1.loss_cls: 0.0577  s1.acc: 92.6160  s1.loss_bbox: 0.1525  s1.loss_mask: 0.1269  s2.loss_cls: 0.0328  s2.acc: 90.6114  s2.loss_bbox: 0.0961  s2.loss_mask: 0.0585
2024/01/14 22:31:40 - mmengine - INFO - Epoch(train)  [5][ 250/1713]  lr: 2.0000e-02  eta: 1:45:54  time: 0.2405  data_time: 0.0069  memory: 2473  loss: 1.0698  loss_rpn_cls: 0.0124  loss_rpn_bbox: 0.0190  s0.loss_cls: 0.1233  s0.acc: 93.5547  s0.loss_bbox: 0.1469  s0.loss_mask: 0.2454  s1.loss_cls: 0.0597  s1.acc: 91.8489  s1.loss_bbox: 0.1558  s1.loss_mask: 0.1199  s2.loss_cls: 0.0324  s2.acc: 93.8492  s2.loss_bbox: 0.0985  s2.loss_mask: 0.0566
2024/01/14 22:31:52 - mmengine - INFO - Epoch(train)  [5][ 300/1713]  lr: 2.0000e-02  eta: 1:45:44  time: 0.2395  data_time: 0.0071  memory: 2509  loss: 1.0262  loss_rpn_cls: 0.0098  loss_rpn_bbox: 0.0194  s0.loss_cls: 0.1160  s0.acc: 96.8750  s0.loss_bbox: 0.1368  s0.loss_mask: 0.2344  s1.loss_cls: 0.0508  s1.acc: 95.6000  s1.loss_bbox: 0.1519  s1.loss_mask: 0.1195  s2.loss_cls: 0.0281  s2.acc: 95.7916  s2.loss_bbox: 0.1025  s2.loss_mask: 0.0569
2024/01/14 22:32:05 - mmengine - INFO - Epoch(train)  [5][ 350/1713]  lr: 2.0000e-02  eta: 1:45:34  time: 0.2439  data_time: 0.0071  memory: 2507  loss: 1.0238  loss_rpn_cls: 0.0139  loss_rpn_bbox: 0.0190  s0.loss_cls: 0.1157  s0.acc: 96.8750  s0.loss_bbox: 0.1263  s0.loss_mask: 0.2426  s1.loss_cls: 0.0500  s1.acc: 97.6562  s1.loss_bbox: 0.1470  s1.loss_mask: 0.1228  s2.loss_cls: 0.0289  s2.acc: 97.6562  s2.loss_bbox: 0.0994  s2.loss_mask: 0.0584
2024/01/14 22:32:17 - mmengine - INFO - Epoch(train)  [5][ 400/1713]  lr: 2.0000e-02  eta: 1:45:24  time: 0.2445  data_time: 0.0074  memory: 2507  loss: 1.0704  loss_rpn_cls: 0.0131  loss_rpn_bbox: 0.0262  s0.loss_cls: 0.1185  s0.acc: 90.0391  s0.loss_bbox: 0.1393  s0.loss_mask: 0.2417  s1.loss_cls: 0.0524  s1.acc: 89.6130  s1.loss_bbox: 0.1606  s1.loss_mask: 0.1215  s2.loss_cls: 0.0298  s2.acc: 91.8367  s2.loss_bbox: 0.1078  s2.loss_mask: 0.0594
2024/01/14 22:32:29 - mmengine - INFO - Epoch(train)  [5][ 450/1713]  lr: 2.0000e-02  eta: 1:45:14  time: 0.2424  data_time: 0.0073  memory: 2504  loss: 0.9783  loss_rpn_cls: 0.0106  loss_rpn_bbox: 0.0221  s0.loss_cls: 0.1072  s0.acc: 91.2109  s0.loss_bbox: 0.1243  s0.loss_mask: 0.2294  s1.loss_cls: 0.0476  s1.acc: 91.0204  s1.loss_bbox: 0.1422  s1.loss_mask: 0.1195  s2.loss_cls: 0.0273  s2.acc: 84.9899  s2.loss_bbox: 0.0931  s2.loss_mask: 0.0551
2024/01/14 22:32:42 - mmengine - INFO - Epoch(train)  [5][ 500/1713]  lr: 2.0000e-02  eta: 1:45:06  time: 0.2534  data_time: 0.0079  memory: 2506  loss: 0.9876  loss_rpn_cls: 0.0101  loss_rpn_bbox: 0.0179  s0.loss_cls: 0.1149  s0.acc: 95.5078  s0.loss_bbox: 0.1288  s0.loss_mask: 0.2371  s1.loss_cls: 0.0477  s1.acc: 96.0663  s1.loss_bbox: 0.1368  s1.loss_mask: 0.1201  s2.loss_cls: 0.0282  s2.acc: 95.9916  s2.loss_bbox: 0.0889  s2.loss_mask: 0.0570
2024/01/14 22:32:54 - mmengine - INFO - Epoch(train)  [5][ 550/1713]  lr: 2.0000e-02  eta: 1:44:55  time: 0.2402  data_time: 0.0070  memory: 2507  loss: 1.0152  loss_rpn_cls: 0.0091  loss_rpn_bbox: 0.0178  s0.loss_cls: 0.1140  s0.acc: 97.2656  s0.loss_bbox: 0.1413  s0.loss_mask: 0.2309  s1.loss_cls: 0.0522  s1.acc: 98.6328  s1.loss_bbox: 0.1517  s1.loss_mask: 0.1178  s2.loss_cls: 0.0301  s2.acc: 97.4609  s2.loss_bbox: 0.0952  s2.loss_mask: 0.0552
2024/01/14 22:33:07 - mmengine - INFO - Epoch(train)  [5][ 600/1713]  lr: 2.0000e-02  eta: 1:44:49  time: 0.2662  data_time: 0.0098  memory: 2501  loss: 1.1333  loss_rpn_cls: 0.0127  loss_rpn_bbox: 0.0267  s0.loss_cls: 0.1376  s0.acc: 91.7969  s0.loss_bbox: 0.1483  s0.loss_mask: 0.2542  s1.loss_cls: 0.0618  s1.acc: 92.5156  s1.loss_bbox: 0.1608  s1.loss_mask: 0.1263  s2.loss_cls: 0.0347  s2.acc: 89.7275  s2.loss_bbox: 0.1098  s2.loss_mask: 0.0604
2024/01/14 22:33:20 - mmengine - INFO - Epoch(train)  [5][ 650/1713]  lr: 2.0000e-02  eta: 1:44:44  time: 0.2705  data_time: 0.0101  memory: 2506  loss: 1.0060  loss_rpn_cls: 0.0134  loss_rpn_bbox: 0.0226  s0.loss_cls: 0.1204  s0.acc: 90.4297  s0.loss_bbox: 0.1295  s0.loss_mask: 0.2281  s1.loss_cls: 0.0527  s1.acc: 91.2955  s1.loss_bbox: 0.1422  s1.loss_mask: 0.1170  s2.loss_cls: 0.0281  s2.acc: 89.8785  s2.loss_bbox: 0.0958  s2.loss_mask: 0.0562
2024/01/14 22:33:34 - mmengine - INFO - Epoch(train)  [5][ 700/1713]  lr: 2.0000e-02  eta: 1:44:37  time: 0.2627  data_time: 0.0083  memory: 2507  loss: 1.0045  loss_rpn_cls: 0.0116  loss_rpn_bbox: 0.0201  s0.loss_cls: 0.1150  s0.acc: 93.7500  s0.loss_bbox: 0.1383  s0.loss_mask: 0.2269  s1.loss_cls: 0.0524  s1.acc: 96.4876  s1.loss_bbox: 0.1446  s1.loss_mask: 0.1158  s2.loss_cls: 0.0300  s2.acc: 94.8025  s2.loss_bbox: 0.0951  s2.loss_mask: 0.0546
2024/01/14 22:33:47 - mmengine - INFO - Epoch(train)  [5][ 750/1713]  lr: 2.0000e-02  eta: 1:44:29  time: 0.2586  data_time: 0.0081  memory: 2507  loss: 0.9756  loss_rpn_cls: 0.0121  loss_rpn_bbox: 0.0250  s0.loss_cls: 0.1105  s0.acc: 95.1172  s0.loss_bbox: 0.1179  s0.loss_mask: 0.2386  s1.loss_cls: 0.0524  s1.acc: 96.0938  s1.loss_bbox: 0.1273  s1.loss_mask: 0.1209  s2.loss_cls: 0.0286  s2.acc: 97.6562  s2.loss_bbox: 0.0847  s2.loss_mask: 0.0575
2024/01/14 22:34:00 - mmengine - INFO - Epoch(train)  [5][ 800/1713]  lr: 2.0000e-02  eta: 1:44:23  time: 0.2660  data_time: 0.0090  memory: 2506  loss: 1.0013  loss_rpn_cls: 0.0120  loss_rpn_bbox: 0.0199  s0.loss_cls: 0.1129  s0.acc: 96.6797  s0.loss_bbox: 0.1267  s0.loss_mask: 0.2351  s1.loss_cls: 0.0480  s1.acc: 98.9474  s1.loss_bbox: 0.1434  s1.loss_mask: 0.1203  s2.loss_cls: 0.0287  s2.acc: 94.7368  s2.loss_bbox: 0.0974  s2.loss_mask: 0.0569
2024/01/14 22:34:13 - mmengine - INFO - Epoch(train)  [5][ 850/1713]  lr: 2.0000e-02  eta: 1:44:16  time: 0.2620  data_time: 0.0101  memory: 2507  loss: 1.0833  loss_rpn_cls: 0.0137  loss_rpn_bbox: 0.0216  s0.loss_cls: 0.1232  s0.acc: 96.0938  s0.loss_bbox: 0.1482  s0.loss_mask: 0.2503  s1.loss_cls: 0.0556  s1.acc: 96.5021  s1.loss_bbox: 0.1558  s1.loss_mask: 0.1254  s2.loss_cls: 0.0316  s2.acc: 93.5950  s2.loss_bbox: 0.0986  s2.loss_mask: 0.0593
2024/01/14 22:34:24 - mmengine - INFO - Epoch(train)  [5][ 900/1713]  lr: 2.0000e-02  eta: 1:44:03  time: 0.2309  data_time: 0.0068  memory: 2507  loss: 1.0462  loss_rpn_cls: 0.0138  loss_rpn_bbox: 0.0243  s0.loss_cls: 0.1246  s0.acc: 98.0469  s0.loss_bbox: 0.1297  s0.loss_mask: 0.2495  s1.loss_cls: 0.0575  s1.acc: 98.3740  s1.loss_bbox: 0.1415  s1.loss_mask: 0.1263  s2.loss_cls: 0.0336  s2.acc: 99.5833  s2.loss_bbox: 0.0861  s2.loss_mask: 0.0594
2024/01/14 22:34:37 - mmengine - INFO - Epoch(train)  [5][ 950/1713]  lr: 2.0000e-02  eta: 1:43:53  time: 0.2447  data_time: 0.0070  memory: 2507  loss: 1.0135  loss_rpn_cls: 0.0156  loss_rpn_bbox: 0.0204  s0.loss_cls: 0.1192  s0.acc: 96.4844  s0.loss_bbox: 0.1282  s0.loss_mask: 0.2327  s1.loss_cls: 0.0474  s1.acc: 97.0703  s1.loss_bbox: 0.1452  s1.loss_mask: 0.1195  s2.loss_cls: 0.0274  s2.acc: 96.6797  s2.loss_bbox: 0.0998  s2.loss_mask: 0.0583
2024/01/14 22:34:49 - mmengine - INFO - Epoch(train)  [5][1000/1713]  lr: 2.0000e-02  eta: 1:43:42  time: 0.2386  data_time: 0.0075  memory: 2507  loss: 1.0018  loss_rpn_cls: 0.0121  loss_rpn_bbox: 0.0238  s0.loss_cls: 0.1161  s0.acc: 96.4844  s0.loss_bbox: 0.1218  s0.loss_mask: 0.2319  s1.loss_cls: 0.0501  s1.acc: 97.6562  s1.loss_bbox: 0.1424  s1.loss_mask: 0.1210  s2.loss_cls: 0.0286  s2.acc: 97.0703  s2.loss_bbox: 0.0960  s2.loss_mask: 0.0580
2024/01/14 22:35:00 - mmengine - INFO - Epoch(train)  [5][1050/1713]  lr: 2.0000e-02  eta: 1:43:29  time: 0.2310  data_time: 0.0067  memory: 2506  loss: 0.9692  loss_rpn_cls: 0.0134  loss_rpn_bbox: 0.0179  s0.loss_cls: 0.1036  s0.acc: 99.2188  s0.loss_bbox: 0.1209  s0.loss_mask: 0.2401  s1.loss_cls: 0.0430  s1.acc: 100.0000  s1.loss_bbox: 0.1350  s1.loss_mask: 0.1205  s2.loss_cls: 0.0228  s2.acc: 99.2188  s2.loss_bbox: 0.0953  s2.loss_mask: 0.0568
2024/01/14 22:35:12 - mmengine - INFO - Epoch(train)  [5][1100/1713]  lr: 2.0000e-02  eta: 1:43:17  time: 0.2354  data_time: 0.0069  memory: 2507  loss: 0.9141  loss_rpn_cls: 0.0190  loss_rpn_bbox: 0.0184  s0.loss_cls: 0.0969  s0.acc: 95.1172  s0.loss_bbox: 0.1067  s0.loss_mask: 0.2311  s1.loss_cls: 0.0392  s1.acc: 96.3203  s1.loss_bbox: 0.1230  s1.loss_mask: 0.1162  s2.loss_cls: 0.0213  s2.acc: 96.1969  s2.loss_bbox: 0.0865  s2.loss_mask: 0.0559
2024/01/14 22:35:23 - mmengine - INFO - Exp name: instance_20240114_220316
2024/01/14 22:35:24 - mmengine - INFO - Epoch(train)  [5][1150/1713]  lr: 2.0000e-02  eta: 1:43:05  time: 0.2353  data_time: 0.0071  memory: 2506  loss: 0.9766  loss_rpn_cls: 0.0094  loss_rpn_bbox: 0.0179  s0.loss_cls: 0.1041  s0.acc: 94.1406  s0.loss_bbox: 0.1297  s0.loss_mask: 0.2409  s1.loss_cls: 0.0441  s1.acc: 94.1406  s1.loss_bbox: 0.1375  s1.loss_mask: 0.1213  s2.loss_cls: 0.0255  s2.acc: 91.2109  s2.loss_bbox: 0.0897  s2.loss_mask: 0.0565
2024/01/14 22:35:36 - mmengine - INFO - Epoch(train)  [5][1200/1713]  lr: 2.0000e-02  eta: 1:42:54  time: 0.2357  data_time: 0.0070  memory: 2486  loss: 0.9775  loss_rpn_cls: 0.0112  loss_rpn_bbox: 0.0170  s0.loss_cls: 0.1133  s0.acc: 94.9219  s0.loss_bbox: 0.1250  s0.loss_mask: 0.2366  s1.loss_cls: 0.0480  s1.acc: 95.0495  s1.loss_bbox: 0.1355  s1.loss_mask: 0.1195  s2.loss_cls: 0.0276  s2.acc: 93.6634  s2.loss_bbox: 0.0876  s2.loss_mask: 0.0564
2024/01/14 22:35:47 - mmengine - INFO - Epoch(train)  [5][1250/1713]  lr: 2.0000e-02  eta: 1:42:41  time: 0.2297  data_time: 0.0068  memory: 2472  loss: 0.9662  loss_rpn_cls: 0.0121  loss_rpn_bbox: 0.0185  s0.loss_cls: 0.1054  s0.acc: 95.7031  s0.loss_bbox: 0.1255  s0.loss_mask: 0.2429  s1.loss_cls: 0.0477  s1.acc: 96.8750  s1.loss_bbox: 0.1299  s1.loss_mask: 0.1191  s2.loss_cls: 0.0276  s2.acc: 97.6562  s2.loss_bbox: 0.0821  s2.loss_mask: 0.0554
2024/01/14 22:35:59 - mmengine - INFO - Epoch(train)  [5][1300/1713]  lr: 2.0000e-02  eta: 1:42:29  time: 0.2364  data_time: 0.0071  memory: 2507  loss: 1.0377  loss_rpn_cls: 0.0120  loss_rpn_bbox: 0.0220  s0.loss_cls: 0.1291  s0.acc: 95.3125  s0.loss_bbox: 0.1350  s0.loss_mask: 0.2424  s1.loss_cls: 0.0562  s1.acc: 96.0938  s1.loss_bbox: 0.1427  s1.loss_mask: 0.1190  s2.loss_cls: 0.0324  s2.acc: 96.4844  s2.loss_bbox: 0.0908  s2.loss_mask: 0.0564
2024/01/14 22:36:10 - mmengine - INFO - Epoch(train)  [5][1350/1713]  lr: 2.0000e-02  eta: 1:42:17  time: 0.2333  data_time: 0.0072  memory: 2505  loss: 1.0038  loss_rpn_cls: 0.0129  loss_rpn_bbox: 0.0212  s0.loss_cls: 0.1174  s0.acc: 92.7734  s0.loss_bbox: 0.1236  s0.loss_mask: 0.2382  s1.loss_cls: 0.0527  s1.acc: 97.7679  s1.loss_bbox: 0.1416  s1.loss_mask: 0.1180  s2.loss_cls: 0.0294  s2.acc: 97.3621  s2.loss_bbox: 0.0919  s2.loss_mask: 0.0569
2024/01/14 22:36:22 - mmengine - INFO - Epoch(train)  [5][1400/1713]  lr: 2.0000e-02  eta: 1:42:06  time: 0.2375  data_time: 0.0072  memory: 2507  loss: 0.9389  loss_rpn_cls: 0.0119  loss_rpn_bbox: 0.0192  s0.loss_cls: 0.1101  s0.acc: 96.4844  s0.loss_bbox: 0.1097  s0.loss_mask: 0.2315  s1.loss_cls: 0.0499  s1.acc: 97.5877  s1.loss_bbox: 0.1239  s1.loss_mask: 0.1142  s2.loss_cls: 0.0284  s2.acc: 97.9358  s2.loss_bbox: 0.0850  s2.loss_mask: 0.0550
2024/01/14 22:36:34 - mmengine - INFO - Epoch(train)  [5][1450/1713]  lr: 2.0000e-02  eta: 1:41:53  time: 0.2320  data_time: 0.0071  memory: 2509  loss: 0.9599  loss_rpn_cls: 0.0118  loss_rpn_bbox: 0.0159  s0.loss_cls: 0.1122  s0.acc: 89.2578  s0.loss_bbox: 0.1266  s0.loss_mask: 0.2250  s1.loss_cls: 0.0496  s1.acc: 90.6561  s1.loss_bbox: 0.1341  s1.loss_mask: 0.1135  s2.loss_cls: 0.0275  s2.acc: 89.0000  s2.loss_bbox: 0.0897  s2.loss_mask: 0.0540
2024/01/14 22:36:45 - mmengine - INFO - Epoch(train)  [5][1500/1713]  lr: 2.0000e-02  eta: 1:41:41  time: 0.2287  data_time: 0.0069  memory: 2507  loss: 0.9481  loss_rpn_cls: 0.0104  loss_rpn_bbox: 0.0205  s0.loss_cls: 0.0987  s0.acc: 95.8984  s0.loss_bbox: 0.1156  s0.loss_mask: 0.2436  s1.loss_cls: 0.0456  s1.acc: 96.3489  s1.loss_bbox: 0.1274  s1.loss_mask: 0.1198  s2.loss_cls: 0.0253  s2.acc: 96.6942  s2.loss_bbox: 0.0831  s2.loss_mask: 0.0580
2024/01/14 22:36:57 - mmengine - INFO - Epoch(train)  [5][1550/1713]  lr: 2.0000e-02  eta: 1:41:29  time: 0.2374  data_time: 0.0069  memory: 2507  loss: 0.9955  loss_rpn_cls: 0.0113  loss_rpn_bbox: 0.0188  s0.loss_cls: 0.1121  s0.acc: 94.7266  s0.loss_bbox: 0.1268  s0.loss_mask: 0.2311  s1.loss_cls: 0.0486  s1.acc: 93.5421  s1.loss_bbox: 0.1445  s1.loss_mask: 0.1185  s2.loss_cls: 0.0272  s2.acc: 93.5421  s2.loss_bbox: 0.0998  s2.loss_mask: 0.0566
2024/01/14 22:37:09 - mmengine - INFO - Epoch(train)  [5][1600/1713]  lr: 2.0000e-02  eta: 1:41:18  time: 0.2387  data_time: 0.0070  memory: 2505  loss: 0.9659  loss_rpn_cls: 0.0105  loss_rpn_bbox: 0.0214  s0.loss_cls: 0.1086  s0.acc: 95.3125  s0.loss_bbox: 0.1255  s0.loss_mask: 0.2299  s1.loss_cls: 0.0465  s1.acc: 92.9688  s1.loss_bbox: 0.1364  s1.loss_mask: 0.1159  s2.loss_cls: 0.0247  s2.acc: 93.7500  s2.loss_bbox: 0.0903  s2.loss_mask: 0.0560
2024/01/14 22:37:21 - mmengine - INFO - Epoch(train)  [5][1650/1713]  lr: 2.0000e-02  eta: 1:41:05  time: 0.2314  data_time: 0.0065  memory: 2505  loss: 0.8789  loss_rpn_cls: 0.0081  loss_rpn_bbox: 0.0162  s0.loss_cls: 0.0995  s0.acc: 93.9453  s0.loss_bbox: 0.1029  s0.loss_mask: 0.2099  s1.loss_cls: 0.0439  s1.acc: 90.0391  s1.loss_bbox: 0.1274  s1.loss_mask: 0.1071  s2.loss_cls: 0.0255  s2.acc: 93.5547  s2.loss_bbox: 0.0865  s2.loss_mask: 0.0518
2024/01/14 22:37:33 - mmengine - INFO - Epoch(train)  [5][1700/1713]  lr: 2.0000e-02  eta: 1:40:54  time: 0.2364  data_time: 0.0073  memory: 2506  loss: 0.9933  loss_rpn_cls: 0.0105  loss_rpn_bbox: 0.0218  s0.loss_cls: 0.1070  s0.acc: 95.1172  s0.loss_bbox: 0.1242  s0.loss_mask: 0.2390  s1.loss_cls: 0.0464  s1.acc: 96.1123  s1.loss_bbox: 0.1397  s1.loss_mask: 0.1215  s2.loss_cls: 0.0268  s2.acc: 96.2054  s2.loss_bbox: 0.0987  s2.loss_mask: 0.0577
2024/01/14 22:37:36 - mmengine - INFO - Exp name: instance_20240114_220316
2024/01/14 22:37:40 - mmengine - INFO - Epoch(val)  [5][50/71]    eta: 0:00:01  time: 0.0857  data_time: 0.0065  memory: 2506  
2024/01/14 22:37:42 - mmengine - INFO - Evaluating bbox...
2024/01/14 22:37:42 - mmengine - INFO - bbox_mAP_copypaste: 0.608 0.917 0.693 0.562 0.666 -1.000
2024/01/14 22:37:42 - mmengine - INFO - Epoch(val) [5][71/71]    coco/bbox_mAP: 0.6080  coco/bbox_mAP_50: 0.9170  coco/bbox_mAP_75: 0.6930  coco/bbox_mAP_s: 0.5620  coco/bbox_mAP_m: 0.6660  coco/bbox_mAP_l: -1.0000  data_time: 0.0062  time: 0.0843
2024/01/14 22:37:42 - mmengine - INFO - The previous best checkpoint /home/hasnatpie/thesis01/results_default20/best_coco_bbox_mAP_epoch_4.pth is removed
2024/01/14 22:37:44 - mmengine - INFO - The best checkpoint with 0.6080 coco/bbox_mAP at 5 epoch is saved to best_coco_bbox_mAP_epoch_5.pth.
2024/01/14 22:37:56 - mmengine - INFO - Epoch(train)  [6][  50/1713]  lr: 2.0000e-02  eta: 1:40:42  time: 0.2543  data_time: 0.0101  memory: 2506  loss: 1.0229  loss_rpn_cls: 0.0102  loss_rpn_bbox: 0.0217  s0.loss_cls: 0.1166  s0.acc: 91.0156  s0.loss_bbox: 0.1293  s0.loss_mask: 0.2479  s1.loss_cls: 0.0539  s1.acc: 89.4118  s1.loss_bbox: 0.1404  s1.loss_mask: 0.1238  s2.loss_cls: 0.0302  s2.acc: 90.9804  s2.loss_bbox: 0.0907  s2.loss_mask: 0.0583
2024/01/14 22:38:08 - mmengine - INFO - Epoch(train)  [6][ 100/1713]  lr: 2.0000e-02  eta: 1:40:30  time: 0.2346  data_time: 0.0071  memory: 2509  loss: 0.9594  loss_rpn_cls: 0.0100  loss_rpn_bbox: 0.0170  s0.loss_cls: 0.1105  s0.acc: 98.0469  s0.loss_bbox: 0.1249  s0.loss_mask: 0.2353  s1.loss_cls: 0.0477  s1.acc: 98.0469  s1.loss_bbox: 0.1290  s1.loss_mask: 0.1176  s2.loss_cls: 0.0271  s2.acc: 94.1406  s2.loss_bbox: 0.0852  s2.loss_mask: 0.0552
2024/01/14 22:38:20 - mmengine - INFO - Epoch(train)  [6][ 150/1713]  lr: 2.0000e-02  eta: 1:40:18  time: 0.2324  data_time: 0.0070  memory: 2505  loss: 0.8861  loss_rpn_cls: 0.0101  loss_rpn_bbox: 0.0192  s0.loss_cls: 0.1059  s0.acc: 96.2891  s0.loss_bbox: 0.1116  s0.loss_mask: 0.2202  s1.loss_cls: 0.0438  s1.acc: 96.8619  s1.loss_bbox: 0.1163  s1.loss_mask: 0.1075  s2.loss_cls: 0.0239  s2.acc: 97.2222  s2.loss_bbox: 0.0764  s2.loss_mask: 0.0511
2024/01/14 22:38:32 - mmengine - INFO - Epoch(train)  [6][ 200/1713]  lr: 2.0000e-02  eta: 1:40:07  time: 0.2420  data_time: 0.0072  memory: 2507  loss: 0.9169  loss_rpn_cls: 0.0078  loss_rpn_bbox: 0.0164  s0.loss_cls: 0.1055  s0.acc: 94.7266  s0.loss_bbox: 0.1162  s0.loss_mask: 0.2285  s1.loss_cls: 0.0428  s1.acc: 96.1145  s1.loss_bbox: 0.1224  s1.loss_mask: 0.1152  s2.loss_cls: 0.0230  s2.acc: 96.2656  s2.loss_bbox: 0.0838  s2.loss_mask: 0.0554
2024/01/14 22:38:44 - mmengine - INFO - Epoch(train)  [6][ 250/1713]  lr: 2.0000e-02  eta: 1:39:56  time: 0.2378  data_time: 0.0069  memory: 2507  loss: 0.9537  loss_rpn_cls: 0.0072  loss_rpn_bbox: 0.0182  s0.loss_cls: 0.0987  s0.acc: 95.5078  s0.loss_bbox: 0.1254  s0.loss_mask: 0.2350  s1.loss_cls: 0.0431  s1.acc: 95.1710  s1.loss_bbox: 0.1328  s1.loss_mask: 0.1188  s2.loss_cls: 0.0252  s2.acc: 91.1469  s2.loss_bbox: 0.0925  s2.loss_mask: 0.0568
2024/01/14 22:38:55 - mmengine - INFO - Epoch(train)  [6][ 300/1713]  lr: 2.0000e-02  eta: 1:39:44  time: 0.2367  data_time: 0.0072  memory: 2505  loss: 0.9323  loss_rpn_cls: 0.0096  loss_rpn_bbox: 0.0184  s0.loss_cls: 0.1034  s0.acc: 98.0469  s0.loss_bbox: 0.1189  s0.loss_mask: 0.2312  s1.loss_cls: 0.0424  s1.acc: 98.1855  s1.loss_bbox: 0.1277  s1.loss_mask: 0.1161  s2.loss_cls: 0.0230  s2.acc: 98.7315  s2.loss_bbox: 0.0863  s2.loss_mask: 0.0553
2024/01/14 22:39:08 - mmengine - INFO - Epoch(train)  [6][ 350/1713]  lr: 2.0000e-02  eta: 1:39:33  time: 0.2422  data_time: 0.0072  memory: 2507  loss: 0.8689  loss_rpn_cls: 0.0110  loss_rpn_bbox: 0.0162  s0.loss_cls: 0.0916  s0.acc: 96.4844  s0.loss_bbox: 0.1025  s0.loss_mask: 0.2179  s1.loss_cls: 0.0371  s1.acc: 97.5104  s1.loss_bbox: 0.1199  s1.loss_mask: 0.1110  s2.loss_cls: 0.0207  s2.acc: 98.5106  s2.loss_bbox: 0.0860  s2.loss_mask: 0.0551
2024/01/14 22:39:20 - mmengine - INFO - Epoch(train)  [6][ 400/1713]  lr: 2.0000e-02  eta: 1:39:22  time: 0.2400  data_time: 0.0070  memory: 2507  loss: 1.0172  loss_rpn_cls: 0.0100  loss_rpn_bbox: 0.0198  s0.loss_cls: 0.1235  s0.acc: 94.3359  s0.loss_bbox: 0.1269  s0.loss_mask: 0.2347  s1.loss_cls: 0.0568  s1.acc: 94.7266  s1.loss_bbox: 0.1406  s1.loss_mask: 0.1175  s2.loss_cls: 0.0320  s2.acc: 95.3125  s2.loss_bbox: 0.0992  s2.loss_mask: 0.0563
2024/01/14 22:39:28 - mmengine - INFO - Exp name: instance_20240114_220316
2024/01/14 22:39:31 - mmengine - INFO - Epoch(train)  [6][ 450/1713]  lr: 2.0000e-02  eta: 1:39:10  time: 0.2320  data_time: 0.0071  memory: 2507  loss: 0.9347  loss_rpn_cls: 0.0087  loss_rpn_bbox: 0.0199  s0.loss_cls: 0.1019  s0.acc: 95.7031  s0.loss_bbox: 0.1186  s0.loss_mask: 0.2260  s1.loss_cls: 0.0467  s1.acc: 93.1641  s1.loss_bbox: 0.1332  s1.loss_mask: 0.1139  s2.loss_cls: 0.0257  s2.acc: 94.3359  s2.loss_bbox: 0.0866  s2.loss_mask: 0.0535
2024/01/14 22:39:43 - mmengine - INFO - Epoch(train)  [6][ 500/1713]  lr: 2.0000e-02  eta: 1:38:59  time: 0.2449  data_time: 0.0077  memory: 2505  loss: 1.0508  loss_rpn_cls: 0.0242  loss_rpn_bbox: 0.0230  s0.loss_cls: 0.1245  s0.acc: 91.9922  s0.loss_bbox: 0.1294  s0.loss_mask: 0.2329  s1.loss_cls: 0.0546  s1.acc: 94.3750  s1.loss_bbox: 0.1493  s1.loss_mask: 0.1217  s2.loss_cls: 0.0307  s2.acc: 91.7526  s2.loss_bbox: 0.1022  s2.loss_mask: 0.0582
2024/01/14 22:39:56 - mmengine - INFO - Epoch(train)  [6][ 550/1713]  lr: 2.0000e-02  eta: 1:38:48  time: 0.2428  data_time: 0.0073  memory: 2506  loss: 0.9774  loss_rpn_cls: 0.0152  loss_rpn_bbox: 0.0221  s0.loss_cls: 0.1192  s0.acc: 96.8750  s0.loss_bbox: 0.1275  s0.loss_mask: 0.2278  s1.loss_cls: 0.0488  s1.acc: 97.3523  s1.loss_bbox: 0.1331  s1.loss_mask: 0.1144  s2.loss_cls: 0.0262  s2.acc: 97.7366  s2.loss_bbox: 0.0897  s2.loss_mask: 0.0533
2024/01/14 22:40:07 - mmengine - INFO - Epoch(train)  [6][ 600/1713]  lr: 2.0000e-02  eta: 1:38:36  time: 0.2308  data_time: 0.0066  memory: 2509  loss: 0.9579  loss_rpn_cls: 0.0131  loss_rpn_bbox: 0.0188  s0.loss_cls: 0.1034  s0.acc: 97.6562  s0.loss_bbox: 0.1202  s0.loss_mask: 0.2362  s1.loss_cls: 0.0436  s1.acc: 97.2656  s1.loss_bbox: 0.1307  s1.loss_mask: 0.1185  s2.loss_cls: 0.0245  s2.acc: 95.3125  s2.loss_bbox: 0.0919  s2.loss_mask: 0.0569
2024/01/14 22:40:19 - mmengine - INFO - Epoch(train)  [6][ 650/1713]  lr: 2.0000e-02  eta: 1:38:25  time: 0.2431  data_time: 0.0073  memory: 2507  loss: 0.9868  loss_rpn_cls: 0.0126  loss_rpn_bbox: 0.0199  s0.loss_cls: 0.1167  s0.acc: 94.9219  s0.loss_bbox: 0.1297  s0.loss_mask: 0.2368  s1.loss_cls: 0.0491  s1.acc: 97.2000  s1.loss_bbox: 0.1341  s1.loss_mask: 0.1183  s2.loss_cls: 0.0274  s2.acc: 96.9512  s2.loss_bbox: 0.0861  s2.loss_mask: 0.0560
2024/01/14 22:40:31 - mmengine - INFO - Epoch(train)  [6][ 700/1713]  lr: 2.0000e-02  eta: 1:38:14  time: 0.2431  data_time: 0.0072  memory: 2505  loss: 0.9253  loss_rpn_cls: 0.0137  loss_rpn_bbox: 0.0195  s0.loss_cls: 0.1127  s0.acc: 88.6719  s0.loss_bbox: 0.1157  s0.loss_mask: 0.2226  s1.loss_cls: 0.0488  s1.acc: 85.5711  s1.loss_bbox: 0.1224  s1.loss_mask: 0.1125  s2.loss_cls: 0.0265  s2.acc: 79.6000  s2.loss_bbox: 0.0780  s2.loss_mask: 0.0531
2024/01/14 22:40:43 - mmengine - INFO - Epoch(train)  [6][ 750/1713]  lr: 2.0000e-02  eta: 1:38:03  time: 0.2401  data_time: 0.0074  memory: 2507  loss: 0.9601  loss_rpn_cls: 0.0123  loss_rpn_bbox: 0.0232  s0.loss_cls: 0.1050  s0.acc: 94.5312  s0.loss_bbox: 0.1176  s0.loss_mask: 0.2293  s1.loss_cls: 0.0427  s1.acc: 96.2891  s1.loss_bbox: 0.1366  s1.loss_mask: 0.1168  s2.loss_cls: 0.0252  s2.acc: 98.6328  s2.loss_bbox: 0.0958  s2.loss_mask: 0.0556
2024/01/14 22:40:55 - mmengine - INFO - Epoch(train)  [6][ 800/1713]  lr: 2.0000e-02  eta: 1:37:52  time: 0.2390  data_time: 0.0074  memory: 2500  loss: 0.9758  loss_rpn_cls: 0.0097  loss_rpn_bbox: 0.0194  s0.loss_cls: 0.1105  s0.acc: 90.8203  s0.loss_bbox: 0.1239  s0.loss_mask: 0.2306  s1.loss_cls: 0.0477  s1.acc: 89.8608  s1.loss_bbox: 0.1404  s1.loss_mask: 0.1174  s2.loss_cls: 0.0272  s2.acc: 84.5238  s2.loss_bbox: 0.0926  s2.loss_mask: 0.0566
2024/01/14 22:41:07 - mmengine - INFO - Epoch(train)  [6][ 850/1713]  lr: 2.0000e-02  eta: 1:37:40  time: 0.2370  data_time: 0.0068  memory: 2420  loss: 0.9694  loss_rpn_cls: 0.0135  loss_rpn_bbox: 0.0216  s0.loss_cls: 0.1096  s0.acc: 96.6797  s0.loss_bbox: 0.1254  s0.loss_mask: 0.2288  s1.loss_cls: 0.0447  s1.acc: 95.5285  s1.loss_bbox: 0.1391  s1.loss_mask: 0.1167  s2.loss_cls: 0.0280  s2.acc: 96.9636  s2.loss_bbox: 0.0857  s2.loss_mask: 0.0562
2024/01/14 22:41:19 - mmengine - INFO - Epoch(train)  [6][ 900/1713]  lr: 2.0000e-02  eta: 1:37:29  time: 0.2450  data_time: 0.0074  memory: 2507  loss: 0.9367  loss_rpn_cls: 0.0109  loss_rpn_bbox: 0.0177  s0.loss_cls: 0.1075  s0.acc: 97.8516  s0.loss_bbox: 0.1230  s0.loss_mask: 0.2241  s1.loss_cls: 0.0425  s1.acc: 99.6094  s1.loss_bbox: 0.1345  s1.loss_mask: 0.1136  s2.loss_cls: 0.0244  s2.acc: 99.0234  s2.loss_bbox: 0.0848  s2.loss_mask: 0.0537
2024/01/14 22:41:32 - mmengine - INFO - Epoch(train)  [6][ 950/1713]  lr: 2.0000e-02  eta: 1:37:18  time: 0.2425  data_time: 0.0077  memory: 2507  loss: 1.0129  loss_rpn_cls: 0.0156  loss_rpn_bbox: 0.0283  s0.loss_cls: 0.1113  s0.acc: 96.8750  s0.loss_bbox: 0.1314  s0.loss_mask: 0.2360  s1.loss_cls: 0.0508  s1.acc: 97.2112  s1.loss_bbox: 0.1399  s1.loss_mask: 0.1180  s2.loss_cls: 0.0276  s2.acc: 96.0080  s2.loss_bbox: 0.0969  s2.loss_mask: 0.0571
2024/01/14 22:41:43 - mmengine - INFO - Epoch(train)  [6][1000/1713]  lr: 2.0000e-02  eta: 1:37:07  time: 0.2369  data_time: 0.0076  memory: 2499  loss: 0.9137  loss_rpn_cls: 0.0119  loss_rpn_bbox: 0.0207  s0.loss_cls: 0.1061  s0.acc: 91.9922  s0.loss_bbox: 0.1103  s0.loss_mask: 0.2169  s1.loss_cls: 0.0436  s1.acc: 96.9095  s1.loss_bbox: 0.1258  s1.loss_mask: 0.1120  s2.loss_cls: 0.0258  s2.acc: 93.4685  s2.loss_bbox: 0.0880  s2.loss_mask: 0.0526
2024/01/14 22:41:55 - mmengine - INFO - Epoch(train)  [6][1050/1713]  lr: 2.0000e-02  eta: 1:36:55  time: 0.2371  data_time: 0.0073  memory: 2508  loss: 0.9466  loss_rpn_cls: 0.0095  loss_rpn_bbox: 0.0186  s0.loss_cls: 0.1070  s0.acc: 97.4609  s0.loss_bbox: 0.1196  s0.loss_mask: 0.2315  s1.loss_cls: 0.0441  s1.acc: 97.6562  s1.loss_bbox: 0.1314  s1.loss_mask: 0.1169  s2.loss_cls: 0.0236  s2.acc: 98.8281  s2.loss_bbox: 0.0896  s2.loss_mask: 0.0547
2024/01/14 22:42:07 - mmengine - INFO - Epoch(train)  [6][1100/1713]  lr: 2.0000e-02  eta: 1:36:44  time: 0.2392  data_time: 0.0074  memory: 2509  loss: 0.9082  loss_rpn_cls: 0.0157  loss_rpn_bbox: 0.0192  s0.loss_cls: 0.1017  s0.acc: 93.5547  s0.loss_bbox: 0.1116  s0.loss_mask: 0.2264  s1.loss_cls: 0.0420  s1.acc: 95.1172  s1.loss_bbox: 0.1197  s1.loss_mask: 0.1135  s2.loss_cls: 0.0226  s2.acc: 94.7266  s2.loss_bbox: 0.0821  s2.loss_mask: 0.0537
2024/01/14 22:42:19 - mmengine - INFO - Epoch(train)  [6][1150/1713]  lr: 2.0000e-02  eta: 1:36:33  time: 0.2409  data_time: 0.0073  memory: 2507  loss: 0.9203  loss_rpn_cls: 0.0093  loss_rpn_bbox: 0.0155  s0.loss_cls: 0.1086  s0.acc: 94.1406  s0.loss_bbox: 0.1160  s0.loss_mask: 0.2181  s1.loss_cls: 0.0462  s1.acc: 95.1904  s1.loss_bbox: 0.1293  s1.loss_mask: 0.1090  s2.loss_cls: 0.0236  s2.acc: 92.9860  s2.loss_bbox: 0.0918  s2.loss_mask: 0.0528
2024/01/14 22:42:32 - mmengine - INFO - Epoch(train)  [6][1200/1713]  lr: 2.0000e-02  eta: 1:36:22  time: 0.2441  data_time: 0.0073  memory: 2501  loss: 1.0123  loss_rpn_cls: 0.0101  loss_rpn_bbox: 0.0206  s0.loss_cls: 0.1173  s0.acc: 96.2891  s0.loss_bbox: 0.1298  s0.loss_mask: 0.2319  s1.loss_cls: 0.0502  s1.acc: 97.0894  s1.loss_bbox: 0.1482  s1.loss_mask: 0.1181  s2.loss_cls: 0.0291  s2.acc: 95.5319  s2.loss_bbox: 0.1005  s2.loss_mask: 0.0566
2024/01/14 22:42:43 - mmengine - INFO - Epoch(train)  [6][1250/1713]  lr: 2.0000e-02  eta: 1:36:09  time: 0.2310  data_time: 0.0069  memory: 2507  loss: 0.9325  loss_rpn_cls: 0.0090  loss_rpn_bbox: 0.0170  s0.loss_cls: 0.1030  s0.acc: 97.2656  s0.loss_bbox: 0.1115  s0.loss_mask: 0.2370  s1.loss_cls: 0.0429  s1.acc: 97.6562  s1.loss_bbox: 0.1247  s1.loss_mask: 0.1208  s2.loss_cls: 0.0225  s2.acc: 96.4844  s2.loss_bbox: 0.0876  s2.loss_mask: 0.0565
2024/01/14 22:42:55 - mmengine - INFO - Epoch(train)  [6][1300/1713]  lr: 2.0000e-02  eta: 1:35:58  time: 0.2395  data_time: 0.0075  memory: 2507  loss: 0.9322  loss_rpn_cls: 0.0103  loss_rpn_bbox: 0.0214  s0.loss_cls: 0.1082  s0.acc: 97.2656  s0.loss_bbox: 0.1160  s0.loss_mask: 0.2224  s1.loss_cls: 0.0439  s1.acc: 98.2422  s1.loss_bbox: 0.1275  s1.loss_mask: 0.1138  s2.loss_cls: 0.0234  s2.acc: 98.8281  s2.loss_bbox: 0.0899  s2.loss_mask: 0.0554
2024/01/14 22:43:07 - mmengine - INFO - Epoch(train)  [6][1350/1713]  lr: 2.0000e-02  eta: 1:35:47  time: 0.2399  data_time: 0.0072  memory: 2507  loss: 0.8822  loss_rpn_cls: 0.0110  loss_rpn_bbox: 0.0163  s0.loss_cls: 0.1079  s0.acc: 97.4609  s0.loss_bbox: 0.1031  s0.loss_mask: 0.2141  s1.loss_cls: 0.0506  s1.acc: 97.2656  s1.loss_bbox: 0.1115  s1.loss_mask: 0.1099  s2.loss_cls: 0.0274  s2.acc: 97.6562  s2.loss_bbox: 0.0777  s2.loss_mask: 0.0525
2024/01/14 22:43:20 - mmengine - INFO - Epoch(train)  [6][1400/1713]  lr: 2.0000e-02  eta: 1:35:37  time: 0.2513  data_time: 0.0076  memory: 2508  loss: 0.9888  loss_rpn_cls: 0.0139  loss_rpn_bbox: 0.0198  s0.loss_cls: 0.1115  s0.acc: 96.6797  s0.loss_bbox: 0.1308  s0.loss_mask: 0.2404  s1.loss_cls: 0.0456  s1.acc: 97.2656  s1.loss_bbox: 0.1332  s1.loss_mask: 0.1208  s2.loss_cls: 0.0240  s2.acc: 98.4375  s2.loss_bbox: 0.0919  s2.loss_mask: 0.0571
2024/01/14 22:43:28 - mmengine - INFO - Exp name: instance_20240114_220316
2024/01/14 22:43:32 - mmengine - INFO - Epoch(train)  [6][1450/1713]  lr: 2.0000e-02  eta: 1:35:26  time: 0.2427  data_time: 0.0070  memory: 2507  loss: 0.9830  loss_rpn_cls: 0.0140  loss_rpn_bbox: 0.0199  s0.loss_cls: 0.1175  s0.acc: 97.2656  s0.loss_bbox: 0.1348  s0.loss_mask: 0.2281  s1.loss_cls: 0.0497  s1.acc: 96.6797  s1.loss_bbox: 0.1334  s1.loss_mask: 0.1146  s2.loss_cls: 0.0283  s2.acc: 98.4375  s2.loss_bbox: 0.0894  s2.loss_mask: 0.0533
2024/01/14 22:43:44 - mmengine - INFO - Epoch(train)  [6][1500/1713]  lr: 2.0000e-02  eta: 1:35:14  time: 0.2367  data_time: 0.0071  memory: 2509  loss: 1.0037  loss_rpn_cls: 0.0163  loss_rpn_bbox: 0.0207  s0.loss_cls: 0.1155  s0.acc: 98.2422  s0.loss_bbox: 0.1286  s0.loss_mask: 0.2361  s1.loss_cls: 0.0493  s1.acc: 98.0469  s1.loss_bbox: 0.1391  s1.loss_mask: 0.1199  s2.loss_cls: 0.0267  s2.acc: 100.0000  s2.loss_bbox: 0.0934  s2.loss_mask: 0.0579
2024/01/14 22:43:55 - mmengine - INFO - Epoch(train)  [6][1550/1713]  lr: 2.0000e-02  eta: 1:35:02  time: 0.2317  data_time: 0.0069  memory: 2505  loss: 0.8921  loss_rpn_cls: 0.0080  loss_rpn_bbox: 0.0203  s0.loss_cls: 0.0984  s0.acc: 97.4609  s0.loss_bbox: 0.1085  s0.loss_mask: 0.2146  s1.loss_cls: 0.0387  s1.acc: 98.8281  s1.loss_bbox: 0.1312  s1.loss_mask: 0.1127  s2.loss_cls: 0.0223  s2.acc: 99.8047  s2.loss_bbox: 0.0838  s2.loss_mask: 0.0536
2024/01/14 22:44:07 - mmengine - INFO - Epoch(train)  [6][1600/1713]  lr: 2.0000e-02  eta: 1:34:50  time: 0.2363  data_time: 0.0071  memory: 2507  loss: 0.9500  loss_rpn_cls: 0.0145  loss_rpn_bbox: 0.0191  s0.loss_cls: 0.1159  s0.acc: 93.9453  s0.loss_bbox: 0.1220  s0.loss_mask: 0.2293  s1.loss_cls: 0.0491  s1.acc: 90.2344  s1.loss_bbox: 0.1201  s1.loss_mask: 0.1153  s2.loss_cls: 0.0247  s2.acc: 87.8906  s2.loss_bbox: 0.0849  s2.loss_mask: 0.0551
2024/01/14 22:44:19 - mmengine - INFO - Epoch(train)  [6][1650/1713]  lr: 2.0000e-02  eta: 1:34:38  time: 0.2368  data_time: 0.0076  memory: 2507  loss: 0.9586  loss_rpn_cls: 0.0158  loss_rpn_bbox: 0.0213  s0.loss_cls: 0.1073  s0.acc: 93.5547  s0.loss_bbox: 0.1215  s0.loss_mask: 0.2349  s1.loss_cls: 0.0454  s1.acc: 96.2882  s1.loss_bbox: 0.1292  s1.loss_mask: 0.1178  s2.loss_cls: 0.0232  s2.acc: 96.3719  s2.loss_bbox: 0.0857  s2.loss_mask: 0.0563
2024/01/14 22:44:31 - mmengine - INFO - Epoch(train)  [6][1700/1713]  lr: 2.0000e-02  eta: 1:34:27  time: 0.2393  data_time: 0.0075  memory: 2509  loss: 0.9448  loss_rpn_cls: 0.0127  loss_rpn_bbox: 0.0205  s0.loss_cls: 0.1147  s0.acc: 98.0469  s0.loss_bbox: 0.1230  s0.loss_mask: 0.2255  s1.loss_cls: 0.0466  s1.acc: 96.8750  s1.loss_bbox: 0.1269  s1.loss_mask: 0.1122  s2.loss_cls: 0.0248  s2.acc: 99.0234  s2.loss_bbox: 0.0829  s2.loss_mask: 0.0550
2024/01/14 22:44:34 - mmengine - INFO - Exp name: instance_20240114_220316
2024/01/14 22:44:38 - mmengine - INFO - Epoch(val)  [6][50/71]    eta: 0:00:01  time: 0.0844  data_time: 0.0073  memory: 2506  
2024/01/14 22:44:40 - mmengine - INFO - Evaluating bbox...
2024/01/14 22:44:40 - mmengine - INFO - bbox_mAP_copypaste: 0.616 0.911 0.718 0.578 0.667 -1.000
2024/01/14 22:44:40 - mmengine - INFO - Epoch(val) [6][71/71]    coco/bbox_mAP: 0.6160  coco/bbox_mAP_50: 0.9110  coco/bbox_mAP_75: 0.7180  coco/bbox_mAP_s: 0.5780  coco/bbox_mAP_m: 0.6670  coco/bbox_mAP_l: -1.0000  data_time: 0.0068  time: 0.0827
2024/01/14 22:44:40 - mmengine - INFO - The previous best checkpoint /home/hasnatpie/thesis01/results_default20/best_coco_bbox_mAP_epoch_5.pth is removed
2024/01/14 22:44:41 - mmengine - INFO - The best checkpoint with 0.6160 coco/bbox_mAP at 6 epoch is saved to best_coco_bbox_mAP_epoch_6.pth.
2024/01/14 22:44:53 - mmengine - INFO - Epoch(train)  [7][  50/1713]  lr: 2.0000e-02  eta: 1:34:12  time: 0.2410  data_time: 0.0082  memory: 2507  loss: 0.9070  loss_rpn_cls: 0.0118  loss_rpn_bbox: 0.0158  s0.loss_cls: 0.1041  s0.acc: 99.2188  s0.loss_bbox: 0.1146  s0.loss_mask: 0.2219  s1.loss_cls: 0.0437  s1.acc: 99.0234  s1.loss_bbox: 0.1237  s1.loss_mask: 0.1116  s2.loss_cls: 0.0238  s2.acc: 99.2188  s2.loss_bbox: 0.0824  s2.loss_mask: 0.0536
2024/01/14 22:45:05 - mmengine - INFO - Epoch(train)  [7][ 100/1713]  lr: 2.0000e-02  eta: 1:34:00  time: 0.2331  data_time: 0.0071  memory: 2506  loss: 0.8816  loss_rpn_cls: 0.0099  loss_rpn_bbox: 0.0182  s0.loss_cls: 0.1127  s0.acc: 98.8281  s0.loss_bbox: 0.1081  s0.loss_mask: 0.2131  s1.loss_cls: 0.0453  s1.acc: 98.7976  s1.loss_bbox: 0.1136  s1.loss_mask: 0.1060  s2.loss_cls: 0.0242  s2.acc: 99.3915  s2.loss_bbox: 0.0792  s2.loss_mask: 0.0513
2024/01/14 22:45:17 - mmengine - INFO - Epoch(train)  [7][ 150/1713]  lr: 2.0000e-02  eta: 1:33:49  time: 0.2370  data_time: 0.0071  memory: 2507  loss: 0.8354  loss_rpn_cls: 0.0146  loss_rpn_bbox: 0.0173  s0.loss_cls: 0.0924  s0.acc: 97.6562  s0.loss_bbox: 0.1002  s0.loss_mask: 0.2056  s1.loss_cls: 0.0385  s1.acc: 97.0703  s1.loss_bbox: 0.1085  s1.loss_mask: 0.1057  s2.loss_cls: 0.0199  s2.acc: 94.7266  s2.loss_bbox: 0.0809  s2.loss_mask: 0.0518
2024/01/14 22:45:29 - mmengine - INFO - Epoch(train)  [7][ 200/1713]  lr: 2.0000e-02  eta: 1:33:36  time: 0.2336  data_time: 0.0071  memory: 2505  loss: 0.8859  loss_rpn_cls: 0.0095  loss_rpn_bbox: 0.0165  s0.loss_cls: 0.0982  s0.acc: 98.4375  s0.loss_bbox: 0.1041  s0.loss_mask: 0.2272  s1.loss_cls: 0.0417  s1.acc: 99.2188  s1.loss_bbox: 0.1158  s1.loss_mask: 0.1158  s2.loss_cls: 0.0215  s2.acc: 99.4141  s2.loss_bbox: 0.0803  s2.loss_mask: 0.0553
2024/01/14 22:45:40 - mmengine - INFO - Epoch(train)  [7][ 250/1713]  lr: 2.0000e-02  eta: 1:33:25  time: 0.2380  data_time: 0.0073  memory: 2507  loss: 0.8435  loss_rpn_cls: 0.0095  loss_rpn_bbox: 0.0204  s0.loss_cls: 0.0891  s0.acc: 92.9688  s0.loss_bbox: 0.1064  s0.loss_mask: 0.2152  s1.loss_cls: 0.0371  s1.acc: 96.5092  s1.loss_bbox: 0.1088  s1.loss_mask: 0.1082  s2.loss_cls: 0.0213  s2.acc: 93.0328  s2.loss_bbox: 0.0750  s2.loss_mask: 0.0525
2024/01/14 22:45:53 - mmengine - INFO - Epoch(train)  [7][ 300/1713]  lr: 2.0000e-02  eta: 1:33:14  time: 0.2427  data_time: 0.0073  memory: 2508  loss: 0.9102  loss_rpn_cls: 0.0094  loss_rpn_bbox: 0.0198  s0.loss_cls: 0.1005  s0.acc: 97.8516  s0.loss_bbox: 0.1193  s0.loss_mask: 0.2171  s1.loss_cls: 0.0424  s1.acc: 98.8281  s1.loss_bbox: 0.1262  s1.loss_mask: 0.1113  s2.loss_cls: 0.0240  s2.acc: 96.4844  s2.loss_bbox: 0.0865  s2.loss_mask: 0.0535
2024/01/14 22:46:05 - mmengine - INFO - Epoch(train)  [7][ 350/1713]  lr: 2.0000e-02  eta: 1:33:02  time: 0.2402  data_time: 0.0076  memory: 2506  loss: 0.9884  loss_rpn_cls: 0.0108  loss_rpn_bbox: 0.0236  s0.loss_cls: 0.1125  s0.acc: 95.3125  s0.loss_bbox: 0.1293  s0.loss_mask: 0.2452  s1.loss_cls: 0.0477  s1.acc: 96.8750  s1.loss_bbox: 0.1290  s1.loss_mask: 0.1220  s2.loss_cls: 0.0265  s2.acc: 96.6797  s2.loss_bbox: 0.0840  s2.loss_mask: 0.0579
2024/01/14 22:46:17 - mmengine - INFO - Epoch(train)  [7][ 400/1713]  lr: 2.0000e-02  eta: 1:32:51  time: 0.2388  data_time: 0.0071  memory: 2506  loss: 0.8517  loss_rpn_cls: 0.0081  loss_rpn_bbox: 0.0162  s0.loss_cls: 0.0948  s0.acc: 96.0938  s0.loss_bbox: 0.1033  s0.loss_mask: 0.2101  s1.loss_cls: 0.0386  s1.acc: 97.6139  s1.loss_bbox: 0.1179  s1.loss_mask: 0.1072  s2.loss_cls: 0.0205  s2.acc: 97.2851  s2.loss_bbox: 0.0830  s2.loss_mask: 0.0521
2024/01/14 22:46:29 - mmengine - INFO - Epoch(train)  [7][ 450/1713]  lr: 2.0000e-02  eta: 1:32:40  time: 0.2482  data_time: 0.0078  memory: 2507  loss: 0.9426  loss_rpn_cls: 0.0110  loss_rpn_bbox: 0.0262  s0.loss_cls: 0.1070  s0.acc: 94.9219  s0.loss_bbox: 0.1242  s0.loss_mask: 0.2237  s1.loss_cls: 0.0432  s1.acc: 97.3843  s1.loss_bbox: 0.1292  s1.loss_mask: 0.1151  s2.loss_cls: 0.0235  s2.acc: 98.1557  s2.loss_bbox: 0.0847  s2.loss_mask: 0.0548
2024/01/14 22:46:41 - mmengine - INFO - Epoch(train)  [7][ 500/1713]  lr: 2.0000e-02  eta: 1:32:29  time: 0.2365  data_time: 0.0072  memory: 2483  loss: 0.9335  loss_rpn_cls: 0.0104  loss_rpn_bbox: 0.0210  s0.loss_cls: 0.1010  s0.acc: 96.2891  s0.loss_bbox: 0.1141  s0.loss_mask: 0.2357  s1.loss_cls: 0.0410  s1.acc: 96.6797  s1.loss_bbox: 0.1265  s1.loss_mask: 0.1186  s2.loss_cls: 0.0225  s2.acc: 97.0703  s2.loss_bbox: 0.0870  s2.loss_mask: 0.0557
2024/01/14 22:46:53 - mmengine - INFO - Epoch(train)  [7][ 550/1713]  lr: 2.0000e-02  eta: 1:32:17  time: 0.2363  data_time: 0.0071  memory: 2506  loss: 0.8283  loss_rpn_cls: 0.0109  loss_rpn_bbox: 0.0164  s0.loss_cls: 0.0892  s0.acc: 91.0156  s0.loss_bbox: 0.0969  s0.loss_mask: 0.2075  s1.loss_cls: 0.0361  s1.acc: 89.9598  s1.loss_bbox: 0.1139  s1.loss_mask: 0.1065  s2.loss_cls: 0.0200  s2.acc: 85.3707  s2.loss_bbox: 0.0786  s2.loss_mask: 0.0523
2024/01/14 22:47:05 - mmengine - INFO - Epoch(train)  [7][ 600/1713]  lr: 2.0000e-02  eta: 1:32:05  time: 0.2395  data_time: 0.0071  memory: 2507  loss: 0.9589  loss_rpn_cls: 0.0082  loss_rpn_bbox: 0.0194  s0.loss_cls: 0.1046  s0.acc: 97.4609  s0.loss_bbox: 0.1315  s0.loss_mask: 0.2323  s1.loss_cls: 0.0455  s1.acc: 97.8516  s1.loss_bbox: 0.1340  s1.loss_mask: 0.1150  s2.loss_cls: 0.0244  s2.acc: 97.4609  s2.loss_bbox: 0.0897  s2.loss_mask: 0.0545
2024/01/14 22:47:17 - mmengine - INFO - Epoch(train)  [7][ 650/1713]  lr: 2.0000e-02  eta: 1:31:54  time: 0.2400  data_time: 0.0068  memory: 2506  loss: 0.9034  loss_rpn_cls: 0.0117  loss_rpn_bbox: 0.0183  s0.loss_cls: 0.1086  s0.acc: 97.2656  s0.loss_bbox: 0.1133  s0.loss_mask: 0.2150  s1.loss_cls: 0.0413  s1.acc: 98.6328  s1.loss_bbox: 0.1251  s1.loss_mask: 0.1079  s2.loss_cls: 0.0229  s2.acc: 96.8750  s2.loss_bbox: 0.0874  s2.loss_mask: 0.0518
2024/01/14 22:47:29 - mmengine - INFO - Epoch(train)  [7][ 700/1713]  lr: 2.0000e-02  eta: 1:31:44  time: 0.2539  data_time: 0.0078  memory: 2508  loss: 0.9631  loss_rpn_cls: 0.0108  loss_rpn_bbox: 0.0193  s0.loss_cls: 0.1073  s0.acc: 97.0703  s0.loss_bbox: 0.1203  s0.loss_mask: 0.2301  s1.loss_cls: 0.0445  s1.acc: 97.4206  s1.loss_bbox: 0.1336  s1.loss_mask: 0.1189  s2.loss_cls: 0.0281  s2.acc: 96.8254  s2.loss_bbox: 0.0938  s2.loss_mask: 0.0565
2024/01/14 22:47:35 - mmengine - INFO - Exp name: instance_20240114_220316
2024/01/14 22:47:41 - mmengine - INFO - Epoch(train)  [7][ 750/1713]  lr: 2.0000e-02  eta: 1:31:32  time: 0.2401  data_time: 0.0074  memory: 2506  loss: 0.9298  loss_rpn_cls: 0.0090  loss_rpn_bbox: 0.0191  s0.loss_cls: 0.0986  s0.acc: 96.4844  s0.loss_bbox: 0.1171  s0.loss_mask: 0.2294  s1.loss_cls: 0.0441  s1.acc: 98.9384  s1.loss_bbox: 0.1311  s1.loss_mask: 0.1150  s2.loss_cls: 0.0235  s2.acc: 99.3258  s2.loss_bbox: 0.0882  s2.loss_mask: 0.0547
2024/01/14 22:47:53 - mmengine - INFO - Epoch(train)  [7][ 800/1713]  lr: 2.0000e-02  eta: 1:31:21  time: 0.2371  data_time: 0.0074  memory: 2506  loss: 0.9403  loss_rpn_cls: 0.0112  loss_rpn_bbox: 0.0206  s0.loss_cls: 0.0993  s0.acc: 97.4609  s0.loss_bbox: 0.1113  s0.loss_mask: 0.2419  s1.loss_cls: 0.0413  s1.acc: 99.0234  s1.loss_bbox: 0.1278  s1.loss_mask: 0.1211  s2.loss_cls: 0.0234  s2.acc: 97.6562  s2.loss_bbox: 0.0844  s2.loss_mask: 0.0581
2024/01/14 22:48:05 - mmengine - INFO - Epoch(train)  [7][ 850/1713]  lr: 2.0000e-02  eta: 1:31:09  time: 0.2416  data_time: 0.0072  memory: 2508  loss: 0.8952  loss_rpn_cls: 0.0105  loss_rpn_bbox: 0.0193  s0.loss_cls: 0.1066  s0.acc: 94.9219  s0.loss_bbox: 0.1126  s0.loss_mask: 0.2199  s1.loss_cls: 0.0426  s1.acc: 97.6096  s1.loss_bbox: 0.1140  s1.loss_mask: 0.1123  s2.loss_cls: 0.0218  s2.acc: 98.3838  s2.loss_bbox: 0.0805  s2.loss_mask: 0.0552
2024/01/14 22:48:17 - mmengine - INFO - Epoch(train)  [7][ 900/1713]  lr: 2.0000e-02  eta: 1:30:58  time: 0.2401  data_time: 0.0071  memory: 2507  loss: 0.9898  loss_rpn_cls: 0.0189  loss_rpn_bbox: 0.0202  s0.loss_cls: 0.1175  s0.acc: 91.4062  s0.loss_bbox: 0.1301  s0.loss_mask: 0.2289  s1.loss_cls: 0.0507  s1.acc: 91.3655  s1.loss_bbox: 0.1373  s1.loss_mask: 0.1157  s2.loss_cls: 0.0267  s2.acc: 87.9760  s2.loss_bbox: 0.0888  s2.loss_mask: 0.0551
2024/01/14 22:48:29 - mmengine - INFO - Epoch(train)  [7][ 950/1713]  lr: 2.0000e-02  eta: 1:30:46  time: 0.2376  data_time: 0.0071  memory: 2507  loss: 0.8889  loss_rpn_cls: 0.0147  loss_rpn_bbox: 0.0206  s0.loss_cls: 0.1023  s0.acc: 94.5312  s0.loss_bbox: 0.1164  s0.loss_mask: 0.2100  s1.loss_cls: 0.0402  s1.acc: 92.7273  s1.loss_bbox: 0.1217  s1.loss_mask: 0.1088  s2.loss_cls: 0.0213  s2.acc: 90.4077  s2.loss_bbox: 0.0807  s2.loss_mask: 0.0522
2024/01/14 22:48:42 - mmengine - INFO - Epoch(train)  [7][1000/1713]  lr: 2.0000e-02  eta: 1:30:36  time: 0.2501  data_time: 0.0077  memory: 2508  loss: 0.8384  loss_rpn_cls: 0.0092  loss_rpn_bbox: 0.0161  s0.loss_cls: 0.0949  s0.acc: 98.8281  s0.loss_bbox: 0.0994  s0.loss_mask: 0.2182  s1.loss_cls: 0.0389  s1.acc: 98.6328  s1.loss_bbox: 0.1057  s1.loss_mask: 0.1094  s2.loss_cls: 0.0197  s2.acc: 99.2188  s2.loss_bbox: 0.0749  s2.loss_mask: 0.0519
2024/01/14 22:48:54 - mmengine - INFO - Epoch(train)  [7][1050/1713]  lr: 2.0000e-02  eta: 1:30:24  time: 0.2415  data_time: 0.0073  memory: 2509  loss: 0.9124  loss_rpn_cls: 0.0114  loss_rpn_bbox: 0.0186  s0.loss_cls: 0.1030  s0.acc: 96.2891  s0.loss_bbox: 0.1116  s0.loss_mask: 0.2290  s1.loss_cls: 0.0437  s1.acc: 93.5872  s1.loss_bbox: 0.1186  s1.loss_mask: 0.1126  s2.loss_cls: 0.0230  s2.acc: 92.0000  s2.loss_bbox: 0.0868  s2.loss_mask: 0.0539
2024/01/14 22:49:06 - mmengine - INFO - Epoch(train)  [7][1100/1713]  lr: 2.0000e-02  eta: 1:30:13  time: 0.2399  data_time: 0.0070  memory: 2507  loss: 0.9024  loss_rpn_cls: 0.0122  loss_rpn_bbox: 0.0189  s0.loss_cls: 0.0966  s0.acc: 97.8516  s0.loss_bbox: 0.1134  s0.loss_mask: 0.2211  s1.loss_cls: 0.0399  s1.acc: 99.4071  s1.loss_bbox: 0.1232  s1.loss_mask: 0.1131  s2.loss_cls: 0.0225  s2.acc: 99.5943  s2.loss_bbox: 0.0869  s2.loss_mask: 0.0546
2024/01/14 22:49:18 - mmengine - INFO - Epoch(train)  [7][1150/1713]  lr: 2.0000e-02  eta: 1:30:02  time: 0.2421  data_time: 0.0073  memory: 2506  loss: 0.9872  loss_rpn_cls: 0.0119  loss_rpn_bbox: 0.0181  s0.loss_cls: 0.1208  s0.acc: 93.7500  s0.loss_bbox: 0.1285  s0.loss_mask: 0.2341  s1.loss_cls: 0.0503  s1.acc: 93.3594  s1.loss_bbox: 0.1312  s1.loss_mask: 0.1157  s2.loss_cls: 0.0249  s2.acc: 92.1875  s2.loss_bbox: 0.0952  s2.loss_mask: 0.0565
2024/01/14 22:49:30 - mmengine - INFO - Epoch(train)  [7][1200/1713]  lr: 2.0000e-02  eta: 1:29:50  time: 0.2376  data_time: 0.0074  memory: 2505  loss: 0.9485  loss_rpn_cls: 0.0071  loss_rpn_bbox: 0.0228  s0.loss_cls: 0.1049  s0.acc: 92.7734  s0.loss_bbox: 0.1180  s0.loss_mask: 0.2335  s1.loss_cls: 0.0447  s1.acc: 95.2286  s1.loss_bbox: 0.1301  s1.loss_mask: 0.1175  s2.loss_cls: 0.0243  s2.acc: 96.2227  s2.loss_bbox: 0.0896  s2.loss_mask: 0.0560
2024/01/14 22:49:42 - mmengine - INFO - Epoch(train)  [7][1250/1713]  lr: 2.0000e-02  eta: 1:29:38  time: 0.2402  data_time: 0.0071  memory: 2504  loss: 0.9251  loss_rpn_cls: 0.0151  loss_rpn_bbox: 0.0224  s0.loss_cls: 0.1042  s0.acc: 96.8750  s0.loss_bbox: 0.1162  s0.loss_mask: 0.2244  s1.loss_cls: 0.0421  s1.acc: 99.5726  s1.loss_bbox: 0.1234  s1.loss_mask: 0.1144  s2.loss_cls: 0.0222  s2.acc: 98.9083  s2.loss_bbox: 0.0843  s2.loss_mask: 0.0564
2024/01/14 22:49:53 - mmengine - INFO - Epoch(train)  [7][1300/1713]  lr: 2.0000e-02  eta: 1:29:26  time: 0.2344  data_time: 0.0070  memory: 2507  loss: 0.8926  loss_rpn_cls: 0.0064  loss_rpn_bbox: 0.0196  s0.loss_cls: 0.0983  s0.acc: 95.7031  s0.loss_bbox: 0.1138  s0.loss_mask: 0.2174  s1.loss_cls: 0.0382  s1.acc: 98.7152  s1.loss_bbox: 0.1248  s1.loss_mask: 0.1128  s2.loss_cls: 0.0216  s2.acc: 99.1131  s2.loss_bbox: 0.0859  s2.loss_mask: 0.0540
2024/01/14 22:50:06 - mmengine - INFO - Epoch(train)  [7][1350/1713]  lr: 2.0000e-02  eta: 1:29:15  time: 0.2433  data_time: 0.0081  memory: 2507  loss: 0.9254  loss_rpn_cls: 0.0138  loss_rpn_bbox: 0.0214  s0.loss_cls: 0.1165  s0.acc: 94.1406  s0.loss_bbox: 0.1062  s0.loss_mask: 0.2212  s1.loss_cls: 0.0455  s1.acc: 97.6496  s1.loss_bbox: 0.1187  s1.loss_mask: 0.1146  s2.loss_cls: 0.0256  s2.acc: 96.0954  s2.loss_bbox: 0.0858  s2.loss_mask: 0.0561
2024/01/14 22:50:18 - mmengine - INFO - Epoch(train)  [7][1400/1713]  lr: 2.0000e-02  eta: 1:29:05  time: 0.2488  data_time: 0.0071  memory: 2507  loss: 0.9484  loss_rpn_cls: 0.0125  loss_rpn_bbox: 0.0156  s0.loss_cls: 0.1197  s0.acc: 98.8281  s0.loss_bbox: 0.1216  s0.loss_mask: 0.2299  s1.loss_cls: 0.0554  s1.acc: 99.4141  s1.loss_bbox: 0.1217  s1.loss_mask: 0.1104  s2.loss_cls: 0.0292  s2.acc: 99.6094  s2.loss_bbox: 0.0796  s2.loss_mask: 0.0527
2024/01/14 22:50:30 - mmengine - INFO - Epoch(train)  [7][1450/1713]  lr: 2.0000e-02  eta: 1:28:53  time: 0.2368  data_time: 0.0074  memory: 2505  loss: 0.9319  loss_rpn_cls: 0.0103  loss_rpn_bbox: 0.0176  s0.loss_cls: 0.1050  s0.acc: 95.5078  s0.loss_bbox: 0.1134  s0.loss_mask: 0.2379  s1.loss_cls: 0.0462  s1.acc: 97.2656  s1.loss_bbox: 0.1219  s1.loss_mask: 0.1158  s2.loss_cls: 0.0254  s2.acc: 94.9219  s2.loss_bbox: 0.0829  s2.loss_mask: 0.0555
2024/01/14 22:50:42 - mmengine - INFO - Epoch(train)  [7][1500/1713]  lr: 2.0000e-02  eta: 1:28:42  time: 0.2480  data_time: 0.0080  memory: 2507  loss: 0.9597  loss_rpn_cls: 0.0112  loss_rpn_bbox: 0.0212  s0.loss_cls: 0.1100  s0.acc: 95.1172  s0.loss_bbox: 0.1212  s0.loss_mask: 0.2305  s1.loss_cls: 0.0481  s1.acc: 96.6316  s1.loss_bbox: 0.1299  s1.loss_mask: 0.1164  s2.loss_cls: 0.0261  s2.acc: 93.2773  s2.loss_bbox: 0.0890  s2.loss_mask: 0.0560
2024/01/14 22:50:54 - mmengine - INFO - Epoch(train)  [7][1550/1713]  lr: 2.0000e-02  eta: 1:28:30  time: 0.2347  data_time: 0.0068  memory: 2503  loss: 0.8681  loss_rpn_cls: 0.0137  loss_rpn_bbox: 0.0187  s0.loss_cls: 0.0973  s0.acc: 95.3125  s0.loss_bbox: 0.1078  s0.loss_mask: 0.2110  s1.loss_cls: 0.0364  s1.acc: 96.7677  s1.loss_bbox: 0.1226  s1.loss_mask: 0.1073  s2.loss_cls: 0.0206  s2.acc: 93.5223  s2.loss_bbox: 0.0808  s2.loss_mask: 0.0519
2024/01/14 22:51:06 - mmengine - INFO - Epoch(train)  [7][1600/1713]  lr: 2.0000e-02  eta: 1:28:18  time: 0.2393  data_time: 0.0067  memory: 2507  loss: 0.8709  loss_rpn_cls: 0.0132  loss_rpn_bbox: 0.0179  s0.loss_cls: 0.1037  s0.acc: 96.2891  s0.loss_bbox: 0.1080  s0.loss_mask: 0.2097  s1.loss_cls: 0.0438  s1.acc: 96.4844  s1.loss_bbox: 0.1119  s1.loss_mask: 0.1083  s2.loss_cls: 0.0236  s2.acc: 96.0938  s2.loss_bbox: 0.0779  s2.loss_mask: 0.0528
2024/01/14 22:51:18 - mmengine - INFO - Epoch(train)  [7][1650/1713]  lr: 2.0000e-02  eta: 1:28:07  time: 0.2377  data_time: 0.0069  memory: 2506  loss: 0.9191  loss_rpn_cls: 0.0090  loss_rpn_bbox: 0.0187  s0.loss_cls: 0.1066  s0.acc: 90.8203  s0.loss_bbox: 0.1145  s0.loss_mask: 0.2227  s1.loss_cls: 0.0480  s1.acc: 90.4858  s1.loss_bbox: 0.1247  s1.loss_mask: 0.1141  s2.loss_cls: 0.0259  s2.acc: 90.3226  s2.loss_bbox: 0.0810  s2.loss_mask: 0.0539
2024/01/14 22:51:30 - mmengine - INFO - Epoch(train)  [7][1700/1713]  lr: 2.0000e-02  eta: 1:27:55  time: 0.2380  data_time: 0.0068  memory: 2508  loss: 0.8335  loss_rpn_cls: 0.0073  loss_rpn_bbox: 0.0171  s0.loss_cls: 0.0877  s0.acc: 98.0469  s0.loss_bbox: 0.1019  s0.loss_mask: 0.2128  s1.loss_cls: 0.0337  s1.acc: 99.6094  s1.loss_bbox: 0.1095  s1.loss_mask: 0.1094  s2.loss_cls: 0.0186  s2.acc: 99.6094  s2.loss_bbox: 0.0826  s2.loss_mask: 0.0529
2024/01/14 22:51:33 - mmengine - INFO - Exp name: instance_20240114_220316
2024/01/14 22:51:37 - mmengine - INFO - Epoch(val)  [7][50/71]    eta: 0:00:01  time: 0.0791  data_time: 0.0067  memory: 2414  
2024/01/14 22:51:39 - mmengine - INFO - Evaluating bbox...
2024/01/14 22:51:39 - mmengine - INFO - bbox_mAP_copypaste: 0.613 0.897 0.727 0.561 0.682 -1.000
2024/01/14 22:51:39 - mmengine - INFO - Epoch(val) [7][71/71]    coco/bbox_mAP: 0.6130  coco/bbox_mAP_50: 0.8970  coco/bbox_mAP_75: 0.7270  coco/bbox_mAP_s: 0.5610  coco/bbox_mAP_m: 0.6820  coco/bbox_mAP_l: -1.0000  data_time: 0.0064  time: 0.0778
2024/01/14 22:51:41 - mmengine - INFO - Exp name: instance_20240114_220316
2024/01/14 22:51:51 - mmengine - INFO - Epoch(train)  [8][  50/1713]  lr: 2.0000e-02  eta: 1:27:41  time: 0.2433  data_time: 0.0086  memory: 2507  loss: 0.8730  loss_rpn_cls: 0.0100  loss_rpn_bbox: 0.0192  s0.loss_cls: 0.0994  s0.acc: 96.2891  s0.loss_bbox: 0.1100  s0.loss_mask: 0.2128  s1.loss_cls: 0.0398  s1.acc: 98.0973  s1.loss_bbox: 0.1176  s1.loss_mask: 0.1076  s2.loss_cls: 0.0216  s2.acc: 99.5575  s2.loss_bbox: 0.0829  s2.loss_mask: 0.0520
2024/01/14 22:52:03 - mmengine - INFO - Epoch(train)  [8][ 100/1713]  lr: 2.0000e-02  eta: 1:27:30  time: 0.2465  data_time: 0.0072  memory: 2506  loss: 0.9427  loss_rpn_cls: 0.0129  loss_rpn_bbox: 0.0214  s0.loss_cls: 0.1065  s0.acc: 96.6797  s0.loss_bbox: 0.1189  s0.loss_mask: 0.2231  s1.loss_cls: 0.0410  s1.acc: 97.8516  s1.loss_bbox: 0.1335  s1.loss_mask: 0.1155  s2.loss_cls: 0.0239  s2.acc: 95.3125  s2.loss_bbox: 0.0900  s2.loss_mask: 0.0558
2024/01/14 22:52:15 - mmengine - INFO - Epoch(train)  [8][ 150/1713]  lr: 2.0000e-02  eta: 1:27:18  time: 0.2370  data_time: 0.0068  memory: 2506  loss: 0.8570  loss_rpn_cls: 0.0126  loss_rpn_bbox: 0.0185  s0.loss_cls: 0.1053  s0.acc: 97.2656  s0.loss_bbox: 0.1053  s0.loss_mask: 0.2131  s1.loss_cls: 0.0402  s1.acc: 99.2079  s1.loss_bbox: 0.1054  s1.loss_mask: 0.1087  s2.loss_cls: 0.0224  s2.acc: 99.3976  s2.loss_bbox: 0.0736  s2.loss_mask: 0.0518
2024/01/14 22:52:27 - mmengine - INFO - Epoch(train)  [8][ 200/1713]  lr: 2.0000e-02  eta: 1:27:06  time: 0.2401  data_time: 0.0071  memory: 2506  loss: 0.9291  loss_rpn_cls: 0.0130  loss_rpn_bbox: 0.0197  s0.loss_cls: 0.1097  s0.acc: 93.5547  s0.loss_bbox: 0.1139  s0.loss_mask: 0.2245  s1.loss_cls: 0.0500  s1.acc: 94.7262  s1.loss_bbox: 0.1206  s1.loss_mask: 0.1131  s2.loss_cls: 0.0254  s2.acc: 91.8367  s2.loss_bbox: 0.0852  s2.loss_mask: 0.0541
2024/01/14 22:52:39 - mmengine - INFO - Epoch(train)  [8][ 250/1713]  lr: 2.0000e-02  eta: 1:26:55  time: 0.2404  data_time: 0.0069  memory: 2508  loss: 0.8506  loss_rpn_cls: 0.0109  loss_rpn_bbox: 0.0165  s0.loss_cls: 0.0984  s0.acc: 97.4609  s0.loss_bbox: 0.1022  s0.loss_mask: 0.2144  s1.loss_cls: 0.0418  s1.acc: 97.5952  s1.loss_bbox: 0.1051  s1.loss_mask: 0.1072  s2.loss_cls: 0.0234  s2.acc: 98.1289  s2.loss_bbox: 0.0784  s2.loss_mask: 0.0522
2024/01/14 22:52:51 - mmengine - INFO - Epoch(train)  [8][ 300/1713]  lr: 2.0000e-02  eta: 1:26:43  time: 0.2381  data_time: 0.0069  memory: 2507  loss: 0.8830  loss_rpn_cls: 0.0085  loss_rpn_bbox: 0.0191  s0.loss_cls: 0.0910  s0.acc: 98.8281  s0.loss_bbox: 0.1106  s0.loss_mask: 0.2270  s1.loss_cls: 0.0370  s1.acc: 99.0234  s1.loss_bbox: 0.1177  s1.loss_mask: 0.1147  s2.loss_cls: 0.0208  s2.acc: 99.6094  s2.loss_bbox: 0.0806  s2.loss_mask: 0.0560
2024/01/14 22:53:03 - mmengine - INFO - Epoch(train)  [8][ 350/1713]  lr: 2.0000e-02  eta: 1:26:32  time: 0.2428  data_time: 0.0078  memory: 2507  loss: 0.8728  loss_rpn_cls: 0.0124  loss_rpn_bbox: 0.0202  s0.loss_cls: 0.1069  s0.acc: 97.8516  s0.loss_bbox: 0.1056  s0.loss_mask: 0.2150  s1.loss_cls: 0.0437  s1.acc: 97.7823  s1.loss_bbox: 0.1084  s1.loss_mask: 0.1098  s2.loss_cls: 0.0214  s2.acc: 97.1888  s2.loss_bbox: 0.0770  s2.loss_mask: 0.0526
2024/01/14 22:53:15 - mmengine - INFO - Epoch(train)  [8][ 400/1713]  lr: 2.0000e-02  eta: 1:26:20  time: 0.2357  data_time: 0.0063  memory: 2507  loss: 0.8464  loss_rpn_cls: 0.0099  loss_rpn_bbox: 0.0150  s0.loss_cls: 0.0951  s0.acc: 94.1406  s0.loss_bbox: 0.1076  s0.loss_mask: 0.2130  s1.loss_cls: 0.0395  s1.acc: 96.6527  s1.loss_bbox: 0.1088  s1.loss_mask: 0.1091  s2.loss_cls: 0.0213  s2.acc: 95.2991  s2.loss_bbox: 0.0745  s2.loss_mask: 0.0525
2024/01/14 22:53:27 - mmengine - INFO - Epoch(train)  [8][ 450/1713]  lr: 2.0000e-02  eta: 1:26:08  time: 0.2408  data_time: 0.0071  memory: 2506  loss: 0.9226  loss_rpn_cls: 0.0217  loss_rpn_bbox: 0.0214  s0.loss_cls: 0.1088  s0.acc: 96.6797  s0.loss_bbox: 0.1134  s0.loss_mask: 0.2170  s1.loss_cls: 0.0457  s1.acc: 98.7705  s1.loss_bbox: 0.1210  s1.loss_mask: 0.1097  s2.loss_cls: 0.0254  s2.acc: 99.3684  s2.loss_bbox: 0.0846  s2.loss_mask: 0.0539
2024/01/14 22:53:39 - mmengine - INFO - Epoch(train)  [8][ 500/1713]  lr: 2.0000e-02  eta: 1:25:56  time: 0.2322  data_time: 0.0065  memory: 2505  loss: 0.8699  loss_rpn_cls: 0.0100  loss_rpn_bbox: 0.0181  s0.loss_cls: 0.0941  s0.acc: 91.0156  s0.loss_bbox: 0.1030  s0.loss_mask: 0.2250  s1.loss_cls: 0.0355  s1.acc: 94.4099  s1.loss_bbox: 0.1155  s1.loss_mask: 0.1123  s2.loss_cls: 0.0199  s2.acc: 92.8421  s2.loss_bbox: 0.0830  s2.loss_mask: 0.0535
2024/01/14 22:53:50 - mmengine - INFO - Epoch(train)  [8][ 550/1713]  lr: 2.0000e-02  eta: 1:25:44  time: 0.2368  data_time: 0.0067  memory: 2507  loss: 0.8508  loss_rpn_cls: 0.0093  loss_rpn_bbox: 0.0172  s0.loss_cls: 0.0958  s0.acc: 93.9453  s0.loss_bbox: 0.0981  s0.loss_mask: 0.2144  s1.loss_cls: 0.0401  s1.acc: 95.5078  s1.loss_bbox: 0.1133  s1.loss_mask: 0.1132  s2.loss_cls: 0.0209  s2.acc: 96.0938  s2.loss_bbox: 0.0753  s2.loss_mask: 0.0532
2024/01/14 22:54:02 - mmengine - INFO - Epoch(train)  [8][ 600/1713]  lr: 2.0000e-02  eta: 1:25:33  time: 0.2379  data_time: 0.0070  memory: 2506  loss: 0.8140  loss_rpn_cls: 0.0104  loss_rpn_bbox: 0.0188  s0.loss_cls: 0.0870  s0.acc: 95.7031  s0.loss_bbox: 0.0947  s0.loss_mask: 0.2073  s1.loss_cls: 0.0327  s1.acc: 96.5306  s1.loss_bbox: 0.1081  s1.loss_mask: 0.1071  s2.loss_cls: 0.0177  s2.acc: 95.8506  s2.loss_bbox: 0.0784  s2.loss_mask: 0.0518
2024/01/14 22:54:14 - mmengine - INFO - Epoch(train)  [8][ 650/1713]  lr: 2.0000e-02  eta: 1:25:20  time: 0.2303  data_time: 0.0062  memory: 2507  loss: 0.8547  loss_rpn_cls: 0.0124  loss_rpn_bbox: 0.0158  s0.loss_cls: 0.1009  s0.acc: 96.8750  s0.loss_bbox: 0.1055  s0.loss_mask: 0.2183  s1.loss_cls: 0.0407  s1.acc: 96.4844  s1.loss_bbox: 0.1112  s1.loss_mask: 0.1082  s2.loss_cls: 0.0214  s2.acc: 95.8984  s2.loss_bbox: 0.0692  s2.loss_mask: 0.0512
2024/01/14 22:54:25 - mmengine - INFO - Epoch(train)  [8][ 700/1713]  lr: 2.0000e-02  eta: 1:25:08  time: 0.2286  data_time: 0.0069  memory: 2503  loss: 0.8423  loss_rpn_cls: 0.0071  loss_rpn_bbox: 0.0144  s0.loss_cls: 0.0939  s0.acc: 95.7031  s0.loss_bbox: 0.0979  s0.loss_mask: 0.2185  s1.loss_cls: 0.0397  s1.acc: 96.2891  s1.loss_bbox: 0.1074  s1.loss_mask: 0.1139  s2.loss_cls: 0.0224  s2.acc: 98.2422  s2.loss_bbox: 0.0729  s2.loss_mask: 0.0543
2024/01/14 22:54:37 - mmengine - INFO - Epoch(train)  [8][ 750/1713]  lr: 2.0000e-02  eta: 1:24:56  time: 0.2362  data_time: 0.0068  memory: 2506  loss: 0.8567  loss_rpn_cls: 0.0073  loss_rpn_bbox: 0.0152  s0.loss_cls: 0.0914  s0.acc: 98.0469  s0.loss_bbox: 0.1051  s0.loss_mask: 0.2209  s1.loss_cls: 0.0369  s1.acc: 99.4141  s1.loss_bbox: 0.1123  s1.loss_mask: 0.1135  s2.loss_cls: 0.0199  s2.acc: 99.4141  s2.loss_bbox: 0.0793  s2.loss_mask: 0.0549
2024/01/14 22:54:49 - mmengine - INFO - Epoch(train)  [8][ 800/1713]  lr: 2.0000e-02  eta: 1:24:43  time: 0.2317  data_time: 0.0069  memory: 2507  loss: 0.8526  loss_rpn_cls: 0.0111  loss_rpn_bbox: 0.0212  s0.loss_cls: 0.0919  s0.acc: 96.4844  s0.loss_bbox: 0.1005  s0.loss_mask: 0.2263  s1.loss_cls: 0.0379  s1.acc: 97.0703  s1.loss_bbox: 0.1048  s1.loss_mask: 0.1119  s2.loss_cls: 0.0203  s2.acc: 98.0469  s2.loss_bbox: 0.0733  s2.loss_mask: 0.0533
2024/01/14 22:55:00 - mmengine - INFO - Epoch(train)  [8][ 850/1713]  lr: 2.0000e-02  eta: 1:24:31  time: 0.2320  data_time: 0.0067  memory: 2504  loss: 0.8767  loss_rpn_cls: 0.0095  loss_rpn_bbox: 0.0181  s0.loss_cls: 0.0988  s0.acc: 97.2656  s0.loss_bbox: 0.1031  s0.loss_mask: 0.2288  s1.loss_cls: 0.0371  s1.acc: 97.7083  s1.loss_bbox: 0.1117  s1.loss_mask: 0.1148  s2.loss_cls: 0.0203  s2.acc: 98.9362  s2.loss_bbox: 0.0791  s2.loss_mask: 0.0554
2024/01/14 22:55:12 - mmengine - INFO - Epoch(train)  [8][ 900/1713]  lr: 2.0000e-02  eta: 1:24:19  time: 0.2374  data_time: 0.0068  memory: 2506  loss: 0.9059  loss_rpn_cls: 0.0100  loss_rpn_bbox: 0.0175  s0.loss_cls: 0.1028  s0.acc: 95.3125  s0.loss_bbox: 0.1166  s0.loss_mask: 0.2352  s1.loss_cls: 0.0410  s1.acc: 97.2656  s1.loss_bbox: 0.1154  s1.loss_mask: 0.1163  s2.loss_cls: 0.0216  s2.acc: 97.2656  s2.loss_bbox: 0.0764  s2.loss_mask: 0.0530
2024/01/14 22:55:24 - mmengine - INFO - Epoch(train)  [8][ 950/1713]  lr: 2.0000e-02  eta: 1:24:07  time: 0.2311  data_time: 0.0067  memory: 2507  loss: 0.8734  loss_rpn_cls: 0.0089  loss_rpn_bbox: 0.0156  s0.loss_cls: 0.1028  s0.acc: 99.0234  s0.loss_bbox: 0.1031  s0.loss_mask: 0.2301  s1.loss_cls: 0.0409  s1.acc: 99.4141  s1.loss_bbox: 0.1077  s1.loss_mask: 0.1160  s2.loss_cls: 0.0213  s2.acc: 99.4141  s2.loss_bbox: 0.0715  s2.loss_mask: 0.0555
2024/01/14 22:55:36 - mmengine - INFO - Epoch(train)  [8][1000/1713]  lr: 2.0000e-02  eta: 1:23:55  time: 0.2383  data_time: 0.0072  memory: 2507  loss: 0.8958  loss_rpn_cls: 0.0086  loss_rpn_bbox: 0.0183  s0.loss_cls: 0.0911  s0.acc: 95.8984  s0.loss_bbox: 0.1050  s0.loss_mask: 0.2307  s1.loss_cls: 0.0341  s1.acc: 97.7867  s1.loss_bbox: 0.1218  s1.loss_mask: 0.1180  s2.loss_cls: 0.0194  s2.acc: 96.8880  s2.loss_bbox: 0.0910  s2.loss_mask: 0.0580
2024/01/14 22:55:38 - mmengine - INFO - Exp name: instance_20240114_220316
2024/01/14 22:55:48 - mmengine - INFO - Epoch(train)  [8][1050/1713]  lr: 2.0000e-02  eta: 1:23:44  time: 0.2390  data_time: 0.0073  memory: 2506  loss: 0.8929  loss_rpn_cls: 0.0097  loss_rpn_bbox: 0.0192  s0.loss_cls: 0.1062  s0.acc: 97.2656  s0.loss_bbox: 0.1022  s0.loss_mask: 0.2173  s1.loss_cls: 0.0498  s1.acc: 98.2422  s1.loss_bbox: 0.1190  s1.loss_mask: 0.1122  s2.loss_cls: 0.0258  s2.acc: 97.0703  s2.loss_bbox: 0.0776  s2.loss_mask: 0.0539
2024/01/14 22:55:59 - mmengine - INFO - Epoch(train)  [8][1100/1713]  lr: 2.0000e-02  eta: 1:23:32  time: 0.2361  data_time: 0.0067  memory: 2507  loss: 0.8299  loss_rpn_cls: 0.0079  loss_rpn_bbox: 0.0154  s0.loss_cls: 0.0979  s0.acc: 97.6562  s0.loss_bbox: 0.1025  s0.loss_mask: 0.1988  s1.loss_cls: 0.0391  s1.acc: 97.2656  s1.loss_bbox: 0.1145  s1.loss_mask: 0.1026  s2.loss_cls: 0.0222  s2.acc: 95.8984  s2.loss_bbox: 0.0792  s2.loss_mask: 0.0498
2024/01/14 22:56:11 - mmengine - INFO - Epoch(train)  [8][1150/1713]  lr: 2.0000e-02  eta: 1:23:21  time: 0.2428  data_time: 0.0070  memory: 2506  loss: 0.8688  loss_rpn_cls: 0.0098  loss_rpn_bbox: 0.0186  s0.loss_cls: 0.1032  s0.acc: 97.2656  s0.loss_bbox: 0.1084  s0.loss_mask: 0.2108  s1.loss_cls: 0.0425  s1.acc: 97.8516  s1.loss_bbox: 0.1169  s1.loss_mask: 0.1057  s2.loss_cls: 0.0214  s2.acc: 99.0234  s2.loss_bbox: 0.0811  s2.loss_mask: 0.0504
2024/01/14 22:56:23 - mmengine - INFO - Epoch(train)  [8][1200/1713]  lr: 2.0000e-02  eta: 1:23:09  time: 0.2394  data_time: 0.0069  memory: 2505  loss: 0.8536  loss_rpn_cls: 0.0109  loss_rpn_bbox: 0.0180  s0.loss_cls: 0.1019  s0.acc: 93.5547  s0.loss_bbox: 0.1071  s0.loss_mask: 0.2033  s1.loss_cls: 0.0415  s1.acc: 96.0861  s1.loss_bbox: 0.1129  s1.loss_mask: 0.1051  s2.loss_cls: 0.0212  s2.acc: 93.1507  s2.loss_bbox: 0.0807  s2.loss_mask: 0.0511
2024/01/14 22:56:35 - mmengine - INFO - Epoch(train)  [8][1250/1713]  lr: 2.0000e-02  eta: 1:22:57  time: 0.2382  data_time: 0.0073  memory: 2505  loss: 0.9141  loss_rpn_cls: 0.0102  loss_rpn_bbox: 0.0196  s0.loss_cls: 0.1037  s0.acc: 99.8047  s0.loss_bbox: 0.1139  s0.loss_mask: 0.2205  s1.loss_cls: 0.0461  s1.acc: 99.2188  s1.loss_bbox: 0.1216  s1.loss_mask: 0.1125  s2.loss_cls: 0.0242  s2.acc: 99.6094  s2.loss_bbox: 0.0873  s2.loss_mask: 0.0545
2024/01/14 22:56:47 - mmengine - INFO - Epoch(train)  [8][1300/1713]  lr: 2.0000e-02  eta: 1:22:45  time: 0.2380  data_time: 0.0072  memory: 2506  loss: 0.8490  loss_rpn_cls: 0.0112  loss_rpn_bbox: 0.0181  s0.loss_cls: 0.0892  s0.acc: 97.2656  s0.loss_bbox: 0.1032  s0.loss_mask: 0.2155  s1.loss_cls: 0.0379  s1.acc: 98.3229  s1.loss_bbox: 0.1109  s1.loss_mask: 0.1106  s2.loss_cls: 0.0193  s2.acc: 98.3015  s2.loss_bbox: 0.0799  s2.loss_mask: 0.0532
2024/01/14 22:56:59 - mmengine - INFO - Epoch(train)  [8][1350/1713]  lr: 2.0000e-02  eta: 1:22:34  time: 0.2437  data_time: 0.0076  memory: 2508  loss: 0.8795  loss_rpn_cls: 0.0096  loss_rpn_bbox: 0.0193  s0.loss_cls: 0.0990  s0.acc: 95.5078  s0.loss_bbox: 0.1108  s0.loss_mask: 0.2147  s1.loss_cls: 0.0398  s1.acc: 97.8044  s1.loss_bbox: 0.1198  s1.loss_mask: 0.1109  s2.loss_cls: 0.0209  s2.acc: 97.7733  s2.loss_bbox: 0.0805  s2.loss_mask: 0.0543
2024/01/14 22:57:12 - mmengine - INFO - Epoch(train)  [8][1400/1713]  lr: 2.0000e-02  eta: 1:22:23  time: 0.2423  data_time: 0.0075  memory: 2506  loss: 0.9890  loss_rpn_cls: 0.0099  loss_rpn_bbox: 0.0251  s0.loss_cls: 0.1152  s0.acc: 93.9453  s0.loss_bbox: 0.1285  s0.loss_mask: 0.2379  s1.loss_cls: 0.0474  s1.acc: 93.9516  s1.loss_bbox: 0.1319  s1.loss_mask: 0.1193  s2.loss_cls: 0.0267  s2.acc: 94.4099  s2.loss_bbox: 0.0899  s2.loss_mask: 0.0573
2024/01/14 22:57:24 - mmengine - INFO - Epoch(train)  [8][1450/1713]  lr: 2.0000e-02  eta: 1:22:11  time: 0.2396  data_time: 0.0070  memory: 2506  loss: 0.8455  loss_rpn_cls: 0.0092  loss_rpn_bbox: 0.0164  s0.loss_cls: 0.1025  s0.acc: 98.8281  s0.loss_bbox: 0.1020  s0.loss_mask: 0.2101  s1.loss_cls: 0.0363  s1.acc: 98.8281  s1.loss_bbox: 0.1123  s1.loss_mask: 0.1064  s2.loss_cls: 0.0204  s2.acc: 100.0000  s2.loss_bbox: 0.0790  s2.loss_mask: 0.0508
2024/01/14 22:57:36 - mmengine - INFO - Epoch(train)  [8][1500/1713]  lr: 2.0000e-02  eta: 1:22:00  time: 0.2443  data_time: 0.0078  memory: 2508  loss: 0.8949  loss_rpn_cls: 0.0171  loss_rpn_bbox: 0.0177  s0.loss_cls: 0.1048  s0.acc: 96.6797  s0.loss_bbox: 0.1093  s0.loss_mask: 0.2238  s1.loss_cls: 0.0430  s1.acc: 97.6562  s1.loss_bbox: 0.1132  s1.loss_mask: 0.1109  s2.loss_cls: 0.0239  s2.acc: 96.2891  s2.loss_bbox: 0.0780  s2.loss_mask: 0.0531
2024/01/14 22:57:48 - mmengine - INFO - Epoch(train)  [8][1550/1713]  lr: 2.0000e-02  eta: 1:21:48  time: 0.2386  data_time: 0.0068  memory: 2506  loss: 0.8281  loss_rpn_cls: 0.0119  loss_rpn_bbox: 0.0180  s0.loss_cls: 0.0934  s0.acc: 97.2656  s0.loss_bbox: 0.1025  s0.loss_mask: 0.2101  s1.loss_cls: 0.0358  s1.acc: 98.5138  s1.loss_bbox: 0.1066  s1.loss_mask: 0.1070  s2.loss_cls: 0.0185  s2.acc: 98.0519  s2.loss_bbox: 0.0725  s2.loss_mask: 0.0518
2024/01/14 22:58:00 - mmengine - INFO - Epoch(train)  [8][1600/1713]  lr: 2.0000e-02  eta: 1:21:37  time: 0.2483  data_time: 0.0075  memory: 2508  loss: 0.8613  loss_rpn_cls: 0.0092  loss_rpn_bbox: 0.0199  s0.loss_cls: 0.0958  s0.acc: 96.4844  s0.loss_bbox: 0.1109  s0.loss_mask: 0.2116  s1.loss_cls: 0.0363  s1.acc: 98.4946  s1.loss_bbox: 0.1149  s1.loss_mask: 0.1092  s2.loss_cls: 0.0199  s2.acc: 99.3348  s2.loss_bbox: 0.0804  s2.loss_mask: 0.0530
2024/01/14 22:58:12 - mmengine - INFO - Epoch(train)  [8][1650/1713]  lr: 2.0000e-02  eta: 1:21:25  time: 0.2354  data_time: 0.0067  memory: 2508  loss: 0.8968  loss_rpn_cls: 0.0114  loss_rpn_bbox: 0.0214  s0.loss_cls: 0.1017  s0.acc: 94.3359  s0.loss_bbox: 0.1105  s0.loss_mask: 0.2216  s1.loss_cls: 0.0400  s1.acc: 96.2525  s1.loss_bbox: 0.1154  s1.loss_mask: 0.1149  s2.loss_cls: 0.0227  s2.acc: 95.4635  s2.loss_bbox: 0.0825  s2.loss_mask: 0.0550
2024/01/14 22:58:24 - mmengine - INFO - Epoch(train)  [8][1700/1713]  lr: 2.0000e-02  eta: 1:21:13  time: 0.2377  data_time: 0.0071  memory: 2506  loss: 0.9142  loss_rpn_cls: 0.0111  loss_rpn_bbox: 0.0184  s0.loss_cls: 0.1120  s0.acc: 94.7266  s0.loss_bbox: 0.1168  s0.loss_mask: 0.2249  s1.loss_cls: 0.0421  s1.acc: 97.0646  s1.loss_bbox: 0.1208  s1.loss_mask: 0.1138  s2.loss_cls: 0.0241  s2.acc: 98.9919  s2.loss_bbox: 0.0758  s2.loss_mask: 0.0544
2024/01/14 22:58:27 - mmengine - INFO - Exp name: instance_20240114_220316
2024/01/14 22:58:31 - mmengine - INFO - Epoch(val)  [8][50/71]    eta: 0:00:01  time: 0.0816  data_time: 0.0066  memory: 2446  
2024/01/14 22:58:33 - mmengine - INFO - Evaluating bbox...
2024/01/14 22:58:33 - mmengine - INFO - bbox_mAP_copypaste: 0.614 0.919 0.705 0.562 0.683 -1.000
2024/01/14 22:58:33 - mmengine - INFO - Epoch(val) [8][71/71]    coco/bbox_mAP: 0.6140  coco/bbox_mAP_50: 0.9190  coco/bbox_mAP_75: 0.7050  coco/bbox_mAP_s: 0.5620  coco/bbox_mAP_m: 0.6830  coco/bbox_mAP_l: -1.0000  data_time: 0.0062  time: 0.0799
2024/01/14 22:58:45 - mmengine - INFO - Epoch(train)  [9][  50/1713]  lr: 2.0000e-02  eta: 1:20:59  time: 0.2408  data_time: 0.0088  memory: 2507  loss: 0.8075  loss_rpn_cls: 0.0105  loss_rpn_bbox: 0.0173  s0.loss_cls: 0.0858  s0.acc: 95.5078  s0.loss_bbox: 0.0978  s0.loss_mask: 0.2055  s1.loss_cls: 0.0363  s1.acc: 98.7288  s1.loss_bbox: 0.1044  s1.loss_mask: 0.1055  s2.loss_cls: 0.0186  s2.acc: 96.1456  s2.loss_bbox: 0.0748  s2.loss_mask: 0.0510
2024/01/14 22:58:57 - mmengine - INFO - Epoch(train)  [9][ 100/1713]  lr: 2.0000e-02  eta: 1:20:47  time: 0.2370  data_time: 0.0067  memory: 2505  loss: 0.8309  loss_rpn_cls: 0.0086  loss_rpn_bbox: 0.0167  s0.loss_cls: 0.0945  s0.acc: 96.0938  s0.loss_bbox: 0.1040  s0.loss_mask: 0.2137  s1.loss_cls: 0.0359  s1.acc: 95.8932  s1.loss_bbox: 0.1055  s1.loss_mask: 0.1078  s2.loss_cls: 0.0194  s2.acc: 98.0973  s2.loss_bbox: 0.0730  s2.loss_mask: 0.0516
2024/01/14 22:59:09 - mmengine - INFO - Epoch(train)  [9][ 150/1713]  lr: 2.0000e-02  eta: 1:20:35  time: 0.2408  data_time: 0.0068  memory: 2506  loss: 0.7899  loss_rpn_cls: 0.0081  loss_rpn_bbox: 0.0181  s0.loss_cls: 0.0827  s0.acc: 98.2422  s0.loss_bbox: 0.0901  s0.loss_mask: 0.2086  s1.loss_cls: 0.0314  s1.acc: 99.4118  s1.loss_bbox: 0.1046  s1.loss_mask: 0.1072  s2.loss_cls: 0.0162  s2.acc: 99.2000  s2.loss_bbox: 0.0719  s2.loss_mask: 0.0510
2024/01/14 22:59:21 - mmengine - INFO - Epoch(train)  [9][ 200/1713]  lr: 2.0000e-02  eta: 1:20:24  time: 0.2419  data_time: 0.0074  memory: 2507  loss: 0.9126  loss_rpn_cls: 0.0150  loss_rpn_bbox: 0.0214  s0.loss_cls: 0.1063  s0.acc: 97.6562  s0.loss_bbox: 0.1118  s0.loss_mask: 0.2288  s1.loss_cls: 0.0415  s1.acc: 97.9424  s1.loss_bbox: 0.1134  s1.loss_mask: 0.1161  s2.loss_cls: 0.0227  s2.acc: 98.5011  s2.loss_bbox: 0.0789  s2.loss_mask: 0.0569
2024/01/14 22:59:33 - mmengine - INFO - Epoch(train)  [9][ 250/1713]  lr: 2.0000e-02  eta: 1:20:12  time: 0.2345  data_time: 0.0069  memory: 2505  loss: 0.8799  loss_rpn_cls: 0.0099  loss_rpn_bbox: 0.0187  s0.loss_cls: 0.0956  s0.acc: 96.0938  s0.loss_bbox: 0.1077  s0.loss_mask: 0.2369  s1.loss_cls: 0.0387  s1.acc: 98.7654  s1.loss_bbox: 0.1054  s1.loss_mask: 0.1170  s2.loss_cls: 0.0201  s2.acc: 99.5736  s2.loss_bbox: 0.0731  s2.loss_mask: 0.0569
2024/01/14 22:59:44 - mmengine - INFO - Exp name: instance_20240114_220316
2024/01/14 22:59:45 - mmengine - INFO - Epoch(train)  [9][ 300/1713]  lr: 2.0000e-02  eta: 1:20:00  time: 0.2409  data_time: 0.0069  memory: 2506  loss: 0.8193  loss_rpn_cls: 0.0073  loss_rpn_bbox: 0.0152  s0.loss_cls: 0.0912  s0.acc: 98.8281  s0.loss_bbox: 0.0993  s0.loss_mask: 0.2067  s1.loss_cls: 0.0375  s1.acc: 98.8281  s1.loss_bbox: 0.1066  s1.loss_mask: 0.1077  s2.loss_cls: 0.0197  s2.acc: 99.4141  s2.loss_bbox: 0.0753  s2.loss_mask: 0.0527
2024/01/14 22:59:56 - mmengine - INFO - Epoch(train)  [9][ 350/1713]  lr: 2.0000e-02  eta: 1:19:48  time: 0.2351  data_time: 0.0068  memory: 2506  loss: 0.8373  loss_rpn_cls: 0.0107  loss_rpn_bbox: 0.0200  s0.loss_cls: 0.0953  s0.acc: 91.2109  s0.loss_bbox: 0.0995  s0.loss_mask: 0.2175  s1.loss_cls: 0.0383  s1.acc: 90.7407  s1.loss_bbox: 0.1012  s1.loss_mask: 0.1111  s2.loss_cls: 0.0201  s2.acc: 88.3333  s2.loss_bbox: 0.0709  s2.loss_mask: 0.0528
2024/01/14 23:00:08 - mmengine - INFO - Epoch(train)  [9][ 400/1713]  lr: 2.0000e-02  eta: 1:19:37  time: 0.2403  data_time: 0.0071  memory: 2507  loss: 0.8652  loss_rpn_cls: 0.0083  loss_rpn_bbox: 0.0173  s0.loss_cls: 0.0930  s0.acc: 97.6562  s0.loss_bbox: 0.1088  s0.loss_mask: 0.2222  s1.loss_cls: 0.0425  s1.acc: 97.6562  s1.loss_bbox: 0.1119  s1.loss_mask: 0.1103  s2.loss_cls: 0.0231  s2.acc: 97.4609  s2.loss_bbox: 0.0758  s2.loss_mask: 0.0522
2024/01/14 23:00:20 - mmengine - INFO - Epoch(train)  [9][ 450/1713]  lr: 2.0000e-02  eta: 1:19:25  time: 0.2420  data_time: 0.0075  memory: 2506  loss: 0.8645  loss_rpn_cls: 0.0113  loss_rpn_bbox: 0.0231  s0.loss_cls: 0.0929  s0.acc: 94.7266  s0.loss_bbox: 0.1064  s0.loss_mask: 0.2239  s1.loss_cls: 0.0395  s1.acc: 96.6736  s1.loss_bbox: 0.1071  s1.loss_mask: 0.1113  s2.loss_cls: 0.0216  s2.acc: 95.5319  s2.loss_bbox: 0.0736  s2.loss_mask: 0.0538
2024/01/14 23:00:32 - mmengine - INFO - Epoch(train)  [9][ 500/1713]  lr: 2.0000e-02  eta: 1:19:13  time: 0.2346  data_time: 0.0068  memory: 2505  loss: 0.7424  loss_rpn_cls: 0.0081  loss_rpn_bbox: 0.0197  s0.loss_cls: 0.0763  s0.acc: 95.5078  s0.loss_bbox: 0.0879  s0.loss_mask: 0.1953  s1.loss_cls: 0.0291  s1.acc: 95.8984  s1.loss_bbox: 0.0927  s1.loss_mask: 0.1013  s2.loss_cls: 0.0159  s2.acc: 96.6797  s2.loss_bbox: 0.0669  s2.loss_mask: 0.0491
2024/01/14 23:00:44 - mmengine - INFO - Epoch(train)  [9][ 550/1713]  lr: 2.0000e-02  eta: 1:19:01  time: 0.2327  data_time: 0.0070  memory: 2509  loss: 0.8353  loss_rpn_cls: 0.0122  loss_rpn_bbox: 0.0183  s0.loss_cls: 0.0997  s0.acc: 98.0469  s0.loss_bbox: 0.0954  s0.loss_mask: 0.2078  s1.loss_cls: 0.0430  s1.acc: 99.4141  s1.loss_bbox: 0.1031  s1.loss_mask: 0.1069  s2.loss_cls: 0.0230  s2.acc: 99.0157  s2.loss_bbox: 0.0739  s2.loss_mask: 0.0520
2024/01/14 23:00:56 - mmengine - INFO - Epoch(train)  [9][ 600/1713]  lr: 2.0000e-02  eta: 1:18:49  time: 0.2397  data_time: 0.0072  memory: 2504  loss: 0.8376  loss_rpn_cls: 0.0144  loss_rpn_bbox: 0.0220  s0.loss_cls: 0.0968  s0.acc: 95.7031  s0.loss_bbox: 0.0993  s0.loss_mask: 0.2048  s1.loss_cls: 0.0355  s1.acc: 97.8992  s1.loss_bbox: 0.1095  s1.loss_mask: 0.1065  s2.loss_cls: 0.0187  s2.acc: 96.7880  s2.loss_bbox: 0.0785  s2.loss_mask: 0.0515
2024/01/14 23:01:08 - mmengine - INFO - Epoch(train)  [9][ 650/1713]  lr: 2.0000e-02  eta: 1:18:38  time: 0.2420  data_time: 0.0071  memory: 2508  loss: 0.8929  loss_rpn_cls: 0.0126  loss_rpn_bbox: 0.0185  s0.loss_cls: 0.0976  s0.acc: 93.7500  s0.loss_bbox: 0.1097  s0.loss_mask: 0.2206  s1.loss_cls: 0.0392  s1.acc: 88.8672  s1.loss_bbox: 0.1206  s1.loss_mask: 0.1140  s2.loss_cls: 0.0225  s2.acc: 81.4453  s2.loss_bbox: 0.0826  s2.loss_mask: 0.0551
2024/01/14 23:01:20 - mmengine - INFO - Epoch(train)  [9][ 700/1713]  lr: 2.0000e-02  eta: 1:18:26  time: 0.2412  data_time: 0.0069  memory: 2505  loss: 0.8928  loss_rpn_cls: 0.0098  loss_rpn_bbox: 0.0228  s0.loss_cls: 0.1086  s0.acc: 97.2656  s0.loss_bbox: 0.1174  s0.loss_mask: 0.2114  s1.loss_cls: 0.0428  s1.acc: 99.1632  s1.loss_bbox: 0.1166  s1.loss_mask: 0.1079  s2.loss_cls: 0.0227  s2.acc: 99.7835  s2.loss_bbox: 0.0812  s2.loss_mask: 0.0517
2024/01/14 23:01:32 - mmengine - INFO - Epoch(train)  [9][ 750/1713]  lr: 2.0000e-02  eta: 1:18:14  time: 0.2371  data_time: 0.0072  memory: 2505  loss: 0.8667  loss_rpn_cls: 0.0151  loss_rpn_bbox: 0.0200  s0.loss_cls: 0.0993  s0.acc: 95.7031  s0.loss_bbox: 0.1028  s0.loss_mask: 0.2234  s1.loss_cls: 0.0390  s1.acc: 90.6250  s1.loss_bbox: 0.1071  s1.loss_mask: 0.1126  s2.loss_cls: 0.0223  s2.acc: 90.0391  s2.loss_bbox: 0.0713  s2.loss_mask: 0.0538
2024/01/14 23:01:43 - mmengine - INFO - Epoch(train)  [9][ 800/1713]  lr: 2.0000e-02  eta: 1:18:02  time: 0.2324  data_time: 0.0064  memory: 2507  loss: 0.7884  loss_rpn_cls: 0.0078  loss_rpn_bbox: 0.0154  s0.loss_cls: 0.0855  s0.acc: 97.8516  s0.loss_bbox: 0.0897  s0.loss_mask: 0.2072  s1.loss_cls: 0.0347  s1.acc: 99.0234  s1.loss_bbox: 0.0984  s1.loss_mask: 0.1066  s2.loss_cls: 0.0172  s2.acc: 99.6040  s2.loss_bbox: 0.0738  s2.loss_mask: 0.0521
2024/01/14 23:01:55 - mmengine - INFO - Epoch(train)  [9][ 850/1713]  lr: 2.0000e-02  eta: 1:17:50  time: 0.2368  data_time: 0.0069  memory: 2507  loss: 0.8010  loss_rpn_cls: 0.0078  loss_rpn_bbox: 0.0163  s0.loss_cls: 0.0938  s0.acc: 93.5547  s0.loss_bbox: 0.0991  s0.loss_mask: 0.2042  s1.loss_cls: 0.0417  s1.acc: 97.3577  s1.loss_bbox: 0.0982  s1.loss_mask: 0.1030  s2.loss_cls: 0.0223  s2.acc: 94.0452  s2.loss_bbox: 0.0657  s2.loss_mask: 0.0489
2024/01/14 23:02:07 - mmengine - INFO - Epoch(train)  [9][ 900/1713]  lr: 2.0000e-02  eta: 1:17:39  time: 0.2379  data_time: 0.0068  memory: 2507  loss: 0.8230  loss_rpn_cls: 0.0113  loss_rpn_bbox: 0.0148  s0.loss_cls: 0.0982  s0.acc: 95.8984  s0.loss_bbox: 0.1044  s0.loss_mask: 0.2024  s1.loss_cls: 0.0398  s1.acc: 98.0810  s1.loss_bbox: 0.1051  s1.loss_mask: 0.1037  s2.loss_cls: 0.0210  s2.acc: 99.1091  s2.loss_bbox: 0.0721  s2.loss_mask: 0.0502
2024/01/14 23:02:19 - mmengine - INFO - Epoch(train)  [9][ 950/1713]  lr: 2.0000e-02  eta: 1:17:27  time: 0.2428  data_time: 0.0068  memory: 2507  loss: 0.8698  loss_rpn_cls: 0.0096  loss_rpn_bbox: 0.0175  s0.loss_cls: 0.0990  s0.acc: 95.1172  s0.loss_bbox: 0.1074  s0.loss_mask: 0.2198  s1.loss_cls: 0.0374  s1.acc: 98.1132  s1.loss_bbox: 0.1145  s1.loss_mask: 0.1127  s2.loss_cls: 0.0201  s2.acc: 97.8448  s2.loss_bbox: 0.0785  s2.loss_mask: 0.0534
2024/01/14 23:02:31 - mmengine - INFO - Epoch(train)  [9][1000/1713]  lr: 2.0000e-02  eta: 1:17:15  time: 0.2358  data_time: 0.0065  memory: 2506  loss: 0.7735  loss_rpn_cls: 0.0123  loss_rpn_bbox: 0.0178  s0.loss_cls: 0.0897  s0.acc: 98.0469  s0.loss_bbox: 0.0922  s0.loss_mask: 0.1919  s1.loss_cls: 0.0409  s1.acc: 98.2422  s1.loss_bbox: 0.0963  s1.loss_mask: 0.0986  s2.loss_cls: 0.0209  s2.acc: 98.8281  s2.loss_bbox: 0.0656  s2.loss_mask: 0.0472
2024/01/14 23:02:43 - mmengine - INFO - Epoch(train)  [9][1050/1713]  lr: 2.0000e-02  eta: 1:17:04  time: 0.2457  data_time: 0.0069  memory: 2506  loss: 0.9026  loss_rpn_cls: 0.0121  loss_rpn_bbox: 0.0187  s0.loss_cls: 0.1061  s0.acc: 96.2891  s0.loss_bbox: 0.1185  s0.loss_mask: 0.2208  s1.loss_cls: 0.0422  s1.acc: 97.0772  s1.loss_bbox: 0.1186  s1.loss_mask: 0.1108  s2.loss_cls: 0.0206  s2.acc: 98.2869  s2.loss_bbox: 0.0809  s2.loss_mask: 0.0532
2024/01/14 23:02:56 - mmengine - INFO - Epoch(train)  [9][1100/1713]  lr: 2.0000e-02  eta: 1:16:52  time: 0.2441  data_time: 0.0073  memory: 2507  loss: 0.8546  loss_rpn_cls: 0.0090  loss_rpn_bbox: 0.0156  s0.loss_cls: 0.1001  s0.acc: 98.6328  s0.loss_bbox: 0.1020  s0.loss_mask: 0.2210  s1.loss_cls: 0.0387  s1.acc: 98.8281  s1.loss_bbox: 0.1062  s1.loss_mask: 0.1126  s2.loss_cls: 0.0210  s2.acc: 99.6055  s2.loss_bbox: 0.0743  s2.loss_mask: 0.0541
2024/01/14 23:03:07 - mmengine - INFO - Epoch(train)  [9][1150/1713]  lr: 2.0000e-02  eta: 1:16:40  time: 0.2340  data_time: 0.0067  memory: 2507  loss: 0.9375  loss_rpn_cls: 0.0151  loss_rpn_bbox: 0.0208  s0.loss_cls: 0.1070  s0.acc: 89.2578  s0.loss_bbox: 0.1207  s0.loss_mask: 0.2332  s1.loss_cls: 0.0470  s1.acc: 83.4382  s1.loss_bbox: 0.1195  s1.loss_mask: 0.1153  s2.loss_cls: 0.0246  s2.acc: 81.3043  s2.loss_bbox: 0.0794  s2.loss_mask: 0.0550
2024/01/14 23:03:19 - mmengine - INFO - Epoch(train)  [9][1200/1713]  lr: 2.0000e-02  eta: 1:16:29  time: 0.2369  data_time: 0.0067  memory: 2506  loss: 0.7945  loss_rpn_cls: 0.0088  loss_rpn_bbox: 0.0175  s0.loss_cls: 0.0891  s0.acc: 97.2656  s0.loss_bbox: 0.1004  s0.loss_mask: 0.1961  s1.loss_cls: 0.0373  s1.acc: 98.1818  s1.loss_bbox: 0.1041  s1.loss_mask: 0.1009  s2.loss_cls: 0.0192  s2.acc: 99.3711  s2.loss_bbox: 0.0716  s2.loss_mask: 0.0496
2024/01/14 23:03:31 - mmengine - INFO - Epoch(train)  [9][1250/1713]  lr: 2.0000e-02  eta: 1:16:17  time: 0.2389  data_time: 0.0068  memory: 2507  loss: 0.8784  loss_rpn_cls: 0.0106  loss_rpn_bbox: 0.0191  s0.loss_cls: 0.1122  s0.acc: 96.6797  s0.loss_bbox: 0.1049  s0.loss_mask: 0.2090  s1.loss_cls: 0.0459  s1.acc: 97.6562  s1.loss_bbox: 0.1136  s1.loss_mask: 0.1060  s2.loss_cls: 0.0242  s2.acc: 97.8516  s2.loss_bbox: 0.0818  s2.loss_mask: 0.0510
2024/01/14 23:03:42 - mmengine - INFO - Exp name: instance_20240114_220316
2024/01/14 23:03:43 - mmengine - INFO - Epoch(train)  [9][1300/1713]  lr: 2.0000e-02  eta: 1:16:05  time: 0.2442  data_time: 0.0071  memory: 2506  loss: 0.8980  loss_rpn_cls: 0.0098  loss_rpn_bbox: 0.0186  s0.loss_cls: 0.1031  s0.acc: 94.7266  s0.loss_bbox: 0.1127  s0.loss_mask: 0.2237  s1.loss_cls: 0.0420  s1.acc: 96.0938  s1.loss_bbox: 0.1215  s1.loss_mask: 0.1101  s2.loss_cls: 0.0231  s2.acc: 96.0938  s2.loss_bbox: 0.0801  s2.loss_mask: 0.0532
2024/01/14 23:03:55 - mmengine - INFO - Epoch(train)  [9][1350/1713]  lr: 2.0000e-02  eta: 1:15:54  time: 0.2367  data_time: 0.0068  memory: 2505  loss: 0.8690  loss_rpn_cls: 0.0068  loss_rpn_bbox: 0.0190  s0.loss_cls: 0.0982  s0.acc: 99.0234  s0.loss_bbox: 0.1060  s0.loss_mask: 0.2220  s1.loss_cls: 0.0408  s1.acc: 99.0234  s1.loss_bbox: 0.1090  s1.loss_mask: 0.1108  s2.loss_cls: 0.0207  s2.acc: 99.4012  s2.loss_bbox: 0.0822  s2.loss_mask: 0.0535
2024/01/14 23:04:07 - mmengine - INFO - Epoch(train)  [9][1400/1713]  lr: 2.0000e-02  eta: 1:15:42  time: 0.2410  data_time: 0.0073  memory: 2506  loss: 0.9090  loss_rpn_cls: 0.0077  loss_rpn_bbox: 0.0207  s0.loss_cls: 0.1089  s0.acc: 94.9219  s0.loss_bbox: 0.1168  s0.loss_mask: 0.2295  s1.loss_cls: 0.0438  s1.acc: 93.9453  s1.loss_bbox: 0.1142  s1.loss_mask: 0.1150  s2.loss_cls: 0.0226  s2.acc: 96.6797  s2.loss_bbox: 0.0748  s2.loss_mask: 0.0548
2024/01/14 23:04:20 - mmengine - INFO - Epoch(train)  [9][1450/1713]  lr: 2.0000e-02  eta: 1:15:31  time: 0.2453  data_time: 0.0073  memory: 2508  loss: 0.9108  loss_rpn_cls: 0.0106  loss_rpn_bbox: 0.0229  s0.loss_cls: 0.1156  s0.acc: 92.9688  s0.loss_bbox: 0.1144  s0.loss_mask: 0.2216  s1.loss_cls: 0.0439  s1.acc: 91.2109  s1.loss_bbox: 0.1145  s1.loss_mask: 0.1126  s2.loss_cls: 0.0249  s2.acc: 88.8672  s2.loss_bbox: 0.0762  s2.loss_mask: 0.0536
2024/01/14 23:04:31 - mmengine - INFO - Epoch(train)  [9][1500/1713]  lr: 2.0000e-02  eta: 1:15:19  time: 0.2378  data_time: 0.0069  memory: 2507  loss: 0.8179  loss_rpn_cls: 0.0100  loss_rpn_bbox: 0.0191  s0.loss_cls: 0.1031  s0.acc: 98.2422  s0.loss_bbox: 0.1019  s0.loss_mask: 0.1956  s1.loss_cls: 0.0405  s1.acc: 99.4141  s1.loss_bbox: 0.1019  s1.loss_mask: 0.1032  s2.loss_cls: 0.0213  s2.acc: 99.0234  s2.loss_bbox: 0.0711  s2.loss_mask: 0.0502
2024/01/14 23:04:43 - mmengine - INFO - Epoch(train)  [9][1550/1713]  lr: 2.0000e-02  eta: 1:15:07  time: 0.2316  data_time: 0.0066  memory: 2505  loss: 0.7897  loss_rpn_cls: 0.0087  loss_rpn_bbox: 0.0183  s0.loss_cls: 0.0882  s0.acc: 94.5312  s0.loss_bbox: 0.0879  s0.loss_mask: 0.2085  s1.loss_cls: 0.0349  s1.acc: 97.0213  s1.loss_bbox: 0.0946  s1.loss_mask: 0.1087  s2.loss_cls: 0.0182  s2.acc: 96.0089  s2.loss_bbox: 0.0696  s2.loss_mask: 0.0520
2024/01/14 23:04:55 - mmengine - INFO - Epoch(train)  [9][1600/1713]  lr: 2.0000e-02  eta: 1:14:55  time: 0.2393  data_time: 0.0073  memory: 2507  loss: 0.8254  loss_rpn_cls: 0.0130  loss_rpn_bbox: 0.0160  s0.loss_cls: 0.0956  s0.acc: 97.0703  s0.loss_bbox: 0.0945  s0.loss_mask: 0.2157  s1.loss_cls: 0.0350  s1.acc: 99.1614  s1.loss_bbox: 0.1012  s1.loss_mask: 0.1115  s2.loss_cls: 0.0195  s2.acc: 98.7152  s2.loss_bbox: 0.0706  s2.loss_mask: 0.0528
2024/01/14 23:05:07 - mmengine - INFO - Epoch(train)  [9][1650/1713]  lr: 2.0000e-02  eta: 1:14:43  time: 0.2439  data_time: 0.0071  memory: 2507  loss: 0.9061  loss_rpn_cls: 0.0087  loss_rpn_bbox: 0.0196  s0.loss_cls: 0.1033  s0.acc: 97.0703  s0.loss_bbox: 0.1138  s0.loss_mask: 0.2350  s1.loss_cls: 0.0374  s1.acc: 98.2422  s1.loss_bbox: 0.1155  s1.loss_mask: 0.1179  s2.loss_cls: 0.0189  s2.acc: 96.8566  s2.loss_bbox: 0.0794  s2.loss_mask: 0.0564
2024/01/14 23:05:19 - mmengine - INFO - Epoch(train)  [9][1700/1713]  lr: 2.0000e-02  eta: 1:14:32  time: 0.2415  data_time: 0.0074  memory: 2501  loss: 0.8057  loss_rpn_cls: 0.0099  loss_rpn_bbox: 0.0186  s0.loss_cls: 0.0869  s0.acc: 94.5312  s0.loss_bbox: 0.0987  s0.loss_mask: 0.2022  s1.loss_cls: 0.0324  s1.acc: 96.6316  s1.loss_bbox: 0.1084  s1.loss_mask: 0.1046  s2.loss_cls: 0.0169  s2.acc: 97.1861  s2.loss_bbox: 0.0766  s2.loss_mask: 0.0505
2024/01/14 23:05:22 - mmengine - INFO - Exp name: instance_20240114_220316
2024/01/14 23:05:26 - mmengine - INFO - Epoch(val)  [9][50/71]    eta: 0:00:01  time: 0.0790  data_time: 0.0062  memory: 2374  
2024/01/14 23:05:28 - mmengine - INFO - Evaluating bbox...
2024/01/14 23:05:28 - mmengine - INFO - bbox_mAP_copypaste: 0.644 0.931 0.748 0.592 0.706 -1.000
2024/01/14 23:05:28 - mmengine - INFO - Epoch(val) [9][71/71]    coco/bbox_mAP: 0.6440  coco/bbox_mAP_50: 0.9310  coco/bbox_mAP_75: 0.7480  coco/bbox_mAP_s: 0.5920  coco/bbox_mAP_m: 0.7060  coco/bbox_mAP_l: -1.0000  data_time: 0.0059  time: 0.0779
2024/01/14 23:05:28 - mmengine - INFO - The previous best checkpoint /home/hasnatpie/thesis01/results_default20/best_coco_bbox_mAP_epoch_6.pth is removed
2024/01/14 23:05:29 - mmengine - INFO - The best checkpoint with 0.6440 coco/bbox_mAP at 9 epoch is saved to best_coco_bbox_mAP_epoch_9.pth.
2024/01/14 23:05:41 - mmengine - INFO - Epoch(train) [10][  50/1713]  lr: 2.0000e-03  eta: 1:14:17  time: 0.2403  data_time: 0.0074  memory: 2507  loss: 0.8283  loss_rpn_cls: 0.0080  loss_rpn_bbox: 0.0141  s0.loss_cls: 0.1018  s0.acc: 95.8984  s0.loss_bbox: 0.1001  s0.loss_mask: 0.2102  s1.loss_cls: 0.0363  s1.acc: 97.4609  s1.loss_bbox: 0.1068  s1.loss_mask: 0.1075  s2.loss_cls: 0.0192  s2.acc: 96.4844  s2.loss_bbox: 0.0723  s2.loss_mask: 0.0521
2024/01/14 23:05:54 - mmengine - INFO - Epoch(train) [10][ 100/1713]  lr: 2.0000e-03  eta: 1:14:06  time: 0.2440  data_time: 0.0071  memory: 2504  loss: 0.7965  loss_rpn_cls: 0.0104  loss_rpn_bbox: 0.0169  s0.loss_cls: 0.0960  s0.acc: 98.0469  s0.loss_bbox: 0.0957  s0.loss_mask: 0.2057  s1.loss_cls: 0.0355  s1.acc: 97.8516  s1.loss_bbox: 0.0949  s1.loss_mask: 0.1045  s2.loss_cls: 0.0193  s2.acc: 98.8281  s2.loss_bbox: 0.0669  s2.loss_mask: 0.0506
2024/01/14 23:06:06 - mmengine - INFO - Epoch(train) [10][ 150/1713]  lr: 2.0000e-03  eta: 1:13:54  time: 0.2396  data_time: 0.0068  memory: 2506  loss: 0.7129  loss_rpn_cls: 0.0083  loss_rpn_bbox: 0.0120  s0.loss_cls: 0.0847  s0.acc: 95.1172  s0.loss_bbox: 0.0785  s0.loss_mask: 0.1934  s1.loss_cls: 0.0310  s1.acc: 96.5726  s1.loss_bbox: 0.0819  s1.loss_mask: 0.1013  s2.loss_cls: 0.0150  s2.acc: 97.4895  s2.loss_bbox: 0.0568  s2.loss_mask: 0.0500
2024/01/14 23:06:18 - mmengine - INFO - Epoch(train) [10][ 200/1713]  lr: 2.0000e-03  eta: 1:13:42  time: 0.2379  data_time: 0.0069  memory: 2506  loss: 0.7127  loss_rpn_cls: 0.0068  loss_rpn_bbox: 0.0129  s0.loss_cls: 0.0840  s0.acc: 95.1172  s0.loss_bbox: 0.0808  s0.loss_mask: 0.1922  s1.loss_cls: 0.0324  s1.acc: 93.4156  s1.loss_bbox: 0.0812  s1.loss_mask: 0.1002  s2.loss_cls: 0.0167  s2.acc: 95.9660  s2.loss_bbox: 0.0571  s2.loss_mask: 0.0484
2024/01/14 23:06:30 - mmengine - INFO - Epoch(train) [10][ 250/1713]  lr: 2.0000e-03  eta: 1:13:30  time: 0.2402  data_time: 0.0070  memory: 2507  loss: 0.7535  loss_rpn_cls: 0.0051  loss_rpn_bbox: 0.0128  s0.loss_cls: 0.0851  s0.acc: 97.0703  s0.loss_bbox: 0.0843  s0.loss_mask: 0.2024  s1.loss_cls: 0.0322  s1.acc: 98.4375  s1.loss_bbox: 0.0918  s1.loss_mask: 0.1060  s2.loss_cls: 0.0169  s2.acc: 96.8750  s2.loss_bbox: 0.0654  s2.loss_mask: 0.0515
2024/01/14 23:06:42 - mmengine - INFO - Epoch(train) [10][ 300/1713]  lr: 2.0000e-03  eta: 1:13:19  time: 0.2401  data_time: 0.0070  memory: 2507  loss: 0.7758  loss_rpn_cls: 0.0095  loss_rpn_bbox: 0.0145  s0.loss_cls: 0.0982  s0.acc: 95.7031  s0.loss_bbox: 0.0874  s0.loss_mask: 0.2007  s1.loss_cls: 0.0368  s1.acc: 96.3907  s1.loss_bbox: 0.0917  s1.loss_mask: 0.1047  s2.loss_cls: 0.0183  s2.acc: 94.6581  s2.loss_bbox: 0.0643  s2.loss_mask: 0.0496
2024/01/14 23:06:54 - mmengine - INFO - Epoch(train) [10][ 350/1713]  lr: 2.0000e-03  eta: 1:13:07  time: 0.2408  data_time: 0.0070  memory: 2505  loss: 0.7020  loss_rpn_cls: 0.0073  loss_rpn_bbox: 0.0119  s0.loss_cls: 0.0768  s0.acc: 99.4141  s0.loss_bbox: 0.0777  s0.loss_mask: 0.1907  s1.loss_cls: 0.0297  s1.acc: 99.6094  s1.loss_bbox: 0.0833  s1.loss_mask: 0.0988  s2.loss_cls: 0.0152  s2.acc: 99.4141  s2.loss_bbox: 0.0619  s2.loss_mask: 0.0487
2024/01/14 23:07:06 - mmengine - INFO - Epoch(train) [10][ 400/1713]  lr: 2.0000e-03  eta: 1:12:55  time: 0.2443  data_time: 0.0069  memory: 2506  loss: 0.6867  loss_rpn_cls: 0.0068  loss_rpn_bbox: 0.0125  s0.loss_cls: 0.0805  s0.acc: 97.0703  s0.loss_bbox: 0.0744  s0.loss_mask: 0.1880  s1.loss_cls: 0.0289  s1.acc: 99.5680  s1.loss_bbox: 0.0782  s1.loss_mask: 0.0988  s2.loss_cls: 0.0139  s2.acc: 99.5434  s2.loss_bbox: 0.0560  s2.loss_mask: 0.0488
2024/01/14 23:07:17 - mmengine - INFO - Epoch(train) [10][ 450/1713]  lr: 2.0000e-03  eta: 1:12:43  time: 0.2324  data_time: 0.0066  memory: 2505  loss: 0.6564  loss_rpn_cls: 0.0048  loss_rpn_bbox: 0.0106  s0.loss_cls: 0.0687  s0.acc: 98.0469  s0.loss_bbox: 0.0691  s0.loss_mask: 0.1914  s1.loss_cls: 0.0227  s1.acc: 99.6094  s1.loss_bbox: 0.0719  s1.loss_mask: 0.1011  s2.loss_cls: 0.0117  s2.acc: 98.8166  s2.loss_bbox: 0.0547  s2.loss_mask: 0.0497
2024/01/14 23:07:29 - mmengine - INFO - Epoch(train) [10][ 500/1713]  lr: 2.0000e-03  eta: 1:12:31  time: 0.2366  data_time: 0.0068  memory: 2507  loss: 0.6470  loss_rpn_cls: 0.0063  loss_rpn_bbox: 0.0123  s0.loss_cls: 0.0707  s0.acc: 95.5078  s0.loss_bbox: 0.0715  s0.loss_mask: 0.1818  s1.loss_cls: 0.0236  s1.acc: 97.1074  s1.loss_bbox: 0.0715  s1.loss_mask: 0.0963  s2.loss_cls: 0.0114  s2.acc: 97.9167  s2.loss_bbox: 0.0540  s2.loss_mask: 0.0475
2024/01/14 23:07:41 - mmengine - INFO - Epoch(train) [10][ 550/1713]  lr: 2.0000e-03  eta: 1:12:20  time: 0.2391  data_time: 0.0070  memory: 2504  loss: 0.6347  loss_rpn_cls: 0.0056  loss_rpn_bbox: 0.0104  s0.loss_cls: 0.0676  s0.acc: 97.6562  s0.loss_bbox: 0.0674  s0.loss_mask: 0.1831  s1.loss_cls: 0.0217  s1.acc: 99.5798  s1.loss_bbox: 0.0690  s1.loss_mask: 0.0972  s2.loss_cls: 0.0109  s2.acc: 98.2721  s2.loss_bbox: 0.0537  s2.loss_mask: 0.0482
2024/01/14 23:07:49 - mmengine - INFO - Exp name: instance_20240114_220316
2024/01/14 23:07:53 - mmengine - INFO - Epoch(train) [10][ 600/1713]  lr: 2.0000e-03  eta: 1:12:08  time: 0.2391  data_time: 0.0071  memory: 2505  loss: 0.7247  loss_rpn_cls: 0.0064  loss_rpn_bbox: 0.0138  s0.loss_cls: 0.0755  s0.acc: 96.8750  s0.loss_bbox: 0.0833  s0.loss_mask: 0.2067  s1.loss_cls: 0.0278  s1.acc: 97.2656  s1.loss_bbox: 0.0828  s1.loss_mask: 0.1056  s2.loss_cls: 0.0156  s2.acc: 97.2656  s2.loss_bbox: 0.0566  s2.loss_mask: 0.0505
2024/01/14 23:08:05 - mmengine - INFO - Epoch(train) [10][ 650/1713]  lr: 2.0000e-03  eta: 1:11:56  time: 0.2347  data_time: 0.0067  memory: 2505  loss: 0.6619  loss_rpn_cls: 0.0053  loss_rpn_bbox: 0.0112  s0.loss_cls: 0.0622  s0.acc: 96.4844  s0.loss_bbox: 0.0651  s0.loss_mask: 0.1989  s1.loss_cls: 0.0215  s1.acc: 97.8678  s1.loss_bbox: 0.0718  s1.loss_mask: 0.1056  s2.loss_cls: 0.0115  s2.acc: 98.2103  s2.loss_bbox: 0.0568  s2.loss_mask: 0.0520
2024/01/14 23:08:17 - mmengine - INFO - Epoch(train) [10][ 700/1713]  lr: 2.0000e-03  eta: 1:11:44  time: 0.2329  data_time: 0.0066  memory: 2503  loss: 0.6429  loss_rpn_cls: 0.0059  loss_rpn_bbox: 0.0136  s0.loss_cls: 0.0698  s0.acc: 99.4141  s0.loss_bbox: 0.0709  s0.loss_mask: 0.1869  s1.loss_cls: 0.0234  s1.acc: 99.4141  s1.loss_bbox: 0.0694  s1.loss_mask: 0.0962  s2.loss_cls: 0.0119  s2.acc: 99.4141  s2.loss_bbox: 0.0480  s2.loss_mask: 0.0470
2024/01/14 23:08:28 - mmengine - INFO - Epoch(train) [10][ 750/1713]  lr: 2.0000e-03  eta: 1:11:32  time: 0.2345  data_time: 0.0070  memory: 2506  loss: 0.6280  loss_rpn_cls: 0.0057  loss_rpn_bbox: 0.0106  s0.loss_cls: 0.0685  s0.acc: 95.5078  s0.loss_bbox: 0.0626  s0.loss_mask: 0.1797  s1.loss_cls: 0.0221  s1.acc: 98.4946  s1.loss_bbox: 0.0702  s1.loss_mask: 0.0947  s2.loss_cls: 0.0115  s2.acc: 96.6741  s2.loss_bbox: 0.0554  s2.loss_mask: 0.0469
2024/01/14 23:08:40 - mmengine - INFO - Epoch(train) [10][ 800/1713]  lr: 2.0000e-03  eta: 1:11:20  time: 0.2393  data_time: 0.0067  memory: 2507  loss: 0.7074  loss_rpn_cls: 0.0084  loss_rpn_bbox: 0.0134  s0.loss_cls: 0.0780  s0.acc: 99.0234  s0.loss_bbox: 0.0803  s0.loss_mask: 0.1990  s1.loss_cls: 0.0269  s1.acc: 99.2188  s1.loss_bbox: 0.0796  s1.loss_mask: 0.1032  s2.loss_cls: 0.0140  s2.acc: 99.2188  s2.loss_bbox: 0.0543  s2.loss_mask: 0.0504
2024/01/14 23:08:52 - mmengine - INFO - Epoch(train) [10][ 850/1713]  lr: 2.0000e-03  eta: 1:11:08  time: 0.2410  data_time: 0.0076  memory: 2503  loss: 0.7332  loss_rpn_cls: 0.0097  loss_rpn_bbox: 0.0152  s0.loss_cls: 0.0782  s0.acc: 97.0703  s0.loss_bbox: 0.0800  s0.loss_mask: 0.2028  s1.loss_cls: 0.0291  s1.acc: 97.6000  s1.loss_bbox: 0.0832  s1.loss_mask: 0.1064  s2.loss_cls: 0.0147  s2.acc: 98.5656  s2.loss_bbox: 0.0625  s2.loss_mask: 0.0513
2024/01/14 23:09:04 - mmengine - INFO - Epoch(train) [10][ 900/1713]  lr: 2.0000e-03  eta: 1:10:57  time: 0.2378  data_time: 0.0068  memory: 2507  loss: 0.6514  loss_rpn_cls: 0.0057  loss_rpn_bbox: 0.0104  s0.loss_cls: 0.0762  s0.acc: 98.0469  s0.loss_bbox: 0.0705  s0.loss_mask: 0.1831  s1.loss_cls: 0.0277  s1.acc: 99.6094  s1.loss_bbox: 0.0718  s1.loss_mask: 0.0946  s2.loss_cls: 0.0137  s2.acc: 99.4141  s2.loss_bbox: 0.0509  s2.loss_mask: 0.0468
2024/01/14 23:09:16 - mmengine - INFO - Epoch(train) [10][ 950/1713]  lr: 2.0000e-03  eta: 1:10:45  time: 0.2392  data_time: 0.0074  memory: 2506  loss: 0.6765  loss_rpn_cls: 0.0093  loss_rpn_bbox: 0.0142  s0.loss_cls: 0.0787  s0.acc: 98.2422  s0.loss_bbox: 0.0703  s0.loss_mask: 0.1841  s1.loss_cls: 0.0268  s1.acc: 98.8281  s1.loss_bbox: 0.0765  s1.loss_mask: 0.0986  s2.loss_cls: 0.0136  s2.acc: 98.8212  s2.loss_bbox: 0.0559  s2.loss_mask: 0.0485
2024/01/14 23:09:28 - mmengine - INFO - Epoch(train) [10][1000/1713]  lr: 2.0000e-03  eta: 1:10:33  time: 0.2341  data_time: 0.0069  memory: 2506  loss: 0.6421  loss_rpn_cls: 0.0067  loss_rpn_bbox: 0.0110  s0.loss_cls: 0.0642  s0.acc: 98.6328  s0.loss_bbox: 0.0680  s0.loss_mask: 0.1900  s1.loss_cls: 0.0221  s1.acc: 98.9733  s1.loss_bbox: 0.0681  s1.loss_mask: 0.0993  s2.loss_cls: 0.0119  s2.acc: 98.9293  s2.loss_bbox: 0.0519  s2.loss_mask: 0.0488
2024/01/14 23:09:40 - mmengine - INFO - Epoch(train) [10][1050/1713]  lr: 2.0000e-03  eta: 1:10:21  time: 0.2421  data_time: 0.0069  memory: 2506  loss: 0.6511  loss_rpn_cls: 0.0042  loss_rpn_bbox: 0.0110  s0.loss_cls: 0.0707  s0.acc: 95.8984  s0.loss_bbox: 0.0707  s0.loss_mask: 0.1871  s1.loss_cls: 0.0259  s1.acc: 97.7083  s1.loss_bbox: 0.0697  s1.loss_mask: 0.0991  s2.loss_cls: 0.0132  s2.acc: 95.7627  s2.loss_bbox: 0.0512  s2.loss_mask: 0.0483
2024/01/14 23:09:52 - mmengine - INFO - Epoch(train) [10][1100/1713]  lr: 2.0000e-03  eta: 1:10:10  time: 0.2414  data_time: 0.0071  memory: 2507  loss: 0.6731  loss_rpn_cls: 0.0040  loss_rpn_bbox: 0.0106  s0.loss_cls: 0.0742  s0.acc: 97.0703  s0.loss_bbox: 0.0686  s0.loss_mask: 0.1948  s1.loss_cls: 0.0260  s1.acc: 98.7342  s1.loss_bbox: 0.0738  s1.loss_mask: 0.1027  s2.loss_cls: 0.0130  s2.acc: 98.7207  s2.loss_bbox: 0.0546  s2.loss_mask: 0.0508
2024/01/14 23:10:04 - mmengine - INFO - Epoch(train) [10][1150/1713]  lr: 2.0000e-03  eta: 1:09:58  time: 0.2348  data_time: 0.0071  memory: 2506  loss: 0.6271  loss_rpn_cls: 0.0047  loss_rpn_bbox: 0.0125  s0.loss_cls: 0.0689  s0.acc: 98.4375  s0.loss_bbox: 0.0662  s0.loss_mask: 0.1845  s1.loss_cls: 0.0241  s1.acc: 98.8281  s1.loss_bbox: 0.0642  s1.loss_mask: 0.0958  s2.loss_cls: 0.0127  s2.acc: 99.4141  s2.loss_bbox: 0.0461  s2.loss_mask: 0.0474
2024/01/14 23:10:16 - mmengine - INFO - Epoch(train) [10][1200/1713]  lr: 2.0000e-03  eta: 1:09:45  time: 0.2339  data_time: 0.0068  memory: 2507  loss: 0.6008  loss_rpn_cls: 0.0070  loss_rpn_bbox: 0.0116  s0.loss_cls: 0.0685  s0.acc: 97.2656  s0.loss_bbox: 0.0630  s0.loss_mask: 0.1767  s1.loss_cls: 0.0261  s1.acc: 97.4026  s1.loss_bbox: 0.0599  s1.loss_mask: 0.0906  s2.loss_cls: 0.0130  s2.acc: 97.3034  s2.loss_bbox: 0.0405  s2.loss_mask: 0.0438
2024/01/14 23:10:28 - mmengine - INFO - Epoch(train) [10][1250/1713]  lr: 2.0000e-03  eta: 1:09:34  time: 0.2438  data_time: 0.0070  memory: 2506  loss: 0.6590  loss_rpn_cls: 0.0060  loss_rpn_bbox: 0.0112  s0.loss_cls: 0.0760  s0.acc: 97.0703  s0.loss_bbox: 0.0720  s0.loss_mask: 0.1855  s1.loss_cls: 0.0236  s1.acc: 98.3505  s1.loss_bbox: 0.0723  s1.loss_mask: 0.0979  s2.loss_cls: 0.0119  s2.acc: 98.3015  s2.loss_bbox: 0.0539  s2.loss_mask: 0.0487
2024/01/14 23:10:40 - mmengine - INFO - Epoch(train) [10][1300/1713]  lr: 2.0000e-03  eta: 1:09:22  time: 0.2379  data_time: 0.0072  memory: 2501  loss: 0.6759  loss_rpn_cls: 0.0069  loss_rpn_bbox: 0.0137  s0.loss_cls: 0.0713  s0.acc: 97.8516  s0.loss_bbox: 0.0671  s0.loss_mask: 0.1953  s1.loss_cls: 0.0246  s1.acc: 98.3903  s1.loss_bbox: 0.0742  s1.loss_mask: 0.1032  s2.loss_cls: 0.0129  s2.acc: 99.5825  s2.loss_bbox: 0.0562  s2.loss_mask: 0.0505
2024/01/14 23:10:51 - mmengine - INFO - Epoch(train) [10][1350/1713]  lr: 2.0000e-03  eta: 1:09:10  time: 0.2374  data_time: 0.0069  memory: 2507  loss: 0.6559  loss_rpn_cls: 0.0067  loss_rpn_bbox: 0.0122  s0.loss_cls: 0.0767  s0.acc: 94.7266  s0.loss_bbox: 0.0688  s0.loss_mask: 0.1886  s1.loss_cls: 0.0264  s1.acc: 98.0469  s1.loss_bbox: 0.0703  s1.loss_mask: 0.0959  s2.loss_cls: 0.0142  s2.acc: 98.6328  s2.loss_bbox: 0.0491  s2.loss_mask: 0.0468
2024/01/14 23:11:03 - mmengine - INFO - Epoch(train) [10][1400/1713]  lr: 2.0000e-03  eta: 1:08:58  time: 0.2336  data_time: 0.0065  memory: 2507  loss: 0.6190  loss_rpn_cls: 0.0069  loss_rpn_bbox: 0.0092  s0.loss_cls: 0.0705  s0.acc: 98.4375  s0.loss_bbox: 0.0628  s0.loss_mask: 0.1817  s1.loss_cls: 0.0276  s1.acc: 98.8281  s1.loss_bbox: 0.0595  s1.loss_mask: 0.0954  s2.loss_cls: 0.0137  s2.acc: 98.1928  s2.loss_bbox: 0.0449  s2.loss_mask: 0.0468
2024/01/14 23:11:15 - mmengine - INFO - Epoch(train) [10][1450/1713]  lr: 2.0000e-03  eta: 1:08:46  time: 0.2364  data_time: 0.0069  memory: 2507  loss: 0.6633  loss_rpn_cls: 0.0056  loss_rpn_bbox: 0.0128  s0.loss_cls: 0.0679  s0.acc: 97.4609  s0.loss_bbox: 0.0688  s0.loss_mask: 0.1973  s1.loss_cls: 0.0251  s1.acc: 97.2656  s1.loss_bbox: 0.0694  s1.loss_mask: 0.1021  s2.loss_cls: 0.0131  s2.acc: 99.0234  s2.loss_bbox: 0.0517  s2.loss_mask: 0.0496
2024/01/14 23:11:27 - mmengine - INFO - Epoch(train) [10][1500/1713]  lr: 2.0000e-03  eta: 1:08:34  time: 0.2375  data_time: 0.0072  memory: 2508  loss: 0.6617  loss_rpn_cls: 0.0058  loss_rpn_bbox: 0.0130  s0.loss_cls: 0.0671  s0.acc: 97.2656  s0.loss_bbox: 0.0736  s0.loss_mask: 0.1940  s1.loss_cls: 0.0240  s1.acc: 98.0469  s1.loss_bbox: 0.0709  s1.loss_mask: 0.1005  s2.loss_cls: 0.0130  s2.acc: 97.2656  s2.loss_bbox: 0.0507  s2.loss_mask: 0.0491
2024/01/14 23:11:39 - mmengine - INFO - Epoch(train) [10][1550/1713]  lr: 2.0000e-03  eta: 1:08:23  time: 0.2368  data_time: 0.0067  memory: 2507  loss: 0.6016  loss_rpn_cls: 0.0060  loss_rpn_bbox: 0.0108  s0.loss_cls: 0.0643  s0.acc: 96.6797  s0.loss_bbox: 0.0596  s0.loss_mask: 0.1777  s1.loss_cls: 0.0243  s1.acc: 93.7500  s1.loss_bbox: 0.0604  s1.loss_mask: 0.0931  s2.loss_cls: 0.0121  s2.acc: 91.9922  s2.loss_bbox: 0.0466  s2.loss_mask: 0.0466
2024/01/14 23:11:47 - mmengine - INFO - Exp name: instance_20240114_220316
2024/01/14 23:11:51 - mmengine - INFO - Epoch(train) [10][1600/1713]  lr: 2.0000e-03  eta: 1:08:11  time: 0.2371  data_time: 0.0066  memory: 2505  loss: 0.6757  loss_rpn_cls: 0.0070  loss_rpn_bbox: 0.0115  s0.loss_cls: 0.0731  s0.acc: 98.6328  s0.loss_bbox: 0.0741  s0.loss_mask: 0.2007  s1.loss_cls: 0.0245  s1.acc: 99.6094  s1.loss_bbox: 0.0677  s1.loss_mask: 0.1044  s2.loss_cls: 0.0125  s2.acc: 99.4141  s2.loss_bbox: 0.0491  s2.loss_mask: 0.0511
2024/01/14 23:12:02 - mmengine - INFO - Epoch(train) [10][1650/1713]  lr: 2.0000e-03  eta: 1:07:58  time: 0.2306  data_time: 0.0066  memory: 2507  loss: 0.6589  loss_rpn_cls: 0.0057  loss_rpn_bbox: 0.0109  s0.loss_cls: 0.0701  s0.acc: 97.2656  s0.loss_bbox: 0.0709  s0.loss_mask: 0.1956  s1.loss_cls: 0.0255  s1.acc: 100.0000  s1.loss_bbox: 0.0686  s1.loss_mask: 0.1019  s2.loss_cls: 0.0129  s2.acc: 99.1870  s2.loss_bbox: 0.0480  s2.loss_mask: 0.0487
2024/01/14 23:12:14 - mmengine - INFO - Epoch(train) [10][1700/1713]  lr: 2.0000e-03  eta: 1:07:47  time: 0.2357  data_time: 0.0072  memory: 2506  loss: 0.6907  loss_rpn_cls: 0.0046  loss_rpn_bbox: 0.0136  s0.loss_cls: 0.0771  s0.acc: 93.7500  s0.loss_bbox: 0.0762  s0.loss_mask: 0.1945  s1.loss_cls: 0.0276  s1.acc: 95.6612  s1.loss_bbox: 0.0779  s1.loss_mask: 0.1008  s2.loss_cls: 0.0152  s2.acc: 97.6395  s2.loss_bbox: 0.0541  s2.loss_mask: 0.0491
2024/01/14 23:12:17 - mmengine - INFO - Exp name: instance_20240114_220316
2024/01/14 23:12:21 - mmengine - INFO - Epoch(val) [10][50/71]    eta: 0:00:01  time: 0.0767  data_time: 0.0064  memory: 2507  
2024/01/14 23:12:22 - mmengine - INFO - Evaluating bbox...
2024/01/14 23:12:23 - mmengine - INFO - bbox_mAP_copypaste: 0.669 0.935 0.787 0.610 0.741 -1.000
2024/01/14 23:12:23 - mmengine - INFO - Epoch(val) [10][71/71]    coco/bbox_mAP: 0.6690  coco/bbox_mAP_50: 0.9350  coco/bbox_mAP_75: 0.7870  coco/bbox_mAP_s: 0.6100  coco/bbox_mAP_m: 0.7410  coco/bbox_mAP_l: -1.0000  data_time: 0.0061  time: 0.0757
2024/01/14 23:12:23 - mmengine - INFO - The previous best checkpoint /home/hasnatpie/thesis01/results_default20/best_coco_bbox_mAP_epoch_9.pth is removed
2024/01/14 23:12:24 - mmengine - INFO - The best checkpoint with 0.6690 coco/bbox_mAP at 10 epoch is saved to best_coco_bbox_mAP_epoch_10.pth.
2024/01/14 23:12:36 - mmengine - INFO - Epoch(train) [11][  50/1713]  lr: 2.0000e-03  eta: 1:07:32  time: 0.2452  data_time: 0.0088  memory: 2505  loss: 0.6978  loss_rpn_cls: 0.0073  loss_rpn_bbox: 0.0132  s0.loss_cls: 0.0836  s0.acc: 97.6562  s0.loss_bbox: 0.0728  s0.loss_mask: 0.1915  s1.loss_cls: 0.0281  s1.acc: 98.5887  s1.loss_bbox: 0.0778  s1.loss_mask: 0.1017  s2.loss_cls: 0.0152  s2.acc: 98.7288  s2.loss_bbox: 0.0571  s2.loss_mask: 0.0495
2024/01/14 23:12:49 - mmengine - INFO - Epoch(train) [11][ 100/1713]  lr: 2.0000e-03  eta: 1:07:21  time: 0.2503  data_time: 0.0072  memory: 2507  loss: 0.6420  loss_rpn_cls: 0.0061  loss_rpn_bbox: 0.0110  s0.loss_cls: 0.0693  s0.acc: 94.9219  s0.loss_bbox: 0.0660  s0.loss_mask: 0.1911  s1.loss_cls: 0.0236  s1.acc: 94.0452  s1.loss_bbox: 0.0651  s1.loss_mask: 0.0987  s2.loss_cls: 0.0119  s2.acc: 91.1704  s2.loss_bbox: 0.0499  s2.loss_mask: 0.0492
2024/01/14 23:13:01 - mmengine - INFO - Epoch(train) [11][ 150/1713]  lr: 2.0000e-03  eta: 1:07:10  time: 0.2554  data_time: 0.0081  memory: 2501  loss: 0.6884  loss_rpn_cls: 0.0067  loss_rpn_bbox: 0.0147  s0.loss_cls: 0.0745  s0.acc: 96.2891  s0.loss_bbox: 0.0747  s0.loss_mask: 0.1987  s1.loss_cls: 0.0281  s1.acc: 98.2422  s1.loss_bbox: 0.0720  s1.loss_mask: 0.1014  s2.loss_cls: 0.0151  s2.acc: 98.6328  s2.loss_bbox: 0.0525  s2.loss_mask: 0.0501
2024/01/14 23:13:14 - mmengine - INFO - Epoch(train) [11][ 200/1713]  lr: 2.0000e-03  eta: 1:06:59  time: 0.2514  data_time: 0.0071  memory: 2505  loss: 0.6371  loss_rpn_cls: 0.0054  loss_rpn_bbox: 0.0112  s0.loss_cls: 0.0667  s0.acc: 98.2422  s0.loss_bbox: 0.0678  s0.loss_mask: 0.1865  s1.loss_cls: 0.0240  s1.acc: 98.0469  s1.loss_bbox: 0.0657  s1.loss_mask: 0.0989  s2.loss_cls: 0.0125  s2.acc: 98.0469  s2.loss_bbox: 0.0493  s2.loss_mask: 0.0492
2024/01/14 23:13:26 - mmengine - INFO - Epoch(train) [11][ 250/1713]  lr: 2.0000e-03  eta: 1:06:47  time: 0.2484  data_time: 0.0077  memory: 2509  loss: 0.6205  loss_rpn_cls: 0.0100  loss_rpn_bbox: 0.0111  s0.loss_cls: 0.0706  s0.acc: 97.4609  s0.loss_bbox: 0.0638  s0.loss_mask: 0.1788  s1.loss_cls: 0.0233  s1.acc: 99.4141  s1.loss_bbox: 0.0636  s1.loss_mask: 0.0942  s2.loss_cls: 0.0122  s2.acc: 99.2172  s2.loss_bbox: 0.0458  s2.loss_mask: 0.0471
2024/01/14 23:13:38 - mmengine - INFO - Epoch(train) [11][ 300/1713]  lr: 2.0000e-03  eta: 1:06:35  time: 0.2345  data_time: 0.0067  memory: 2506  loss: 0.5987  loss_rpn_cls: 0.0052  loss_rpn_bbox: 0.0098  s0.loss_cls: 0.0633  s0.acc: 98.6328  s0.loss_bbox: 0.0576  s0.loss_mask: 0.1823  s1.loss_cls: 0.0223  s1.acc: 98.8281  s1.loss_bbox: 0.0576  s1.loss_mask: 0.0972  s2.loss_cls: 0.0115  s2.acc: 99.8047  s2.loss_bbox: 0.0441  s2.loss_mask: 0.0479
2024/01/14 23:13:50 - mmengine - INFO - Epoch(train) [11][ 350/1713]  lr: 2.0000e-03  eta: 1:06:24  time: 0.2412  data_time: 0.0072  memory: 2504  loss: 0.6645  loss_rpn_cls: 0.0070  loss_rpn_bbox: 0.0128  s0.loss_cls: 0.0692  s0.acc: 98.2422  s0.loss_bbox: 0.0685  s0.loss_mask: 0.1961  s1.loss_cls: 0.0245  s1.acc: 99.4141  s1.loss_bbox: 0.0705  s1.loss_mask: 0.1035  s2.loss_cls: 0.0134  s2.acc: 98.0469  s2.loss_bbox: 0.0486  s2.loss_mask: 0.0505
2024/01/14 23:14:03 - mmengine - INFO - Epoch(train) [11][ 400/1713]  lr: 2.0000e-03  eta: 1:06:12  time: 0.2496  data_time: 0.0073  memory: 2505  loss: 0.6129  loss_rpn_cls: 0.0049  loss_rpn_bbox: 0.0116  s0.loss_cls: 0.0703  s0.acc: 97.0703  s0.loss_bbox: 0.0631  s0.loss_mask: 0.1760  s1.loss_cls: 0.0235  s1.acc: 97.9339  s1.loss_bbox: 0.0639  s1.loss_mask: 0.0922  s2.loss_cls: 0.0120  s2.acc: 98.7288  s2.loss_bbox: 0.0493  s2.loss_mask: 0.0462
2024/01/14 23:14:15 - mmengine - INFO - Epoch(train) [11][ 450/1713]  lr: 2.0000e-03  eta: 1:06:01  time: 0.2418  data_time: 0.0070  memory: 2507  loss: 0.5991  loss_rpn_cls: 0.0036  loss_rpn_bbox: 0.0098  s0.loss_cls: 0.0611  s0.acc: 98.8281  s0.loss_bbox: 0.0621  s0.loss_mask: 0.1835  s1.loss_cls: 0.0198  s1.acc: 98.8281  s1.loss_bbox: 0.0586  s1.loss_mask: 0.0979  s2.loss_cls: 0.0104  s2.acc: 98.6328  s2.loss_bbox: 0.0445  s2.loss_mask: 0.0478
2024/01/14 23:14:27 - mmengine - INFO - Epoch(train) [11][ 500/1713]  lr: 2.0000e-03  eta: 1:05:49  time: 0.2444  data_time: 0.0073  memory: 2495  loss: 0.6243  loss_rpn_cls: 0.0065  loss_rpn_bbox: 0.0105  s0.loss_cls: 0.0738  s0.acc: 93.5547  s0.loss_bbox: 0.0602  s0.loss_mask: 0.1835  s1.loss_cls: 0.0278  s1.acc: 91.6016  s1.loss_bbox: 0.0593  s1.loss_mask: 0.0964  s2.loss_cls: 0.0136  s2.acc: 90.6250  s2.loss_bbox: 0.0450  s2.loss_mask: 0.0476
2024/01/14 23:14:39 - mmengine - INFO - Epoch(train) [11][ 550/1713]  lr: 2.0000e-03  eta: 1:05:37  time: 0.2370  data_time: 0.0066  memory: 2505  loss: 0.6026  loss_rpn_cls: 0.0050  loss_rpn_bbox: 0.0093  s0.loss_cls: 0.0633  s0.acc: 98.2422  s0.loss_bbox: 0.0580  s0.loss_mask: 0.1839  s1.loss_cls: 0.0207  s1.acc: 98.6328  s1.loss_bbox: 0.0611  s1.loss_mask: 0.0966  s2.loss_cls: 0.0111  s2.acc: 98.8281  s2.loss_bbox: 0.0454  s2.loss_mask: 0.0482
2024/01/14 23:14:51 - mmengine - INFO - Epoch(train) [11][ 600/1713]  lr: 2.0000e-03  eta: 1:05:26  time: 0.2496  data_time: 0.0074  memory: 2507  loss: 0.6630  loss_rpn_cls: 0.0055  loss_rpn_bbox: 0.0127  s0.loss_cls: 0.0707  s0.acc: 94.1406  s0.loss_bbox: 0.0717  s0.loss_mask: 0.1927  s1.loss_cls: 0.0272  s1.acc: 92.5781  s1.loss_bbox: 0.0702  s1.loss_mask: 0.1005  s2.loss_cls: 0.0145  s2.acc: 91.9922  s2.loss_bbox: 0.0488  s2.loss_mask: 0.0483
2024/01/14 23:15:04 - mmengine - INFO - Epoch(train) [11][ 650/1713]  lr: 2.0000e-03  eta: 1:05:15  time: 0.2497  data_time: 0.0072  memory: 2501  loss: 0.6588  loss_rpn_cls: 0.0062  loss_rpn_bbox: 0.0114  s0.loss_cls: 0.0732  s0.acc: 97.0703  s0.loss_bbox: 0.0678  s0.loss_mask: 0.1920  s1.loss_cls: 0.0259  s1.acc: 99.0234  s1.loss_bbox: 0.0687  s1.loss_mask: 0.0996  s2.loss_cls: 0.0128  s2.acc: 99.0234  s2.loss_bbox: 0.0517  s2.loss_mask: 0.0495
2024/01/14 23:15:17 - mmengine - INFO - Epoch(train) [11][ 700/1713]  lr: 2.0000e-03  eta: 1:05:04  time: 0.2561  data_time: 0.0076  memory: 2507  loss: 0.6674  loss_rpn_cls: 0.0060  loss_rpn_bbox: 0.0130  s0.loss_cls: 0.0759  s0.acc: 96.4844  s0.loss_bbox: 0.0736  s0.loss_mask: 0.1870  s1.loss_cls: 0.0247  s1.acc: 97.3415  s1.loss_bbox: 0.0730  s1.loss_mask: 0.0985  s2.loss_cls: 0.0131  s2.acc: 98.9496  s2.loss_bbox: 0.0544  s2.loss_mask: 0.0482
2024/01/14 23:15:29 - mmengine - INFO - Epoch(train) [11][ 750/1713]  lr: 2.0000e-03  eta: 1:04:52  time: 0.2517  data_time: 0.0075  memory: 2507  loss: 0.6578  loss_rpn_cls: 0.0058  loss_rpn_bbox: 0.0107  s0.loss_cls: 0.0716  s0.acc: 96.8750  s0.loss_bbox: 0.0713  s0.loss_mask: 0.1950  s1.loss_cls: 0.0230  s1.acc: 99.1701  s1.loss_bbox: 0.0669  s1.loss_mask: 0.1012  s2.loss_cls: 0.0115  s2.acc: 98.9083  s2.loss_bbox: 0.0511  s2.loss_mask: 0.0497
2024/01/14 23:15:42 - mmengine - INFO - Epoch(train) [11][ 800/1713]  lr: 2.0000e-03  eta: 1:04:41  time: 0.2475  data_time: 0.0068  memory: 2507  loss: 0.5790  loss_rpn_cls: 0.0057  loss_rpn_bbox: 0.0093  s0.loss_cls: 0.0675  s0.acc: 97.8516  s0.loss_bbox: 0.0556  s0.loss_mask: 0.1709  s1.loss_cls: 0.0255  s1.acc: 98.0469  s1.loss_bbox: 0.0533  s1.loss_mask: 0.0914  s2.loss_cls: 0.0132  s2.acc: 98.8281  s2.loss_bbox: 0.0403  s2.loss_mask: 0.0462
2024/01/14 23:15:54 - mmengine - INFO - Epoch(train) [11][ 850/1713]  lr: 2.0000e-03  eta: 1:04:29  time: 0.2486  data_time: 0.0076  memory: 2506  loss: 0.6535  loss_rpn_cls: 0.0067  loss_rpn_bbox: 0.0117  s0.loss_cls: 0.0723  s0.acc: 97.0703  s0.loss_bbox: 0.0681  s0.loss_mask: 0.1902  s1.loss_cls: 0.0280  s1.acc: 97.8516  s1.loss_bbox: 0.0662  s1.loss_mask: 0.0987  s2.loss_cls: 0.0135  s2.acc: 96.6797  s2.loss_bbox: 0.0493  s2.loss_mask: 0.0487
2024/01/14 23:15:59 - mmengine - INFO - Exp name: instance_20240114_220316
2024/01/14 23:16:06 - mmengine - INFO - Epoch(train) [11][ 900/1713]  lr: 2.0000e-03  eta: 1:04:18  time: 0.2508  data_time: 0.0074  memory: 2505  loss: 0.6498  loss_rpn_cls: 0.0069  loss_rpn_bbox: 0.0116  s0.loss_cls: 0.0694  s0.acc: 99.4141  s0.loss_bbox: 0.0694  s0.loss_mask: 0.1931  s1.loss_cls: 0.0234  s1.acc: 99.6094  s1.loss_bbox: 0.0643  s1.loss_mask: 0.0990  s2.loss_cls: 0.0124  s2.acc: 99.6094  s2.loss_bbox: 0.0509  s2.loss_mask: 0.0493
2024/01/14 23:16:19 - mmengine - INFO - Epoch(train) [11][ 950/1713]  lr: 2.0000e-03  eta: 1:04:07  time: 0.2489  data_time: 0.0071  memory: 2507  loss: 0.6408  loss_rpn_cls: 0.0060  loss_rpn_bbox: 0.0106  s0.loss_cls: 0.0683  s0.acc: 98.0469  s0.loss_bbox: 0.0707  s0.loss_mask: 0.1849  s1.loss_cls: 0.0240  s1.acc: 99.4141  s1.loss_bbox: 0.0711  s1.loss_mask: 0.0950  s2.loss_cls: 0.0121  s2.acc: 98.4375  s2.loss_bbox: 0.0506  s2.loss_mask: 0.0472
2024/01/14 23:16:32 - mmengine - INFO - Epoch(train) [11][1000/1713]  lr: 2.0000e-03  eta: 1:03:56  time: 0.2519  data_time: 0.0076  memory: 2507  loss: 0.6023  loss_rpn_cls: 0.0052  loss_rpn_bbox: 0.0095  s0.loss_cls: 0.0649  s0.acc: 92.1875  s0.loss_bbox: 0.0633  s0.loss_mask: 0.1769  s1.loss_cls: 0.0205  s1.acc: 95.1860  s1.loss_bbox: 0.0626  s1.loss_mask: 0.0943  s2.loss_cls: 0.0119  s2.acc: 96.2529  s2.loss_bbox: 0.0462  s2.loss_mask: 0.0470
2024/01/14 23:16:44 - mmengine - INFO - Epoch(train) [11][1050/1713]  lr: 2.0000e-03  eta: 1:03:44  time: 0.2420  data_time: 0.0066  memory: 2506  loss: 0.6260  loss_rpn_cls: 0.0050  loss_rpn_bbox: 0.0099  s0.loss_cls: 0.0665  s0.acc: 95.7031  s0.loss_bbox: 0.0671  s0.loss_mask: 0.1866  s1.loss_cls: 0.0249  s1.acc: 96.8750  s1.loss_bbox: 0.0642  s1.loss_mask: 0.0965  s2.loss_cls: 0.0124  s2.acc: 96.4775  s2.loss_bbox: 0.0462  s2.loss_mask: 0.0467
2024/01/14 23:16:56 - mmengine - INFO - Epoch(train) [11][1100/1713]  lr: 2.0000e-03  eta: 1:03:32  time: 0.2483  data_time: 0.0070  memory: 2507  loss: 0.6492  loss_rpn_cls: 0.0049  loss_rpn_bbox: 0.0113  s0.loss_cls: 0.0697  s0.acc: 97.8516  s0.loss_bbox: 0.0693  s0.loss_mask: 0.1932  s1.loss_cls: 0.0237  s1.acc: 99.4141  s1.loss_bbox: 0.0684  s1.loss_mask: 0.0999  s2.loss_cls: 0.0120  s2.acc: 98.8281  s2.loss_bbox: 0.0481  s2.loss_mask: 0.0487
2024/01/14 23:17:08 - mmengine - INFO - Epoch(train) [11][1150/1713]  lr: 2.0000e-03  eta: 1:03:21  time: 0.2428  data_time: 0.0070  memory: 2506  loss: 0.6261  loss_rpn_cls: 0.0078  loss_rpn_bbox: 0.0096  s0.loss_cls: 0.0620  s0.acc: 98.4375  s0.loss_bbox: 0.0622  s0.loss_mask: 0.1912  s1.loss_cls: 0.0211  s1.acc: 97.8516  s1.loss_bbox: 0.0641  s1.loss_mask: 0.1007  s2.loss_cls: 0.0105  s2.acc: 98.8281  s2.loss_bbox: 0.0475  s2.loss_mask: 0.0494
2024/01/14 23:17:20 - mmengine - INFO - Epoch(train) [11][1200/1713]  lr: 2.0000e-03  eta: 1:03:09  time: 0.2451  data_time: 0.0068  memory: 2502  loss: 0.6172  loss_rpn_cls: 0.0055  loss_rpn_bbox: 0.0104  s0.loss_cls: 0.0700  s0.acc: 97.8516  s0.loss_bbox: 0.0669  s0.loss_mask: 0.1818  s1.loss_cls: 0.0235  s1.acc: 99.0234  s1.loss_bbox: 0.0632  s1.loss_mask: 0.0934  s2.loss_cls: 0.0115  s2.acc: 99.2141  s2.loss_bbox: 0.0452  s2.loss_mask: 0.0459
2024/01/14 23:17:33 - mmengine - INFO - Epoch(train) [11][1250/1713]  lr: 2.0000e-03  eta: 1:02:58  time: 0.2543  data_time: 0.0073  memory: 2503  loss: 0.6148  loss_rpn_cls: 0.0040  loss_rpn_bbox: 0.0122  s0.loss_cls: 0.0657  s0.acc: 93.9453  s0.loss_bbox: 0.0646  s0.loss_mask: 0.1779  s1.loss_cls: 0.0207  s1.acc: 97.9381  s1.loss_bbox: 0.0678  s1.loss_mask: 0.0943  s2.loss_cls: 0.0110  s2.acc: 95.4545  s2.loss_bbox: 0.0503  s2.loss_mask: 0.0462
2024/01/14 23:17:45 - mmengine - INFO - Epoch(train) [11][1300/1713]  lr: 2.0000e-03  eta: 1:02:46  time: 0.2445  data_time: 0.0067  memory: 2507  loss: 0.6176  loss_rpn_cls: 0.0074  loss_rpn_bbox: 0.0100  s0.loss_cls: 0.0712  s0.acc: 96.2891  s0.loss_bbox: 0.0682  s0.loss_mask: 0.1795  s1.loss_cls: 0.0236  s1.acc: 97.2746  s1.loss_bbox: 0.0626  s1.loss_mask: 0.0928  s2.loss_cls: 0.0121  s2.acc: 98.9293  s2.loss_bbox: 0.0441  s2.loss_mask: 0.0462
2024/01/14 23:17:58 - mmengine - INFO - Epoch(train) [11][1350/1713]  lr: 2.0000e-03  eta: 1:02:35  time: 0.2522  data_time: 0.0072  memory: 2507  loss: 0.6161  loss_rpn_cls: 0.0054  loss_rpn_bbox: 0.0105  s0.loss_cls: 0.0682  s0.acc: 98.0469  s0.loss_bbox: 0.0620  s0.loss_mask: 0.1784  s1.loss_cls: 0.0229  s1.acc: 98.0469  s1.loss_bbox: 0.0653  s1.loss_mask: 0.0936  s2.loss_cls: 0.0130  s2.acc: 98.6139  s2.loss_bbox: 0.0505  s2.loss_mask: 0.0461
2024/01/14 23:18:10 - mmengine - INFO - Epoch(train) [11][1400/1713]  lr: 2.0000e-03  eta: 1:02:24  time: 0.2477  data_time: 0.0073  memory: 2506  loss: 0.6470  loss_rpn_cls: 0.0061  loss_rpn_bbox: 0.0116  s0.loss_cls: 0.0694  s0.acc: 96.4844  s0.loss_bbox: 0.0655  s0.loss_mask: 0.1861  s1.loss_cls: 0.0256  s1.acc: 98.1171  s1.loss_bbox: 0.0682  s1.loss_mask: 0.0973  s2.loss_cls: 0.0134  s2.acc: 97.8402  s2.loss_bbox: 0.0557  s2.loss_mask: 0.0481
2024/01/14 23:18:23 - mmengine - INFO - Epoch(train) [11][1450/1713]  lr: 2.0000e-03  eta: 1:02:12  time: 0.2449  data_time: 0.0071  memory: 2503  loss: 0.5935  loss_rpn_cls: 0.0064  loss_rpn_bbox: 0.0097  s0.loss_cls: 0.0589  s0.acc: 99.4141  s0.loss_bbox: 0.0577  s0.loss_mask: 0.1806  s1.loss_cls: 0.0236  s1.acc: 98.6328  s1.loss_bbox: 0.0573  s1.loss_mask: 0.0952  s2.loss_cls: 0.0123  s2.acc: 98.6328  s2.loss_bbox: 0.0449  s2.loss_mask: 0.0470
2024/01/14 23:18:35 - mmengine - INFO - Epoch(train) [11][1500/1713]  lr: 2.0000e-03  eta: 1:02:00  time: 0.2447  data_time: 0.0070  memory: 2507  loss: 0.5933  loss_rpn_cls: 0.0050  loss_rpn_bbox: 0.0101  s0.loss_cls: 0.0594  s0.acc: 96.4844  s0.loss_bbox: 0.0591  s0.loss_mask: 0.1846  s1.loss_cls: 0.0204  s1.acc: 99.0234  s1.loss_bbox: 0.0582  s1.loss_mask: 0.0954  s2.loss_cls: 0.0106  s2.acc: 99.0234  s2.loss_bbox: 0.0437  s2.loss_mask: 0.0468
2024/01/14 23:18:47 - mmengine - INFO - Epoch(train) [11][1550/1713]  lr: 2.0000e-03  eta: 1:01:49  time: 0.2418  data_time: 0.0071  memory: 2506  loss: 0.6402  loss_rpn_cls: 0.0064  loss_rpn_bbox: 0.0105  s0.loss_cls: 0.0706  s0.acc: 94.5312  s0.loss_bbox: 0.0677  s0.loss_mask: 0.1928  s1.loss_cls: 0.0244  s1.acc: 95.2183  s1.loss_bbox: 0.0628  s1.loss_mask: 0.0994  s2.loss_cls: 0.0120  s2.acc: 95.9402  s2.loss_bbox: 0.0452  s2.loss_mask: 0.0486
2024/01/14 23:18:59 - mmengine - INFO - Epoch(train) [11][1600/1713]  lr: 2.0000e-03  eta: 1:01:37  time: 0.2409  data_time: 0.0068  memory: 2504  loss: 0.5631  loss_rpn_cls: 0.0044  loss_rpn_bbox: 0.0099  s0.loss_cls: 0.0544  s0.acc: 98.2422  s0.loss_bbox: 0.0542  s0.loss_mask: 0.1801  s1.loss_cls: 0.0185  s1.acc: 98.8281  s1.loss_bbox: 0.0521  s1.loss_mask: 0.0929  s2.loss_cls: 0.0098  s2.acc: 99.6094  s2.loss_bbox: 0.0403  s2.loss_mask: 0.0466
2024/01/14 23:19:12 - mmengine - INFO - Epoch(train) [11][1650/1713]  lr: 2.0000e-03  eta: 1:01:26  time: 0.2540  data_time: 0.0076  memory: 2507  loss: 0.6735  loss_rpn_cls: 0.0056  loss_rpn_bbox: 0.0128  s0.loss_cls: 0.0748  s0.acc: 97.2656  s0.loss_bbox: 0.0762  s0.loss_mask: 0.1962  s1.loss_cls: 0.0277  s1.acc: 98.3471  s1.loss_bbox: 0.0709  s1.loss_mask: 0.1004  s2.loss_cls: 0.0138  s2.acc: 96.4509  s2.loss_bbox: 0.0473  s2.loss_mask: 0.0479
2024/01/14 23:19:25 - mmengine - INFO - Epoch(train) [11][1700/1713]  lr: 2.0000e-03  eta: 1:01:14  time: 0.2567  data_time: 0.0076  memory: 2507  loss: 0.6086  loss_rpn_cls: 0.0079  loss_rpn_bbox: 0.0111  s0.loss_cls: 0.0607  s0.acc: 96.6797  s0.loss_bbox: 0.0606  s0.loss_mask: 0.1885  s1.loss_cls: 0.0206  s1.acc: 97.8992  s1.loss_bbox: 0.0592  s1.loss_mask: 0.0964  s2.loss_cls: 0.0106  s2.acc: 98.4649  s2.loss_bbox: 0.0450  s2.loss_mask: 0.0480
2024/01/14 23:19:28 - mmengine - INFO - Exp name: instance_20240114_220316
2024/01/14 23:19:32 - mmengine - INFO - Epoch(val) [11][50/71]    eta: 0:00:01  time: 0.0868  data_time: 0.0100  memory: 2505  
2024/01/14 23:19:34 - mmengine - INFO - Evaluating bbox...
2024/01/14 23:19:34 - mmengine - INFO - bbox_mAP_copypaste: 0.670 0.931 0.780 0.616 0.736 -1.000
2024/01/14 23:19:34 - mmengine - INFO - Epoch(val) [11][71/71]    coco/bbox_mAP: 0.6700  coco/bbox_mAP_50: 0.9310  coco/bbox_mAP_75: 0.7800  coco/bbox_mAP_s: 0.6160  coco/bbox_mAP_m: 0.7360  coco/bbox_mAP_l: -1.0000  data_time: 0.0089  time: 0.0847
2024/01/14 23:19:34 - mmengine - INFO - The previous best checkpoint /home/hasnatpie/thesis01/results_default20/best_coco_bbox_mAP_epoch_10.pth is removed
2024/01/14 23:19:36 - mmengine - INFO - The best checkpoint with 0.6700 coco/bbox_mAP at 11 epoch is saved to best_coco_bbox_mAP_epoch_11.pth.
2024/01/14 23:19:48 - mmengine - INFO - Epoch(train) [12][  50/1713]  lr: 2.0000e-04  eta: 1:01:00  time: 0.2553  data_time: 0.0088  memory: 2504  loss: 0.5823  loss_rpn_cls: 0.0032  loss_rpn_bbox: 0.0088  s0.loss_cls: 0.0588  s0.acc: 97.4609  s0.loss_bbox: 0.0576  s0.loss_mask: 0.1803  s1.loss_cls: 0.0209  s1.acc: 97.6378  s1.loss_bbox: 0.0581  s1.loss_mask: 0.0942  s2.loss_cls: 0.0117  s2.acc: 97.8000  s2.loss_bbox: 0.0422  s2.loss_mask: 0.0463
2024/01/14 23:20:00 - mmengine - INFO - Epoch(train) [12][ 100/1713]  lr: 2.0000e-04  eta: 1:00:48  time: 0.2357  data_time: 0.0068  memory: 2506  loss: 0.5987  loss_rpn_cls: 0.0041  loss_rpn_bbox: 0.0104  s0.loss_cls: 0.0600  s0.acc: 95.5078  s0.loss_bbox: 0.0567  s0.loss_mask: 0.1884  s1.loss_cls: 0.0218  s1.acc: 97.5556  s1.loss_bbox: 0.0570  s1.loss_mask: 0.0982  s2.loss_cls: 0.0111  s2.acc: 97.9167  s2.loss_bbox: 0.0425  s2.loss_mask: 0.0487
2024/01/14 23:20:12 - mmengine - INFO - Epoch(train) [12][ 150/1713]  lr: 2.0000e-04  eta: 1:00:37  time: 0.2414  data_time: 0.0070  memory: 2505  loss: 0.6148  loss_rpn_cls: 0.0071  loss_rpn_bbox: 0.0115  s0.loss_cls: 0.0684  s0.acc: 94.5312  s0.loss_bbox: 0.0643  s0.loss_mask: 0.1805  s1.loss_cls: 0.0221  s1.acc: 98.4444  s1.loss_bbox: 0.0612  s1.loss_mask: 0.0949  s2.loss_cls: 0.0108  s2.acc: 97.1897  s2.loss_bbox: 0.0472  s2.loss_mask: 0.0469
2024/01/14 23:20:14 - mmengine - INFO - Exp name: instance_20240114_220316
2024/01/14 23:20:24 - mmengine - INFO - Epoch(train) [12][ 200/1713]  lr: 2.0000e-04  eta: 1:00:24  time: 0.2322  data_time: 0.0071  memory: 2505  loss: 0.5552  loss_rpn_cls: 0.0064  loss_rpn_bbox: 0.0100  s0.loss_cls: 0.0570  s0.acc: 97.4609  s0.loss_bbox: 0.0523  s0.loss_mask: 0.1718  s1.loss_cls: 0.0203  s1.acc: 98.0306  s1.loss_bbox: 0.0527  s1.loss_mask: 0.0906  s2.loss_cls: 0.0103  s2.acc: 98.4270  s2.loss_bbox: 0.0389  s2.loss_mask: 0.0448
2024/01/14 23:20:36 - mmengine - INFO - Epoch(train) [12][ 250/1713]  lr: 2.0000e-04  eta: 1:00:12  time: 0.2391  data_time: 0.0071  memory: 2506  loss: 0.6253  loss_rpn_cls: 0.0061  loss_rpn_bbox: 0.0113  s0.loss_cls: 0.0646  s0.acc: 97.2656  s0.loss_bbox: 0.0640  s0.loss_mask: 0.1879  s1.loss_cls: 0.0262  s1.acc: 98.7474  s1.loss_bbox: 0.0601  s1.loss_mask: 0.0978  s2.loss_cls: 0.0137  s2.acc: 99.1342  s2.loss_bbox: 0.0456  s2.loss_mask: 0.0482
2024/01/14 23:20:47 - mmengine - INFO - Epoch(train) [12][ 300/1713]  lr: 2.0000e-04  eta: 1:00:00  time: 0.2322  data_time: 0.0066  memory: 2506  loss: 0.5687  loss_rpn_cls: 0.0049  loss_rpn_bbox: 0.0096  s0.loss_cls: 0.0619  s0.acc: 97.4609  s0.loss_bbox: 0.0547  s0.loss_mask: 0.1801  s1.loss_cls: 0.0196  s1.acc: 97.3523  s1.loss_bbox: 0.0491  s1.loss_mask: 0.0934  s2.loss_cls: 0.0096  s2.acc: 97.0276  s2.loss_bbox: 0.0392  s2.loss_mask: 0.0467
2024/01/14 23:21:00 - mmengine - INFO - Epoch(train) [12][ 350/1713]  lr: 2.0000e-04  eta: 0:59:49  time: 0.2412  data_time: 0.0069  memory: 2506  loss: 0.5889  loss_rpn_cls: 0.0051  loss_rpn_bbox: 0.0096  s0.loss_cls: 0.0667  s0.acc: 98.6328  s0.loss_bbox: 0.0604  s0.loss_mask: 0.1708  s1.loss_cls: 0.0245  s1.acc: 98.6328  s1.loss_bbox: 0.0614  s1.loss_mask: 0.0910  s2.loss_cls: 0.0113  s2.acc: 99.4141  s2.loss_bbox: 0.0431  s2.loss_mask: 0.0451
2024/01/14 23:21:11 - mmengine - INFO - Epoch(train) [12][ 400/1713]  lr: 2.0000e-04  eta: 0:59:36  time: 0.2340  data_time: 0.0070  memory: 2507  loss: 0.6174  loss_rpn_cls: 0.0051  loss_rpn_bbox: 0.0110  s0.loss_cls: 0.0628  s0.acc: 98.6328  s0.loss_bbox: 0.0649  s0.loss_mask: 0.1918  s1.loss_cls: 0.0229  s1.acc: 99.0234  s1.loss_bbox: 0.0594  s1.loss_mask: 0.0977  s2.loss_cls: 0.0111  s2.acc: 99.2188  s2.loss_bbox: 0.0430  s2.loss_mask: 0.0476
2024/01/14 23:21:23 - mmengine - INFO - Epoch(train) [12][ 450/1713]  lr: 2.0000e-04  eta: 0:59:25  time: 0.2398  data_time: 0.0073  memory: 2507  loss: 0.6602  loss_rpn_cls: 0.0072  loss_rpn_bbox: 0.0130  s0.loss_cls: 0.0734  s0.acc: 95.1172  s0.loss_bbox: 0.0701  s0.loss_mask: 0.1943  s1.loss_cls: 0.0283  s1.acc: 96.1847  s1.loss_bbox: 0.0652  s1.loss_mask: 0.0997  s2.loss_cls: 0.0141  s2.acc: 95.9184  s2.loss_bbox: 0.0468  s2.loss_mask: 0.0482
2024/01/14 23:21:36 - mmengine - INFO - Epoch(train) [12][ 500/1713]  lr: 2.0000e-04  eta: 0:59:13  time: 0.2485  data_time: 0.0077  memory: 2506  loss: 0.6778  loss_rpn_cls: 0.0058  loss_rpn_bbox: 0.0119  s0.loss_cls: 0.0769  s0.acc: 96.8750  s0.loss_bbox: 0.0695  s0.loss_mask: 0.1953  s1.loss_cls: 0.0274  s1.acc: 97.4104  s1.loss_bbox: 0.0723  s1.loss_mask: 0.1009  s2.loss_cls: 0.0141  s2.acc: 96.5932  s2.loss_bbox: 0.0537  s2.loss_mask: 0.0499
2024/01/14 23:21:48 - mmengine - INFO - Epoch(train) [12][ 550/1713]  lr: 2.0000e-04  eta: 0:59:01  time: 0.2406  data_time: 0.0071  memory: 2507  loss: 0.5439  loss_rpn_cls: 0.0049  loss_rpn_bbox: 0.0091  s0.loss_cls: 0.0574  s0.acc: 98.2422  s0.loss_bbox: 0.0529  s0.loss_mask: 0.1657  s1.loss_cls: 0.0181  s1.acc: 98.8281  s1.loss_bbox: 0.0533  s1.loss_mask: 0.0880  s2.loss_cls: 0.0090  s2.acc: 99.4141  s2.loss_bbox: 0.0410  s2.loss_mask: 0.0444
2024/01/14 23:21:59 - mmengine - INFO - Epoch(train) [12][ 600/1713]  lr: 2.0000e-04  eta: 0:58:49  time: 0.2292  data_time: 0.0066  memory: 2503  loss: 0.5758  loss_rpn_cls: 0.0053  loss_rpn_bbox: 0.0086  s0.loss_cls: 0.0639  s0.acc: 98.0469  s0.loss_bbox: 0.0538  s0.loss_mask: 0.1801  s1.loss_cls: 0.0217  s1.acc: 98.2422  s1.loss_bbox: 0.0534  s1.loss_mask: 0.0924  s2.loss_cls: 0.0116  s2.acc: 99.6094  s2.loss_bbox: 0.0402  s2.loss_mask: 0.0447
2024/01/14 23:22:11 - mmengine - INFO - Epoch(train) [12][ 650/1713]  lr: 2.0000e-04  eta: 0:58:37  time: 0.2409  data_time: 0.0071  memory: 2504  loss: 0.6114  loss_rpn_cls: 0.0060  loss_rpn_bbox: 0.0098  s0.loss_cls: 0.0622  s0.acc: 98.6328  s0.loss_bbox: 0.0609  s0.loss_mask: 0.1872  s1.loss_cls: 0.0220  s1.acc: 99.2172  s1.loss_bbox: 0.0588  s1.loss_mask: 0.0977  s2.loss_cls: 0.0108  s2.acc: 98.5972  s2.loss_bbox: 0.0477  s2.loss_mask: 0.0483
2024/01/14 23:22:23 - mmengine - INFO - Epoch(train) [12][ 700/1713]  lr: 2.0000e-04  eta: 0:58:25  time: 0.2418  data_time: 0.0079  memory: 2507  loss: 0.6326  loss_rpn_cls: 0.0057  loss_rpn_bbox: 0.0113  s0.loss_cls: 0.0642  s0.acc: 99.0234  s0.loss_bbox: 0.0645  s0.loss_mask: 0.1908  s1.loss_cls: 0.0230  s1.acc: 98.4375  s1.loss_bbox: 0.0644  s1.loss_mask: 0.0998  s2.loss_cls: 0.0122  s2.acc: 99.2188  s2.loss_bbox: 0.0470  s2.loss_mask: 0.0498
2024/01/14 23:22:36 - mmengine - INFO - Epoch(train) [12][ 750/1713]  lr: 2.0000e-04  eta: 0:58:14  time: 0.2501  data_time: 0.0078  memory: 2505  loss: 0.6434  loss_rpn_cls: 0.0065  loss_rpn_bbox: 0.0121  s0.loss_cls: 0.0661  s0.acc: 96.8750  s0.loss_bbox: 0.0703  s0.loss_mask: 0.1907  s1.loss_cls: 0.0225  s1.acc: 99.3915  s1.loss_bbox: 0.0663  s1.loss_mask: 0.0987  s2.loss_cls: 0.0114  s2.acc: 99.7881  s2.loss_bbox: 0.0490  s2.loss_mask: 0.0497
2024/01/14 23:22:48 - mmengine - INFO - Epoch(train) [12][ 800/1713]  lr: 2.0000e-04  eta: 0:58:02  time: 0.2481  data_time: 0.0077  memory: 2507  loss: 0.5525  loss_rpn_cls: 0.0032  loss_rpn_bbox: 0.0089  s0.loss_cls: 0.0619  s0.acc: 97.4609  s0.loss_bbox: 0.0499  s0.loss_mask: 0.1650  s1.loss_cls: 0.0227  s1.acc: 98.5656  s1.loss_bbox: 0.0528  s1.loss_mask: 0.0892  s2.loss_cls: 0.0114  s2.acc: 98.7152  s2.loss_bbox: 0.0426  s2.loss_mask: 0.0449
2024/01/14 23:23:00 - mmengine - INFO - Epoch(train) [12][ 850/1713]  lr: 2.0000e-04  eta: 0:57:51  time: 0.2426  data_time: 0.0074  memory: 2507  loss: 0.6216  loss_rpn_cls: 0.0076  loss_rpn_bbox: 0.0104  s0.loss_cls: 0.0643  s0.acc: 98.0469  s0.loss_bbox: 0.0642  s0.loss_mask: 0.1866  s1.loss_cls: 0.0234  s1.acc: 99.8047  s1.loss_bbox: 0.0626  s1.loss_mask: 0.0966  s2.loss_cls: 0.0124  s2.acc: 100.0000  s2.loss_bbox: 0.0458  s2.loss_mask: 0.0478
2024/01/14 23:23:12 - mmengine - INFO - Epoch(train) [12][ 900/1713]  lr: 2.0000e-04  eta: 0:57:39  time: 0.2393  data_time: 0.0075  memory: 2504  loss: 0.6342  loss_rpn_cls: 0.0098  loss_rpn_bbox: 0.0132  s0.loss_cls: 0.0701  s0.acc: 96.6797  s0.loss_bbox: 0.0650  s0.loss_mask: 0.1918  s1.loss_cls: 0.0252  s1.acc: 97.1487  s1.loss_bbox: 0.0569  s1.loss_mask: 0.0980  s2.loss_cls: 0.0122  s2.acc: 97.8678  s2.loss_bbox: 0.0436  s2.loss_mask: 0.0485
2024/01/14 23:23:25 - mmengine - INFO - Epoch(train) [12][ 950/1713]  lr: 2.0000e-04  eta: 0:57:27  time: 0.2504  data_time: 0.0090  memory: 2503  loss: 0.6662  loss_rpn_cls: 0.0073  loss_rpn_bbox: 0.0134  s0.loss_cls: 0.0739  s0.acc: 97.6562  s0.loss_bbox: 0.0713  s0.loss_mask: 0.1926  s1.loss_cls: 0.0254  s1.acc: 97.4609  s1.loss_bbox: 0.0687  s1.loss_mask: 0.1003  s2.loss_cls: 0.0132  s2.acc: 99.6094  s2.loss_bbox: 0.0506  s2.loss_mask: 0.0496
2024/01/14 23:23:37 - mmengine - INFO - Epoch(train) [12][1000/1713]  lr: 2.0000e-04  eta: 0:57:16  time: 0.2455  data_time: 0.0076  memory: 2507  loss: 0.5848  loss_rpn_cls: 0.0051  loss_rpn_bbox: 0.0096  s0.loss_cls: 0.0591  s0.acc: 98.0469  s0.loss_bbox: 0.0558  s0.loss_mask: 0.1803  s1.loss_cls: 0.0210  s1.acc: 98.8281  s1.loss_bbox: 0.0581  s1.loss_mask: 0.0938  s2.loss_cls: 0.0100  s2.acc: 98.8281  s2.loss_bbox: 0.0453  s2.loss_mask: 0.0466
2024/01/14 23:23:49 - mmengine - INFO - Epoch(train) [12][1050/1713]  lr: 2.0000e-04  eta: 0:57:04  time: 0.2369  data_time: 0.0070  memory: 2507  loss: 0.5691  loss_rpn_cls: 0.0046  loss_rpn_bbox: 0.0092  s0.loss_cls: 0.0665  s0.acc: 94.9219  s0.loss_bbox: 0.0547  s0.loss_mask: 0.1763  s1.loss_cls: 0.0218  s1.acc: 99.3378  s1.loss_bbox: 0.0509  s1.loss_mask: 0.0909  s2.loss_cls: 0.0100  s2.acc: 99.0868  s2.loss_bbox: 0.0393  s2.loss_mask: 0.0449
2024/01/14 23:24:01 - mmengine - INFO - Epoch(train) [12][1100/1713]  lr: 2.0000e-04  eta: 0:56:52  time: 0.2339  data_time: 0.0066  memory: 2507  loss: 0.5712  loss_rpn_cls: 0.0051  loss_rpn_bbox: 0.0095  s0.loss_cls: 0.0590  s0.acc: 98.0469  s0.loss_bbox: 0.0573  s0.loss_mask: 0.1814  s1.loss_cls: 0.0199  s1.acc: 99.7908  s1.loss_bbox: 0.0519  s1.loss_mask: 0.0942  s2.loss_cls: 0.0105  s2.acc: 99.1247  s2.loss_bbox: 0.0362  s2.loss_mask: 0.0462
2024/01/14 23:24:13 - mmengine - INFO - Epoch(train) [12][1150/1713]  lr: 2.0000e-04  eta: 0:56:40  time: 0.2393  data_time: 0.0069  memory: 2506  loss: 0.6220  loss_rpn_cls: 0.0037  loss_rpn_bbox: 0.0095  s0.loss_cls: 0.0643  s0.acc: 98.2422  s0.loss_bbox: 0.0679  s0.loss_mask: 0.1884  s1.loss_cls: 0.0223  s1.acc: 99.1701  s1.loss_bbox: 0.0651  s1.loss_mask: 0.0961  s2.loss_cls: 0.0112  s2.acc: 99.7868  s2.loss_bbox: 0.0466  s2.loss_mask: 0.0470
2024/01/14 23:24:14 - mmengine - INFO - Exp name: instance_20240114_220316
2024/01/14 23:24:25 - mmengine - INFO - Epoch(train) [12][1200/1713]  lr: 2.0000e-04  eta: 0:56:28  time: 0.2380  data_time: 0.0070  memory: 2506  loss: 0.6021  loss_rpn_cls: 0.0048  loss_rpn_bbox: 0.0100  s0.loss_cls: 0.0638  s0.acc: 97.0703  s0.loss_bbox: 0.0588  s0.loss_mask: 0.1845  s1.loss_cls: 0.0225  s1.acc: 96.2891  s1.loss_bbox: 0.0597  s1.loss_mask: 0.0947  s2.loss_cls: 0.0112  s2.acc: 96.4844  s2.loss_bbox: 0.0448  s2.loss_mask: 0.0473
2024/01/14 23:24:36 - mmengine - INFO - Epoch(train) [12][1250/1713]  lr: 2.0000e-04  eta: 0:56:16  time: 0.2327  data_time: 0.0067  memory: 2505  loss: 0.5965  loss_rpn_cls: 0.0050  loss_rpn_bbox: 0.0100  s0.loss_cls: 0.0617  s0.acc: 98.6328  s0.loss_bbox: 0.0549  s0.loss_mask: 0.1904  s1.loss_cls: 0.0233  s1.acc: 99.4141  s1.loss_bbox: 0.0515  s1.loss_mask: 0.0981  s2.loss_cls: 0.0131  s2.acc: 99.8047  s2.loss_bbox: 0.0397  s2.loss_mask: 0.0487
2024/01/14 23:24:48 - mmengine - INFO - Epoch(train) [12][1300/1713]  lr: 2.0000e-04  eta: 0:56:04  time: 0.2385  data_time: 0.0071  memory: 2507  loss: 0.6266  loss_rpn_cls: 0.0064  loss_rpn_bbox: 0.0118  s0.loss_cls: 0.0662  s0.acc: 97.2656  s0.loss_bbox: 0.0652  s0.loss_mask: 0.1903  s1.loss_cls: 0.0219  s1.acc: 98.4914  s1.loss_bbox: 0.0582  s1.loss_mask: 0.1003  s2.loss_cls: 0.0111  s2.acc: 98.6607  s2.loss_bbox: 0.0450  s2.loss_mask: 0.0501
2024/01/14 23:25:00 - mmengine - INFO - Epoch(train) [12][1350/1713]  lr: 2.0000e-04  eta: 0:55:52  time: 0.2406  data_time: 0.0073  memory: 2504  loss: 0.6445  loss_rpn_cls: 0.0067  loss_rpn_bbox: 0.0103  s0.loss_cls: 0.0738  s0.acc: 96.0938  s0.loss_bbox: 0.0642  s0.loss_mask: 0.1885  s1.loss_cls: 0.0293  s1.acc: 98.0469  s1.loss_bbox: 0.0636  s1.loss_mask: 0.0978  s2.loss_cls: 0.0155  s2.acc: 97.6562  s2.loss_bbox: 0.0458  s2.loss_mask: 0.0490
2024/01/14 23:25:13 - mmengine - INFO - Epoch(train) [12][1400/1713]  lr: 2.0000e-04  eta: 0:55:40  time: 0.2512  data_time: 0.0083  memory: 2506  loss: 0.6432  loss_rpn_cls: 0.0047  loss_rpn_bbox: 0.0117  s0.loss_cls: 0.0650  s0.acc: 99.4141  s0.loss_bbox: 0.0681  s0.loss_mask: 0.1924  s1.loss_cls: 0.0225  s1.acc: 99.2110  s1.loss_bbox: 0.0685  s1.loss_mask: 0.1002  s2.loss_cls: 0.0112  s2.acc: 99.3789  s2.loss_bbox: 0.0504  s2.loss_mask: 0.0484
2024/01/14 23:25:25 - mmengine - INFO - Epoch(train) [12][1450/1713]  lr: 2.0000e-04  eta: 0:55:29  time: 0.2513  data_time: 0.0076  memory: 2506  loss: 0.6765  loss_rpn_cls: 0.0067  loss_rpn_bbox: 0.0114  s0.loss_cls: 0.0739  s0.acc: 95.1172  s0.loss_bbox: 0.0723  s0.loss_mask: 0.1978  s1.loss_cls: 0.0265  s1.acc: 96.2264  s1.loss_bbox: 0.0696  s1.loss_mask: 0.1030  s2.loss_cls: 0.0137  s2.acc: 96.5957  s2.loss_bbox: 0.0516  s2.loss_mask: 0.0499
2024/01/14 23:25:37 - mmengine - INFO - Epoch(train) [12][1500/1713]  lr: 2.0000e-04  eta: 0:55:17  time: 0.2366  data_time: 0.0071  memory: 2503  loss: 0.5356  loss_rpn_cls: 0.0055  loss_rpn_bbox: 0.0090  s0.loss_cls: 0.0549  s0.acc: 94.9219  s0.loss_bbox: 0.0482  s0.loss_mask: 0.1690  s1.loss_cls: 0.0190  s1.acc: 96.3983  s1.loss_bbox: 0.0497  s1.loss_mask: 0.0898  s2.loss_cls: 0.0090  s2.acc: 95.2891  s2.loss_bbox: 0.0373  s2.loss_mask: 0.0443
2024/01/14 23:25:50 - mmengine - INFO - Epoch(train) [12][1550/1713]  lr: 2.0000e-04  eta: 0:55:06  time: 0.2532  data_time: 0.0070  memory: 2506  loss: 0.5734  loss_rpn_cls: 0.0051  loss_rpn_bbox: 0.0092  s0.loss_cls: 0.0600  s0.acc: 97.6562  s0.loss_bbox: 0.0589  s0.loss_mask: 0.1769  s1.loss_cls: 0.0196  s1.acc: 98.3158  s1.loss_bbox: 0.0552  s1.loss_mask: 0.0922  s2.loss_cls: 0.0100  s2.acc: 99.7812  s2.loss_bbox: 0.0400  s2.loss_mask: 0.0463
2024/01/14 23:26:02 - mmengine - INFO - Epoch(train) [12][1600/1713]  lr: 2.0000e-04  eta: 0:54:54  time: 0.2491  data_time: 0.0072  memory: 2503  loss: 0.5514  loss_rpn_cls: 0.0043  loss_rpn_bbox: 0.0103  s0.loss_cls: 0.0572  s0.acc: 96.4844  s0.loss_bbox: 0.0545  s0.loss_mask: 0.1677  s1.loss_cls: 0.0184  s1.acc: 97.6842  s1.loss_bbox: 0.0538  s1.loss_mask: 0.0894  s2.loss_cls: 0.0087  s2.acc: 95.7806  s2.loss_bbox: 0.0423  s2.loss_mask: 0.0450
2024/01/14 23:26:15 - mmengine - INFO - Epoch(train) [12][1650/1713]  lr: 2.0000e-04  eta: 0:54:42  time: 0.2462  data_time: 0.0068  memory: 2506  loss: 0.6382  loss_rpn_cls: 0.0071  loss_rpn_bbox: 0.0107  s0.loss_cls: 0.0695  s0.acc: 97.6562  s0.loss_bbox: 0.0687  s0.loss_mask: 0.1939  s1.loss_cls: 0.0226  s1.acc: 98.5232  s1.loss_bbox: 0.0609  s1.loss_mask: 0.1014  s2.loss_cls: 0.0115  s2.acc: 99.3548  s2.loss_bbox: 0.0428  s2.loss_mask: 0.0493
2024/01/14 23:26:27 - mmengine - INFO - Epoch(train) [12][1700/1713]  lr: 2.0000e-04  eta: 0:54:31  time: 0.2450  data_time: 0.0074  memory: 2504  loss: 0.6613  loss_rpn_cls: 0.0083  loss_rpn_bbox: 0.0115  s0.loss_cls: 0.0667  s0.acc: 98.0469  s0.loss_bbox: 0.0661  s0.loss_mask: 0.1988  s1.loss_cls: 0.0230  s1.acc: 99.2064  s1.loss_bbox: 0.0685  s1.loss_mask: 0.1028  s2.loss_cls: 0.0115  s2.acc: 98.9796  s2.loss_bbox: 0.0537  s2.loss_mask: 0.0505
2024/01/14 23:26:30 - mmengine - INFO - Exp name: instance_20240114_220316
2024/01/14 23:26:34 - mmengine - INFO - Epoch(val) [12][50/71]    eta: 0:00:01  time: 0.0824  data_time: 0.0076  memory: 2506  
2024/01/14 23:26:36 - mmengine - INFO - Evaluating bbox...
2024/01/14 23:26:36 - mmengine - INFO - bbox_mAP_copypaste: 0.670 0.938 0.782 0.618 0.736 -1.000
2024/01/14 23:26:36 - mmengine - INFO - Epoch(val) [12][71/71]    coco/bbox_mAP: 0.6700  coco/bbox_mAP_50: 0.9380  coco/bbox_mAP_75: 0.7820  coco/bbox_mAP_s: 0.6180  coco/bbox_mAP_m: 0.7360  coco/bbox_mAP_l: -1.0000  data_time: 0.0071  time: 0.0806
2024/01/14 23:26:48 - mmengine - INFO - Epoch(train) [13][  50/1713]  lr: 2.0000e-04  eta: 0:54:16  time: 0.2452  data_time: 0.0086  memory: 2504  loss: 0.6591  loss_rpn_cls: 0.0056  loss_rpn_bbox: 0.0124  s0.loss_cls: 0.0665  s0.acc: 95.3125  s0.loss_bbox: 0.0708  s0.loss_mask: 0.2001  s1.loss_cls: 0.0228  s1.acc: 98.6328  s1.loss_bbox: 0.0684  s1.loss_mask: 0.1014  s2.loss_cls: 0.0122  s2.acc: 97.4609  s2.loss_bbox: 0.0492  s2.loss_mask: 0.0496
2024/01/14 23:27:00 - mmengine - INFO - Epoch(train) [13][ 100/1713]  lr: 2.0000e-04  eta: 0:54:04  time: 0.2394  data_time: 0.0075  memory: 2505  loss: 0.5957  loss_rpn_cls: 0.0057  loss_rpn_bbox: 0.0117  s0.loss_cls: 0.0602  s0.acc: 98.8281  s0.loss_bbox: 0.0555  s0.loss_mask: 0.1877  s1.loss_cls: 0.0205  s1.acc: 98.0469  s1.loss_bbox: 0.0552  s1.loss_mask: 0.0972  s2.loss_cls: 0.0105  s2.acc: 97.6562  s2.loss_bbox: 0.0436  s2.loss_mask: 0.0481
2024/01/14 23:27:13 - mmengine - INFO - Epoch(train) [13][ 150/1713]  lr: 2.0000e-04  eta: 0:53:53  time: 0.2469  data_time: 0.0079  memory: 2507  loss: 0.5639  loss_rpn_cls: 0.0066  loss_rpn_bbox: 0.0097  s0.loss_cls: 0.0600  s0.acc: 98.2422  s0.loss_bbox: 0.0568  s0.loss_mask: 0.1714  s1.loss_cls: 0.0209  s1.acc: 97.0526  s1.loss_bbox: 0.0543  s1.loss_mask: 0.0888  s2.loss_cls: 0.0093  s2.acc: 98.9083  s2.loss_bbox: 0.0413  s2.loss_mask: 0.0447
2024/01/14 23:27:25 - mmengine - INFO - Epoch(train) [13][ 200/1713]  lr: 2.0000e-04  eta: 0:53:41  time: 0.2436  data_time: 0.0080  memory: 2504  loss: 0.5866  loss_rpn_cls: 0.0043  loss_rpn_bbox: 0.0100  s0.loss_cls: 0.0631  s0.acc: 99.0234  s0.loss_bbox: 0.0564  s0.loss_mask: 0.1828  s1.loss_cls: 0.0228  s1.acc: 98.6328  s1.loss_bbox: 0.0530  s1.loss_mask: 0.0935  s2.loss_cls: 0.0119  s2.acc: 98.4375  s2.loss_bbox: 0.0421  s2.loss_mask: 0.0466
2024/01/14 23:27:37 - mmengine - INFO - Epoch(train) [13][ 250/1713]  lr: 2.0000e-04  eta: 0:53:29  time: 0.2418  data_time: 0.0074  memory: 2507  loss: 0.6137  loss_rpn_cls: 0.0055  loss_rpn_bbox: 0.0097  s0.loss_cls: 0.0652  s0.acc: 96.6797  s0.loss_bbox: 0.0623  s0.loss_mask: 0.1858  s1.loss_cls: 0.0228  s1.acc: 98.2222  s1.loss_bbox: 0.0620  s1.loss_mask: 0.0982  s2.loss_cls: 0.0124  s2.acc: 99.2941  s2.loss_bbox: 0.0416  s2.loss_mask: 0.0481
2024/01/14 23:27:49 - mmengine - INFO - Epoch(train) [13][ 300/1713]  lr: 2.0000e-04  eta: 0:53:17  time: 0.2387  data_time: 0.0075  memory: 2507  loss: 0.5707  loss_rpn_cls: 0.0062  loss_rpn_bbox: 0.0097  s0.loss_cls: 0.0549  s0.acc: 97.0703  s0.loss_bbox: 0.0543  s0.loss_mask: 0.1831  s1.loss_cls: 0.0205  s1.acc: 98.5656  s1.loss_bbox: 0.0508  s1.loss_mask: 0.0965  s2.loss_cls: 0.0098  s2.acc: 97.8723  s2.loss_bbox: 0.0376  s2.loss_mask: 0.0472
2024/01/14 23:28:01 - mmengine - INFO - Epoch(train) [13][ 350/1713]  lr: 2.0000e-04  eta: 0:53:06  time: 0.2517  data_time: 0.0075  memory: 2506  loss: 0.6142  loss_rpn_cls: 0.0090  loss_rpn_bbox: 0.0119  s0.loss_cls: 0.0761  s0.acc: 99.2188  s0.loss_bbox: 0.0650  s0.loss_mask: 0.1720  s1.loss_cls: 0.0278  s1.acc: 99.2188  s1.loss_bbox: 0.0608  s1.loss_mask: 0.0903  s2.loss_cls: 0.0137  s2.acc: 99.2032  s2.loss_bbox: 0.0435  s2.loss_mask: 0.0441
2024/01/14 23:28:14 - mmengine - INFO - Epoch(train) [13][ 400/1713]  lr: 2.0000e-04  eta: 0:52:54  time: 0.2462  data_time: 0.0075  memory: 2505  loss: 0.6552  loss_rpn_cls: 0.0084  loss_rpn_bbox: 0.0128  s0.loss_cls: 0.0670  s0.acc: 98.4375  s0.loss_bbox: 0.0723  s0.loss_mask: 0.1960  s1.loss_cls: 0.0227  s1.acc: 99.0234  s1.loss_bbox: 0.0653  s1.loss_mask: 0.1011  s2.loss_cls: 0.0117  s2.acc: 99.6008  s2.loss_bbox: 0.0486  s2.loss_mask: 0.0494
2024/01/14 23:28:24 - mmengine - INFO - Exp name: instance_20240114_220316
2024/01/14 23:28:26 - mmengine - INFO - Epoch(train) [13][ 450/1713]  lr: 2.0000e-04  eta: 0:52:42  time: 0.2402  data_time: 0.0072  memory: 2507  loss: 0.6036  loss_rpn_cls: 0.0042  loss_rpn_bbox: 0.0099  s0.loss_cls: 0.0592  s0.acc: 97.2656  s0.loss_bbox: 0.0580  s0.loss_mask: 0.1912  s1.loss_cls: 0.0193  s1.acc: 97.9339  s1.loss_bbox: 0.0566  s1.loss_mask: 0.0992  s2.loss_cls: 0.0109  s2.acc: 98.2721  s2.loss_bbox: 0.0457  s2.loss_mask: 0.0494
2024/01/14 23:28:38 - mmengine - INFO - Epoch(train) [13][ 500/1713]  lr: 2.0000e-04  eta: 0:52:30  time: 0.2521  data_time: 0.0079  memory: 2503  loss: 0.6517  loss_rpn_cls: 0.0078  loss_rpn_bbox: 0.0114  s0.loss_cls: 0.0741  s0.acc: 96.4844  s0.loss_bbox: 0.0709  s0.loss_mask: 0.1851  s1.loss_cls: 0.0261  s1.acc: 96.2891  s1.loss_bbox: 0.0681  s1.loss_mask: 0.0949  s2.loss_cls: 0.0136  s2.acc: 96.4844  s2.loss_bbox: 0.0525  s2.loss_mask: 0.0471
2024/01/14 23:28:50 - mmengine - INFO - Epoch(train) [13][ 550/1713]  lr: 2.0000e-04  eta: 0:52:19  time: 0.2401  data_time: 0.0076  memory: 2506  loss: 0.5886  loss_rpn_cls: 0.0063  loss_rpn_bbox: 0.0104  s0.loss_cls: 0.0587  s0.acc: 98.2422  s0.loss_bbox: 0.0592  s0.loss_mask: 0.1839  s1.loss_cls: 0.0204  s1.acc: 99.0234  s1.loss_bbox: 0.0555  s1.loss_mask: 0.0943  s2.loss_cls: 0.0106  s2.acc: 99.2188  s2.loss_bbox: 0.0432  s2.loss_mask: 0.0463
2024/01/14 23:29:02 - mmengine - INFO - Epoch(train) [13][ 600/1713]  lr: 2.0000e-04  eta: 0:52:07  time: 0.2410  data_time: 0.0071  memory: 2506  loss: 0.5668  loss_rpn_cls: 0.0045  loss_rpn_bbox: 0.0094  s0.loss_cls: 0.0596  s0.acc: 99.4141  s0.loss_bbox: 0.0554  s0.loss_mask: 0.1734  s1.loss_cls: 0.0184  s1.acc: 99.8047  s1.loss_bbox: 0.0562  s1.loss_mask: 0.0911  s2.loss_cls: 0.0094  s2.acc: 99.4141  s2.loss_bbox: 0.0437  s2.loss_mask: 0.0457
2024/01/14 23:29:15 - mmengine - INFO - Epoch(train) [13][ 650/1713]  lr: 2.0000e-04  eta: 0:51:55  time: 0.2537  data_time: 0.0075  memory: 2507  loss: 0.5966  loss_rpn_cls: 0.0055  loss_rpn_bbox: 0.0086  s0.loss_cls: 0.0641  s0.acc: 96.4844  s0.loss_bbox: 0.0639  s0.loss_mask: 0.1774  s1.loss_cls: 0.0215  s1.acc: 97.4576  s1.loss_bbox: 0.0622  s1.loss_mask: 0.0940  s2.loss_cls: 0.0107  s2.acc: 98.1900  s2.loss_bbox: 0.0428  s2.loss_mask: 0.0457
2024/01/14 23:29:27 - mmengine - INFO - Epoch(train) [13][ 700/1713]  lr: 2.0000e-04  eta: 0:51:43  time: 0.2435  data_time: 0.0075  memory: 2503  loss: 0.6162  loss_rpn_cls: 0.0050  loss_rpn_bbox: 0.0115  s0.loss_cls: 0.0652  s0.acc: 94.1406  s0.loss_bbox: 0.0646  s0.loss_mask: 0.1809  s1.loss_cls: 0.0223  s1.acc: 96.2105  s1.loss_bbox: 0.0650  s1.loss_mask: 0.0962  s2.loss_cls: 0.0119  s2.acc: 95.9575  s2.loss_bbox: 0.0466  s2.loss_mask: 0.0471
2024/01/14 23:29:39 - mmengine - INFO - Epoch(train) [13][ 750/1713]  lr: 2.0000e-04  eta: 0:51:32  time: 0.2397  data_time: 0.0072  memory: 2506  loss: 0.5837  loss_rpn_cls: 0.0052  loss_rpn_bbox: 0.0097  s0.loss_cls: 0.0612  s0.acc: 97.8516  s0.loss_bbox: 0.0546  s0.loss_mask: 0.1824  s1.loss_cls: 0.0206  s1.acc: 99.4141  s1.loss_bbox: 0.0538  s1.loss_mask: 0.0957  s2.loss_cls: 0.0099  s2.acc: 99.0234  s2.loss_bbox: 0.0425  s2.loss_mask: 0.0482
2024/01/14 23:29:51 - mmengine - INFO - Epoch(train) [13][ 800/1713]  lr: 2.0000e-04  eta: 0:51:20  time: 0.2427  data_time: 0.0077  memory: 2506  loss: 0.5756  loss_rpn_cls: 0.0048  loss_rpn_bbox: 0.0101  s0.loss_cls: 0.0616  s0.acc: 96.6797  s0.loss_bbox: 0.0555  s0.loss_mask: 0.1799  s1.loss_cls: 0.0216  s1.acc: 97.6562  s1.loss_bbox: 0.0529  s1.loss_mask: 0.0936  s2.loss_cls: 0.0105  s2.acc: 99.2188  s2.loss_bbox: 0.0391  s2.loss_mask: 0.0461
2024/01/14 23:30:04 - mmengine - INFO - Epoch(train) [13][ 850/1713]  lr: 2.0000e-04  eta: 0:51:08  time: 0.2490  data_time: 0.0074  memory: 2505  loss: 0.5728  loss_rpn_cls: 0.0048  loss_rpn_bbox: 0.0105  s0.loss_cls: 0.0645  s0.acc: 96.6797  s0.loss_bbox: 0.0567  s0.loss_mask: 0.1714  s1.loss_cls: 0.0210  s1.acc: 99.0234  s1.loss_bbox: 0.0533  s1.loss_mask: 0.0919  s2.loss_cls: 0.0103  s2.acc: 96.8191  s2.loss_bbox: 0.0426  s2.loss_mask: 0.0458
2024/01/14 23:30:16 - mmengine - INFO - Epoch(train) [13][ 900/1713]  lr: 2.0000e-04  eta: 0:50:56  time: 0.2368  data_time: 0.0069  memory: 2504  loss: 0.5955  loss_rpn_cls: 0.0063  loss_rpn_bbox: 0.0102  s0.loss_cls: 0.0627  s0.acc: 96.4844  s0.loss_bbox: 0.0582  s0.loss_mask: 0.1805  s1.loss_cls: 0.0216  s1.acc: 96.2891  s1.loss_bbox: 0.0599  s1.loss_mask: 0.0941  s2.loss_cls: 0.0111  s2.acc: 97.2167  s2.loss_bbox: 0.0440  s2.loss_mask: 0.0469
2024/01/14 23:30:28 - mmengine - INFO - Epoch(train) [13][ 950/1713]  lr: 2.0000e-04  eta: 0:50:44  time: 0.2464  data_time: 0.0071  memory: 2506  loss: 0.5811  loss_rpn_cls: 0.0077  loss_rpn_bbox: 0.0079  s0.loss_cls: 0.0724  s0.acc: 99.2188  s0.loss_bbox: 0.0557  s0.loss_mask: 0.1718  s1.loss_cls: 0.0272  s1.acc: 97.6496  s1.loss_bbox: 0.0517  s1.loss_mask: 0.0897  s2.loss_cls: 0.0137  s2.acc: 97.9866  s2.loss_bbox: 0.0383  s2.loss_mask: 0.0449
2024/01/14 23:30:40 - mmengine - INFO - Epoch(train) [13][1000/1713]  lr: 2.0000e-04  eta: 0:50:33  time: 0.2432  data_time: 0.0080  memory: 2504  loss: 0.6195  loss_rpn_cls: 0.0066  loss_rpn_bbox: 0.0115  s0.loss_cls: 0.0648  s0.acc: 94.5312  s0.loss_bbox: 0.0636  s0.loss_mask: 0.1877  s1.loss_cls: 0.0217  s1.acc: 97.8261  s1.loss_bbox: 0.0602  s1.loss_mask: 0.0983  s2.loss_cls: 0.0126  s2.acc: 97.0115  s2.loss_bbox: 0.0443  s2.loss_mask: 0.0482
2024/01/14 23:30:52 - mmengine - INFO - Epoch(train) [13][1050/1713]  lr: 2.0000e-04  eta: 0:50:21  time: 0.2335  data_time: 0.0069  memory: 2484  loss: 0.5553  loss_rpn_cls: 0.0048  loss_rpn_bbox: 0.0092  s0.loss_cls: 0.0537  s0.acc: 99.0234  s0.loss_bbox: 0.0521  s0.loss_mask: 0.1824  s1.loss_cls: 0.0179  s1.acc: 99.4141  s1.loss_bbox: 0.0473  s1.loss_mask: 0.0950  s2.loss_cls: 0.0096  s2.acc: 99.0234  s2.loss_bbox: 0.0363  s2.loss_mask: 0.0471
2024/01/14 23:31:04 - mmengine - INFO - Epoch(train) [13][1100/1713]  lr: 2.0000e-04  eta: 0:50:09  time: 0.2436  data_time: 0.0084  memory: 2507  loss: 0.5705  loss_rpn_cls: 0.0049  loss_rpn_bbox: 0.0090  s0.loss_cls: 0.0597  s0.acc: 99.0234  s0.loss_bbox: 0.0533  s0.loss_mask: 0.1759  s1.loss_cls: 0.0218  s1.acc: 98.8281  s1.loss_bbox: 0.0544  s1.loss_mask: 0.0948  s2.loss_cls: 0.0111  s2.acc: 99.2188  s2.loss_bbox: 0.0397  s2.loss_mask: 0.0459
2024/01/14 23:31:16 - mmengine - INFO - Epoch(train) [13][1150/1713]  lr: 2.0000e-04  eta: 0:49:57  time: 0.2380  data_time: 0.0068  memory: 2505  loss: 0.5312  loss_rpn_cls: 0.0060  loss_rpn_bbox: 0.0083  s0.loss_cls: 0.0553  s0.acc: 98.4375  s0.loss_bbox: 0.0476  s0.loss_mask: 0.1690  s1.loss_cls: 0.0190  s1.acc: 99.4106  s1.loss_bbox: 0.0474  s1.loss_mask: 0.0885  s2.loss_cls: 0.0095  s2.acc: 99.5968  s2.loss_bbox: 0.0369  s2.loss_mask: 0.0438
2024/01/14 23:31:28 - mmengine - INFO - Epoch(train) [13][1200/1713]  lr: 2.0000e-04  eta: 0:49:45  time: 0.2460  data_time: 0.0072  memory: 2504  loss: 0.6008  loss_rpn_cls: 0.0046  loss_rpn_bbox: 0.0099  s0.loss_cls: 0.0616  s0.acc: 95.3125  s0.loss_bbox: 0.0610  s0.loss_mask: 0.1851  s1.loss_cls: 0.0207  s1.acc: 98.3402  s1.loss_bbox: 0.0606  s1.loss_mask: 0.0972  s2.loss_cls: 0.0096  s2.acc: 98.0769  s2.loss_bbox: 0.0428  s2.loss_mask: 0.0477
2024/01/14 23:31:40 - mmengine - INFO - Epoch(train) [13][1250/1713]  lr: 2.0000e-04  eta: 0:49:33  time: 0.2418  data_time: 0.0075  memory: 2507  loss: 0.5874  loss_rpn_cls: 0.0056  loss_rpn_bbox: 0.0111  s0.loss_cls: 0.0615  s0.acc: 96.2891  s0.loss_bbox: 0.0626  s0.loss_mask: 0.1779  s1.loss_cls: 0.0223  s1.acc: 97.7679  s1.loss_bbox: 0.0562  s1.loss_mask: 0.0915  s2.loss_cls: 0.0111  s2.acc: 98.5507  s2.loss_bbox: 0.0414  s2.loss_mask: 0.0460
2024/01/14 23:31:53 - mmengine - INFO - Epoch(train) [13][1300/1713]  lr: 2.0000e-04  eta: 0:49:21  time: 0.2449  data_time: 0.0074  memory: 2505  loss: 0.6309  loss_rpn_cls: 0.0068  loss_rpn_bbox: 0.0097  s0.loss_cls: 0.0690  s0.acc: 99.0234  s0.loss_bbox: 0.0644  s0.loss_mask: 0.1900  s1.loss_cls: 0.0241  s1.acc: 99.2188  s1.loss_bbox: 0.0624  s1.loss_mask: 0.0977  s2.loss_cls: 0.0122  s2.acc: 100.0000  s2.loss_bbox: 0.0460  s2.loss_mask: 0.0485
2024/01/14 23:32:05 - mmengine - INFO - Epoch(train) [13][1350/1713]  lr: 2.0000e-04  eta: 0:49:10  time: 0.2463  data_time: 0.0074  memory: 2506  loss: 0.6407  loss_rpn_cls: 0.0060  loss_rpn_bbox: 0.0116  s0.loss_cls: 0.0706  s0.acc: 97.8516  s0.loss_bbox: 0.0681  s0.loss_mask: 0.1841  s1.loss_cls: 0.0278  s1.acc: 98.6637  s1.loss_bbox: 0.0637  s1.loss_mask: 0.0970  s2.loss_cls: 0.0139  s2.acc: 98.7981  s2.loss_bbox: 0.0502  s2.loss_mask: 0.0477
2024/01/14 23:32:17 - mmengine - INFO - Epoch(train) [13][1400/1713]  lr: 2.0000e-04  eta: 0:48:58  time: 0.2417  data_time: 0.0077  memory: 2505  loss: 0.5801  loss_rpn_cls: 0.0056  loss_rpn_bbox: 0.0104  s0.loss_cls: 0.0620  s0.acc: 98.2422  s0.loss_bbox: 0.0556  s0.loss_mask: 0.1766  s1.loss_cls: 0.0230  s1.acc: 97.6562  s1.loss_bbox: 0.0540  s1.loss_mask: 0.0915  s2.loss_cls: 0.0116  s2.acc: 97.6562  s2.loss_bbox: 0.0435  s2.loss_mask: 0.0464
2024/01/14 23:32:28 - mmengine - INFO - Exp name: instance_20240114_220316
2024/01/14 23:32:29 - mmengine - INFO - Epoch(train) [13][1450/1713]  lr: 2.0000e-04  eta: 0:48:46  time: 0.2468  data_time: 0.0078  memory: 2506  loss: 0.6571  loss_rpn_cls: 0.0041  loss_rpn_bbox: 0.0107  s0.loss_cls: 0.0696  s0.acc: 97.4609  s0.loss_bbox: 0.0703  s0.loss_mask: 0.1972  s1.loss_cls: 0.0242  s1.acc: 98.9733  s1.loss_bbox: 0.0678  s1.loss_mask: 0.1020  s2.loss_cls: 0.0129  s2.acc: 99.3617  s2.loss_bbox: 0.0480  s2.loss_mask: 0.0501
2024/01/14 23:32:41 - mmengine - INFO - Epoch(train) [13][1500/1713]  lr: 2.0000e-04  eta: 0:48:34  time: 0.2383  data_time: 0.0071  memory: 2506  loss: 0.6178  loss_rpn_cls: 0.0056  loss_rpn_bbox: 0.0100  s0.loss_cls: 0.0622  s0.acc: 99.0234  s0.loss_bbox: 0.0629  s0.loss_mask: 0.1949  s1.loss_cls: 0.0213  s1.acc: 99.8047  s1.loss_bbox: 0.0587  s1.loss_mask: 0.0998  s2.loss_cls: 0.0112  s2.acc: 98.4375  s2.loss_bbox: 0.0429  s2.loss_mask: 0.0484
2024/01/14 23:32:53 - mmengine - INFO - Epoch(train) [13][1550/1713]  lr: 2.0000e-04  eta: 0:48:22  time: 0.2424  data_time: 0.0075  memory: 2507  loss: 0.6449  loss_rpn_cls: 0.0072  loss_rpn_bbox: 0.0115  s0.loss_cls: 0.0677  s0.acc: 97.2656  s0.loss_bbox: 0.0657  s0.loss_mask: 0.1975  s1.loss_cls: 0.0230  s1.acc: 98.4375  s1.loss_bbox: 0.0627  s1.loss_mask: 0.1010  s2.loss_cls: 0.0113  s2.acc: 99.0234  s2.loss_bbox: 0.0472  s2.loss_mask: 0.0501
2024/01/14 23:33:06 - mmengine - INFO - Epoch(train) [13][1600/1713]  lr: 2.0000e-04  eta: 0:48:10  time: 0.2414  data_time: 0.0076  memory: 2505  loss: 0.6327  loss_rpn_cls: 0.0042  loss_rpn_bbox: 0.0122  s0.loss_cls: 0.0679  s0.acc: 93.1641  s0.loss_bbox: 0.0652  s0.loss_mask: 0.1827  s1.loss_cls: 0.0234  s1.acc: 95.8071  s1.loss_bbox: 0.0684  s1.loss_mask: 0.0955  s2.loss_cls: 0.0125  s2.acc: 96.3675  s2.loss_bbox: 0.0531  s2.loss_mask: 0.0476
2024/01/14 23:33:17 - mmengine - INFO - Epoch(train) [13][1650/1713]  lr: 2.0000e-04  eta: 0:47:58  time: 0.2359  data_time: 0.0069  memory: 2507  loss: 0.5955  loss_rpn_cls: 0.0074  loss_rpn_bbox: 0.0097  s0.loss_cls: 0.0656  s0.acc: 99.4141  s0.loss_bbox: 0.0592  s0.loss_mask: 0.1831  s1.loss_cls: 0.0218  s1.acc: 99.4141  s1.loss_bbox: 0.0548  s1.loss_mask: 0.0948  s2.loss_cls: 0.0111  s2.acc: 99.8047  s2.loss_bbox: 0.0409  s2.loss_mask: 0.0470
2024/01/14 23:33:29 - mmengine - INFO - Epoch(train) [13][1700/1713]  lr: 2.0000e-04  eta: 0:47:47  time: 0.2427  data_time: 0.0072  memory: 2507  loss: 0.5985  loss_rpn_cls: 0.0054  loss_rpn_bbox: 0.0104  s0.loss_cls: 0.0642  s0.acc: 97.2656  s0.loss_bbox: 0.0608  s0.loss_mask: 0.1826  s1.loss_cls: 0.0223  s1.acc: 99.5475  s1.loss_bbox: 0.0580  s1.loss_mask: 0.0957  s2.loss_cls: 0.0111  s2.acc: 99.5204  s2.loss_bbox: 0.0415  s2.loss_mask: 0.0466
2024/01/14 23:33:33 - mmengine - INFO - Exp name: instance_20240114_220316
2024/01/14 23:33:36 - mmengine - INFO - Epoch(val) [13][50/71]    eta: 0:00:01  time: 0.0772  data_time: 0.0064  memory: 2507  
2024/01/14 23:33:38 - mmengine - INFO - Evaluating bbox...
2024/01/14 23:33:38 - mmengine - INFO - bbox_mAP_copypaste: 0.670 0.932 0.779 0.617 0.735 -1.000
2024/01/14 23:33:38 - mmengine - INFO - Epoch(val) [13][71/71]    coco/bbox_mAP: 0.6700  coco/bbox_mAP_50: 0.9320  coco/bbox_mAP_75: 0.7790  coco/bbox_mAP_s: 0.6170  coco/bbox_mAP_m: 0.7350  coco/bbox_mAP_l: -1.0000  data_time: 0.0061  time: 0.0758
2024/01/14 23:33:50 - mmengine - INFO - Epoch(train) [14][  50/1713]  lr: 2.0000e-04  eta: 0:47:32  time: 0.2456  data_time: 0.0076  memory: 2506  loss: 0.5876  loss_rpn_cls: 0.0060  loss_rpn_bbox: 0.0097  s0.loss_cls: 0.0646  s0.acc: 97.0703  s0.loss_bbox: 0.0601  s0.loss_mask: 0.1769  s1.loss_cls: 0.0218  s1.acc: 98.1013  s1.loss_bbox: 0.0582  s1.loss_mask: 0.0908  s2.loss_cls: 0.0111  s2.acc: 98.8987  s2.loss_bbox: 0.0437  s2.loss_mask: 0.0448
2024/01/14 23:34:03 - mmengine - INFO - Epoch(train) [14][ 100/1713]  lr: 2.0000e-04  eta: 0:47:20  time: 0.2430  data_time: 0.0074  memory: 2499  loss: 0.6266  loss_rpn_cls: 0.0059  loss_rpn_bbox: 0.0103  s0.loss_cls: 0.0632  s0.acc: 96.2891  s0.loss_bbox: 0.0657  s0.loss_mask: 0.1938  s1.loss_cls: 0.0210  s1.acc: 98.9130  s1.loss_bbox: 0.0623  s1.loss_mask: 0.0996  s2.loss_cls: 0.0112  s2.acc: 97.9592  s2.loss_bbox: 0.0450  s2.loss_mask: 0.0488
2024/01/14 23:34:15 - mmengine - INFO - Epoch(train) [14][ 150/1713]  lr: 2.0000e-04  eta: 0:47:08  time: 0.2449  data_time: 0.0074  memory: 2507  loss: 0.6142  loss_rpn_cls: 0.0064  loss_rpn_bbox: 0.0125  s0.loss_cls: 0.0678  s0.acc: 97.6562  s0.loss_bbox: 0.0614  s0.loss_mask: 0.1810  s1.loss_cls: 0.0253  s1.acc: 97.2656  s1.loss_bbox: 0.0599  s1.loss_mask: 0.0941  s2.loss_cls: 0.0123  s2.acc: 96.8750  s2.loss_bbox: 0.0466  s2.loss_mask: 0.0468
2024/01/14 23:34:27 - mmengine - INFO - Epoch(train) [14][ 200/1713]  lr: 2.0000e-04  eta: 0:46:56  time: 0.2415  data_time: 0.0071  memory: 2504  loss: 0.6215  loss_rpn_cls: 0.0068  loss_rpn_bbox: 0.0125  s0.loss_cls: 0.0660  s0.acc: 99.2188  s0.loss_bbox: 0.0632  s0.loss_mask: 0.1852  s1.loss_cls: 0.0236  s1.acc: 99.6094  s1.loss_bbox: 0.0609  s1.loss_mask: 0.0962  s2.loss_cls: 0.0121  s2.acc: 99.8047  s2.loss_bbox: 0.0477  s2.loss_mask: 0.0472
2024/01/14 23:34:39 - mmengine - INFO - Epoch(train) [14][ 250/1713]  lr: 2.0000e-04  eta: 0:46:44  time: 0.2323  data_time: 0.0067  memory: 2505  loss: 0.6091  loss_rpn_cls: 0.0056  loss_rpn_bbox: 0.0101  s0.loss_cls: 0.0600  s0.acc: 97.4609  s0.loss_bbox: 0.0629  s0.loss_mask: 0.1886  s1.loss_cls: 0.0220  s1.acc: 98.5138  s1.loss_bbox: 0.0580  s1.loss_mask: 0.0985  s2.loss_cls: 0.0116  s2.acc: 98.6487  s2.loss_bbox: 0.0429  s2.loss_mask: 0.0489
2024/01/14 23:34:51 - mmengine - INFO - Epoch(train) [14][ 300/1713]  lr: 2.0000e-04  eta: 0:46:32  time: 0.2401  data_time: 0.0070  memory: 2503  loss: 0.5655  loss_rpn_cls: 0.0062  loss_rpn_bbox: 0.0105  s0.loss_cls: 0.0575  s0.acc: 97.8516  s0.loss_bbox: 0.0556  s0.loss_mask: 0.1716  s1.loss_cls: 0.0219  s1.acc: 97.8175  s1.loss_bbox: 0.0553  s1.loss_mask: 0.0896  s2.loss_cls: 0.0103  s2.acc: 97.9592  s2.loss_bbox: 0.0421  s2.loss_mask: 0.0450
2024/01/14 23:35:02 - mmengine - INFO - Epoch(train) [14][ 350/1713]  lr: 2.0000e-04  eta: 0:46:20  time: 0.2363  data_time: 0.0068  memory: 2500  loss: 0.5646  loss_rpn_cls: 0.0044  loss_rpn_bbox: 0.0090  s0.loss_cls: 0.0563  s0.acc: 96.4844  s0.loss_bbox: 0.0542  s0.loss_mask: 0.1771  s1.loss_cls: 0.0185  s1.acc: 98.2262  s1.loss_bbox: 0.0545  s1.loss_mask: 0.0941  s2.loss_cls: 0.0099  s2.acc: 97.4299  s2.loss_bbox: 0.0397  s2.loss_mask: 0.0468
2024/01/14 23:35:14 - mmengine - INFO - Epoch(train) [14][ 400/1713]  lr: 2.0000e-04  eta: 0:46:08  time: 0.2425  data_time: 0.0073  memory: 2507  loss: 0.6390  loss_rpn_cls: 0.0061  loss_rpn_bbox: 0.0111  s0.loss_cls: 0.0644  s0.acc: 98.6328  s0.loss_bbox: 0.0684  s0.loss_mask: 0.1960  s1.loss_cls: 0.0220  s1.acc: 99.2188  s1.loss_bbox: 0.0623  s1.loss_mask: 0.1009  s2.loss_cls: 0.0115  s2.acc: 99.8047  s2.loss_bbox: 0.0467  s2.loss_mask: 0.0496
2024/01/14 23:35:27 - mmengine - INFO - Epoch(train) [14][ 450/1713]  lr: 2.0000e-04  eta: 0:45:57  time: 0.2447  data_time: 0.0070  memory: 2505  loss: 0.6211  loss_rpn_cls: 0.0052  loss_rpn_bbox: 0.0101  s0.loss_cls: 0.0656  s0.acc: 95.5078  s0.loss_bbox: 0.0619  s0.loss_mask: 0.1882  s1.loss_cls: 0.0240  s1.acc: 97.3568  s1.loss_bbox: 0.0624  s1.loss_mask: 0.0983  s2.loss_cls: 0.0118  s2.acc: 97.4359  s2.loss_bbox: 0.0457  s2.loss_mask: 0.0479
2024/01/14 23:35:39 - mmengine - INFO - Epoch(train) [14][ 500/1713]  lr: 2.0000e-04  eta: 0:45:45  time: 0.2423  data_time: 0.0069  memory: 2506  loss: 0.5861  loss_rpn_cls: 0.0043  loss_rpn_bbox: 0.0096  s0.loss_cls: 0.0609  s0.acc: 96.8750  s0.loss_bbox: 0.0564  s0.loss_mask: 0.1844  s1.loss_cls: 0.0214  s1.acc: 98.5944  s1.loss_bbox: 0.0548  s1.loss_mask: 0.0950  s2.loss_cls: 0.0107  s2.acc: 98.5714  s2.loss_bbox: 0.0418  s2.loss_mask: 0.0468
2024/01/14 23:35:51 - mmengine - INFO - Epoch(train) [14][ 550/1713]  lr: 2.0000e-04  eta: 0:45:33  time: 0.2487  data_time: 0.0074  memory: 2506  loss: 0.5804  loss_rpn_cls: 0.0071  loss_rpn_bbox: 0.0096  s0.loss_cls: 0.0662  s0.acc: 96.2891  s0.loss_bbox: 0.0583  s0.loss_mask: 0.1765  s1.loss_cls: 0.0227  s1.acc: 97.4026  s1.loss_bbox: 0.0531  s1.loss_mask: 0.0911  s2.loss_cls: 0.0117  s2.acc: 95.4649  s2.loss_bbox: 0.0387  s2.loss_mask: 0.0455
2024/01/14 23:36:03 - mmengine - INFO - Epoch(train) [14][ 600/1713]  lr: 2.0000e-04  eta: 0:45:21  time: 0.2445  data_time: 0.0076  memory: 2504  loss: 0.6153  loss_rpn_cls: 0.0057  loss_rpn_bbox: 0.0105  s0.loss_cls: 0.0693  s0.acc: 95.8984  s0.loss_bbox: 0.0635  s0.loss_mask: 0.1837  s1.loss_cls: 0.0214  s1.acc: 96.4912  s1.loss_bbox: 0.0602  s1.loss_mask: 0.0968  s2.loss_cls: 0.0104  s2.acc: 95.7845  s2.loss_bbox: 0.0460  s2.loss_mask: 0.0479
2024/01/14 23:36:15 - mmengine - INFO - Epoch(train) [14][ 650/1713]  lr: 2.0000e-04  eta: 0:45:09  time: 0.2365  data_time: 0.0072  memory: 2505  loss: 0.6809  loss_rpn_cls: 0.0066  loss_rpn_bbox: 0.0118  s0.loss_cls: 0.0673  s0.acc: 97.4609  s0.loss_bbox: 0.0708  s0.loss_mask: 0.2080  s1.loss_cls: 0.0239  s1.acc: 98.3740  s1.loss_bbox: 0.0690  s1.loss_mask: 0.1071  s2.loss_cls: 0.0116  s2.acc: 100.0000  s2.loss_bbox: 0.0518  s2.loss_mask: 0.0529
2024/01/14 23:36:27 - mmengine - INFO - Epoch(train) [14][ 700/1713]  lr: 2.0000e-04  eta: 0:44:57  time: 0.2436  data_time: 0.0069  memory: 2504  loss: 0.6204  loss_rpn_cls: 0.0038  loss_rpn_bbox: 0.0107  s0.loss_cls: 0.0666  s0.acc: 99.0234  s0.loss_bbox: 0.0622  s0.loss_mask: 0.1911  s1.loss_cls: 0.0237  s1.acc: 98.4375  s1.loss_bbox: 0.0583  s1.loss_mask: 0.0996  s2.loss_cls: 0.0122  s2.acc: 98.2422  s2.loss_bbox: 0.0436  s2.loss_mask: 0.0487
2024/01/14 23:36:35 - mmengine - INFO - Exp name: instance_20240114_220316
2024/01/14 23:36:40 - mmengine - INFO - Epoch(train) [14][ 750/1713]  lr: 2.0000e-04  eta: 0:44:45  time: 0.2423  data_time: 0.0071  memory: 2507  loss: 0.6402  loss_rpn_cls: 0.0052  loss_rpn_bbox: 0.0118  s0.loss_cls: 0.0689  s0.acc: 98.6328  s0.loss_bbox: 0.0680  s0.loss_mask: 0.1955  s1.loss_cls: 0.0236  s1.acc: 98.4375  s1.loss_bbox: 0.0622  s1.loss_mask: 0.0981  s2.loss_cls: 0.0120  s2.acc: 98.6328  s2.loss_bbox: 0.0470  s2.loss_mask: 0.0478
2024/01/14 23:36:52 - mmengine - INFO - Epoch(train) [14][ 800/1713]  lr: 2.0000e-04  eta: 0:44:34  time: 0.2414  data_time: 0.0070  memory: 2500  loss: 0.5415  loss_rpn_cls: 0.0057  loss_rpn_bbox: 0.0086  s0.loss_cls: 0.0564  s0.acc: 97.0703  s0.loss_bbox: 0.0516  s0.loss_mask: 0.1729  s1.loss_cls: 0.0186  s1.acc: 97.8402  s1.loss_bbox: 0.0469  s1.loss_mask: 0.0908  s2.loss_cls: 0.0091  s2.acc: 96.6443  s2.loss_bbox: 0.0354  s2.loss_mask: 0.0455
2024/01/14 23:37:04 - mmengine - INFO - Epoch(train) [14][ 850/1713]  lr: 2.0000e-04  eta: 0:44:22  time: 0.2414  data_time: 0.0071  memory: 2506  loss: 0.6520  loss_rpn_cls: 0.0056  loss_rpn_bbox: 0.0116  s0.loss_cls: 0.0695  s0.acc: 92.9688  s0.loss_bbox: 0.0704  s0.loss_mask: 0.1934  s1.loss_cls: 0.0226  s1.acc: 93.5091  s1.loss_bbox: 0.0694  s1.loss_mask: 0.1009  s2.loss_cls: 0.0119  s2.acc: 93.9331  s2.loss_bbox: 0.0477  s2.loss_mask: 0.0489
2024/01/14 23:37:16 - mmengine - INFO - Epoch(train) [14][ 900/1713]  lr: 2.0000e-04  eta: 0:44:10  time: 0.2406  data_time: 0.0068  memory: 2507  loss: 0.5766  loss_rpn_cls: 0.0054  loss_rpn_bbox: 0.0103  s0.loss_cls: 0.0653  s0.acc: 96.6797  s0.loss_bbox: 0.0564  s0.loss_mask: 0.1767  s1.loss_cls: 0.0203  s1.acc: 98.7041  s1.loss_bbox: 0.0541  s1.loss_mask: 0.0922  s2.loss_cls: 0.0101  s2.acc: 99.1131  s2.loss_bbox: 0.0402  s2.loss_mask: 0.0457
2024/01/14 23:37:28 - mmengine - INFO - Epoch(train) [14][ 950/1713]  lr: 2.0000e-04  eta: 0:43:58  time: 0.2383  data_time: 0.0071  memory: 2505  loss: 0.6268  loss_rpn_cls: 0.0059  loss_rpn_bbox: 0.0114  s0.loss_cls: 0.0693  s0.acc: 95.7031  s0.loss_bbox: 0.0635  s0.loss_mask: 0.1888  s1.loss_cls: 0.0231  s1.acc: 97.0703  s1.loss_bbox: 0.0608  s1.loss_mask: 0.0993  s2.loss_cls: 0.0126  s2.acc: 97.0297  s2.loss_bbox: 0.0444  s2.loss_mask: 0.0478
2024/01/14 23:37:40 - mmengine - INFO - Epoch(train) [14][1000/1713]  lr: 2.0000e-04  eta: 0:43:46  time: 0.2425  data_time: 0.0075  memory: 2505  loss: 0.5947  loss_rpn_cls: 0.0063  loss_rpn_bbox: 0.0099  s0.loss_cls: 0.0670  s0.acc: 98.4375  s0.loss_bbox: 0.0592  s0.loss_mask: 0.1806  s1.loss_cls: 0.0232  s1.acc: 97.2656  s1.loss_bbox: 0.0569  s1.loss_mask: 0.0932  s2.loss_cls: 0.0117  s2.acc: 97.4609  s2.loss_bbox: 0.0413  s2.loss_mask: 0.0454
2024/01/14 23:37:52 - mmengine - INFO - Epoch(train) [14][1050/1713]  lr: 2.0000e-04  eta: 0:43:34  time: 0.2395  data_time: 0.0070  memory: 2506  loss: 0.5898  loss_rpn_cls: 0.0045  loss_rpn_bbox: 0.0085  s0.loss_cls: 0.0608  s0.acc: 98.4375  s0.loss_bbox: 0.0588  s0.loss_mask: 0.1866  s1.loss_cls: 0.0215  s1.acc: 99.0234  s1.loss_bbox: 0.0518  s1.loss_mask: 0.0971  s2.loss_cls: 0.0107  s2.acc: 99.4141  s2.loss_bbox: 0.0407  s2.loss_mask: 0.0489
2024/01/14 23:38:04 - mmengine - INFO - Epoch(train) [14][1100/1713]  lr: 2.0000e-04  eta: 0:43:22  time: 0.2437  data_time: 0.0074  memory: 2507  loss: 0.6263  loss_rpn_cls: 0.0039  loss_rpn_bbox: 0.0111  s0.loss_cls: 0.0654  s0.acc: 98.6328  s0.loss_bbox: 0.0634  s0.loss_mask: 0.1891  s1.loss_cls: 0.0231  s1.acc: 98.4375  s1.loss_bbox: 0.0638  s1.loss_mask: 0.0993  s2.loss_cls: 0.0108  s2.acc: 99.0234  s2.loss_bbox: 0.0474  s2.loss_mask: 0.0489
2024/01/14 23:38:17 - mmengine - INFO - Epoch(train) [14][1150/1713]  lr: 2.0000e-04  eta: 0:43:11  time: 0.2505  data_time: 0.0080  memory: 2507  loss: 0.6077  loss_rpn_cls: 0.0061  loss_rpn_bbox: 0.0105  s0.loss_cls: 0.0656  s0.acc: 98.0469  s0.loss_bbox: 0.0636  s0.loss_mask: 0.1777  s1.loss_cls: 0.0206  s1.acc: 100.0000  s1.loss_bbox: 0.0652  s1.loss_mask: 0.0938  s2.loss_cls: 0.0118  s2.acc: 99.2188  s2.loss_bbox: 0.0465  s2.loss_mask: 0.0462
2024/01/14 23:38:29 - mmengine - INFO - Epoch(train) [14][1200/1713]  lr: 2.0000e-04  eta: 0:42:59  time: 0.2430  data_time: 0.0074  memory: 2503  loss: 0.6307  loss_rpn_cls: 0.0045  loss_rpn_bbox: 0.0123  s0.loss_cls: 0.0659  s0.acc: 98.4375  s0.loss_bbox: 0.0657  s0.loss_mask: 0.1916  s1.loss_cls: 0.0235  s1.acc: 98.8281  s1.loss_bbox: 0.0623  s1.loss_mask: 0.0980  s2.loss_cls: 0.0112  s2.acc: 98.8281  s2.loss_bbox: 0.0473  s2.loss_mask: 0.0485
2024/01/14 23:38:41 - mmengine - INFO - Epoch(train) [14][1250/1713]  lr: 2.0000e-04  eta: 0:42:47  time: 0.2371  data_time: 0.0067  memory: 2505  loss: 0.5901  loss_rpn_cls: 0.0074  loss_rpn_bbox: 0.0097  s0.loss_cls: 0.0677  s0.acc: 97.8516  s0.loss_bbox: 0.0602  s0.loss_mask: 0.1760  s1.loss_cls: 0.0235  s1.acc: 99.4141  s1.loss_bbox: 0.0551  s1.loss_mask: 0.0915  s2.loss_cls: 0.0121  s2.acc: 99.6047  s2.loss_bbox: 0.0412  s2.loss_mask: 0.0457
2024/01/14 23:38:52 - mmengine - INFO - Epoch(train) [14][1300/1713]  lr: 2.0000e-04  eta: 0:42:35  time: 0.2381  data_time: 0.0069  memory: 2507  loss: 0.5912  loss_rpn_cls: 0.0042  loss_rpn_bbox: 0.0107  s0.loss_cls: 0.0636  s0.acc: 95.5078  s0.loss_bbox: 0.0623  s0.loss_mask: 0.1767  s1.loss_cls: 0.0237  s1.acc: 96.4637  s1.loss_bbox: 0.0589  s1.loss_mask: 0.0929  s2.loss_cls: 0.0116  s2.acc: 96.2151  s2.loss_bbox: 0.0410  s2.loss_mask: 0.0456
2024/01/14 23:39:04 - mmengine - INFO - Epoch(train) [14][1350/1713]  lr: 2.0000e-04  eta: 0:42:23  time: 0.2383  data_time: 0.0072  memory: 2499  loss: 0.5237  loss_rpn_cls: 0.0045  loss_rpn_bbox: 0.0081  s0.loss_cls: 0.0532  s0.acc: 98.6328  s0.loss_bbox: 0.0481  s0.loss_mask: 0.1641  s1.loss_cls: 0.0172  s1.acc: 99.4141  s1.loss_bbox: 0.0467  s1.loss_mask: 0.0889  s2.loss_cls: 0.0086  s2.acc: 98.6166  s2.loss_bbox: 0.0398  s2.loss_mask: 0.0447
2024/01/14 23:39:16 - mmengine - INFO - Epoch(train) [14][1400/1713]  lr: 2.0000e-04  eta: 0:42:11  time: 0.2408  data_time: 0.0068  memory: 2506  loss: 0.6162  loss_rpn_cls: 0.0059  loss_rpn_bbox: 0.0101  s0.loss_cls: 0.0614  s0.acc: 98.8281  s0.loss_bbox: 0.0604  s0.loss_mask: 0.1882  s1.loss_cls: 0.0227  s1.acc: 98.0469  s1.loss_bbox: 0.0606  s1.loss_mask: 0.0984  s2.loss_cls: 0.0119  s2.acc: 97.2656  s2.loss_bbox: 0.0482  s2.loss_mask: 0.0484
2024/01/14 23:39:28 - mmengine - INFO - Epoch(train) [14][1450/1713]  lr: 2.0000e-04  eta: 0:41:59  time: 0.2395  data_time: 0.0074  memory: 2506  loss: 0.5804  loss_rpn_cls: 0.0074  loss_rpn_bbox: 0.0091  s0.loss_cls: 0.0641  s0.acc: 97.2656  s0.loss_bbox: 0.0541  s0.loss_mask: 0.1791  s1.loss_cls: 0.0233  s1.acc: 98.6328  s1.loss_bbox: 0.0517  s1.loss_mask: 0.0935  s2.loss_cls: 0.0110  s2.acc: 98.2107  s2.loss_bbox: 0.0407  s2.loss_mask: 0.0465
2024/01/14 23:39:41 - mmengine - INFO - Epoch(train) [14][1500/1713]  lr: 2.0000e-04  eta: 0:41:47  time: 0.2484  data_time: 0.0073  memory: 2504  loss: 0.5739  loss_rpn_cls: 0.0045  loss_rpn_bbox: 0.0090  s0.loss_cls: 0.0639  s0.acc: 95.3125  s0.loss_bbox: 0.0555  s0.loss_mask: 0.1722  s1.loss_cls: 0.0230  s1.acc: 96.0861  s1.loss_bbox: 0.0587  s1.loss_mask: 0.0896  s2.loss_cls: 0.0121  s2.acc: 97.1717  s2.loss_bbox: 0.0414  s2.loss_mask: 0.0441
2024/01/14 23:39:53 - mmengine - INFO - Epoch(train) [14][1550/1713]  lr: 2.0000e-04  eta: 0:41:35  time: 0.2444  data_time: 0.0075  memory: 2506  loss: 0.6198  loss_rpn_cls: 0.0069  loss_rpn_bbox: 0.0100  s0.loss_cls: 0.0599  s0.acc: 96.6797  s0.loss_bbox: 0.0634  s0.loss_mask: 0.1927  s1.loss_cls: 0.0203  s1.acc: 97.3523  s1.loss_bbox: 0.0598  s1.loss_mask: 0.1017  s2.loss_cls: 0.0112  s2.acc: 98.1211  s2.loss_bbox: 0.0443  s2.loss_mask: 0.0496
2024/01/14 23:40:05 - mmengine - INFO - Epoch(train) [14][1600/1713]  lr: 2.0000e-04  eta: 0:41:23  time: 0.2373  data_time: 0.0065  memory: 2507  loss: 0.5541  loss_rpn_cls: 0.0038  loss_rpn_bbox: 0.0089  s0.loss_cls: 0.0624  s0.acc: 96.0938  s0.loss_bbox: 0.0535  s0.loss_mask: 0.1690  s1.loss_cls: 0.0209  s1.acc: 98.1053  s1.loss_bbox: 0.0522  s1.loss_mask: 0.0882  s2.loss_cls: 0.0104  s2.acc: 96.7105  s2.loss_bbox: 0.0407  s2.loss_mask: 0.0439
2024/01/14 23:40:17 - mmengine - INFO - Epoch(train) [14][1650/1713]  lr: 2.0000e-04  eta: 0:41:11  time: 0.2353  data_time: 0.0071  memory: 2507  loss: 0.5527  loss_rpn_cls: 0.0036  loss_rpn_bbox: 0.0099  s0.loss_cls: 0.0564  s0.acc: 98.0469  s0.loss_bbox: 0.0531  s0.loss_mask: 0.1768  s1.loss_cls: 0.0194  s1.acc: 99.2141  s1.loss_bbox: 0.0488  s1.loss_mask: 0.0905  s2.loss_cls: 0.0093  s2.acc: 99.3840  s2.loss_bbox: 0.0393  s2.loss_mask: 0.0456
2024/01/14 23:40:29 - mmengine - INFO - Epoch(train) [14][1700/1713]  lr: 2.0000e-04  eta: 0:40:59  time: 0.2414  data_time: 0.0072  memory: 2507  loss: 0.6424  loss_rpn_cls: 0.0064  loss_rpn_bbox: 0.0100  s0.loss_cls: 0.0774  s0.acc: 98.2422  s0.loss_bbox: 0.0645  s0.loss_mask: 0.1875  s1.loss_cls: 0.0284  s1.acc: 98.2353  s1.loss_bbox: 0.0621  s1.loss_mask: 0.0979  s2.loss_cls: 0.0135  s2.acc: 99.5935  s2.loss_bbox: 0.0460  s2.loss_mask: 0.0489
2024/01/14 23:40:32 - mmengine - INFO - Exp name: instance_20240114_220316
2024/01/14 23:40:36 - mmengine - INFO - Epoch(val) [14][50/71]    eta: 0:00:01  time: 0.0814  data_time: 0.0094  memory: 2503  
2024/01/14 23:40:37 - mmengine - INFO - Evaluating bbox...
2024/01/14 23:40:38 - mmengine - INFO - bbox_mAP_copypaste: 0.670 0.932 0.787 0.617 0.737 -1.000
2024/01/14 23:40:38 - mmengine - INFO - Epoch(val) [14][71/71]    coco/bbox_mAP: 0.6700  coco/bbox_mAP_50: 0.9320  coco/bbox_mAP_75: 0.7870  coco/bbox_mAP_s: 0.6170  coco/bbox_mAP_m: 0.7370  coco/bbox_mAP_l: -1.0000  data_time: 0.0082  time: 0.0790
2024/01/14 23:40:42 - mmengine - INFO - Exp name: instance_20240114_220316
2024/01/14 23:40:50 - mmengine - INFO - Epoch(train) [15][  50/1713]  lr: 2.0000e-04  eta: 0:40:45  time: 0.2493  data_time: 0.0092  memory: 2506  loss: 0.6230  loss_rpn_cls: 0.0071  loss_rpn_bbox: 0.0128  s0.loss_cls: 0.0616  s0.acc: 97.6562  s0.loss_bbox: 0.0626  s0.loss_mask: 0.1889  s1.loss_cls: 0.0226  s1.acc: 99.2188  s1.loss_bbox: 0.0633  s1.loss_mask: 0.0992  s2.loss_cls: 0.0119  s2.acc: 98.0469  s2.loss_bbox: 0.0443  s2.loss_mask: 0.0486
2024/01/14 23:41:03 - mmengine - INFO - Epoch(train) [15][ 100/1713]  lr: 2.0000e-04  eta: 0:40:33  time: 0.2522  data_time: 0.0078  memory: 2504  loss: 0.6269  loss_rpn_cls: 0.0074  loss_rpn_bbox: 0.0113  s0.loss_cls: 0.0653  s0.acc: 97.6562  s0.loss_bbox: 0.0633  s0.loss_mask: 0.1910  s1.loss_cls: 0.0233  s1.acc: 98.1744  s1.loss_bbox: 0.0616  s1.loss_mask: 0.0978  s2.loss_cls: 0.0114  s2.acc: 99.3684  s2.loss_bbox: 0.0456  s2.loss_mask: 0.0488
2024/01/14 23:41:15 - mmengine - INFO - Epoch(train) [15][ 150/1713]  lr: 2.0000e-04  eta: 0:40:21  time: 0.2451  data_time: 0.0076  memory: 2506  loss: 0.6369  loss_rpn_cls: 0.0059  loss_rpn_bbox: 0.0110  s0.loss_cls: 0.0697  s0.acc: 99.4141  s0.loss_bbox: 0.0655  s0.loss_mask: 0.1917  s1.loss_cls: 0.0237  s1.acc: 99.8047  s1.loss_bbox: 0.0623  s1.loss_mask: 0.0999  s2.loss_cls: 0.0114  s2.acc: 100.0000  s2.loss_bbox: 0.0463  s2.loss_mask: 0.0494
2024/01/14 23:41:27 - mmengine - INFO - Epoch(train) [15][ 200/1713]  lr: 2.0000e-04  eta: 0:40:09  time: 0.2440  data_time: 0.0074  memory: 2507  loss: 0.5963  loss_rpn_cls: 0.0069  loss_rpn_bbox: 0.0086  s0.loss_cls: 0.0629  s0.acc: 97.4609  s0.loss_bbox: 0.0607  s0.loss_mask: 0.1833  s1.loss_cls: 0.0228  s1.acc: 98.6328  s1.loss_bbox: 0.0561  s1.loss_mask: 0.0950  s2.loss_cls: 0.0104  s2.acc: 98.8095  s2.loss_bbox: 0.0427  s2.loss_mask: 0.0469
2024/01/14 23:41:39 - mmengine - INFO - Epoch(train) [15][ 250/1713]  lr: 2.0000e-04  eta: 0:39:57  time: 0.2396  data_time: 0.0072  memory: 2505  loss: 0.5691  loss_rpn_cls: 0.0061  loss_rpn_bbox: 0.0089  s0.loss_cls: 0.0562  s0.acc: 98.8281  s0.loss_bbox: 0.0554  s0.loss_mask: 0.1756  s1.loss_cls: 0.0193  s1.acc: 98.8281  s1.loss_bbox: 0.0567  s1.loss_mask: 0.0927  s2.loss_cls: 0.0091  s2.acc: 98.8281  s2.loss_bbox: 0.0434  s2.loss_mask: 0.0456
2024/01/14 23:41:52 - mmengine - INFO - Epoch(train) [15][ 300/1713]  lr: 2.0000e-04  eta: 0:39:46  time: 0.2524  data_time: 0.0075  memory: 2505  loss: 0.6172  loss_rpn_cls: 0.0045  loss_rpn_bbox: 0.0091  s0.loss_cls: 0.0656  s0.acc: 99.0234  s0.loss_bbox: 0.0655  s0.loss_mask: 0.1888  s1.loss_cls: 0.0199  s1.acc: 98.8281  s1.loss_bbox: 0.0606  s1.loss_mask: 0.0980  s2.loss_cls: 0.0100  s2.acc: 99.2188  s2.loss_bbox: 0.0467  s2.loss_mask: 0.0483
2024/01/14 23:42:04 - mmengine - INFO - Epoch(train) [15][ 350/1713]  lr: 2.0000e-04  eta: 0:39:34  time: 0.2476  data_time: 0.0071  memory: 2507  loss: 0.6058  loss_rpn_cls: 0.0052  loss_rpn_bbox: 0.0092  s0.loss_cls: 0.0695  s0.acc: 98.0469  s0.loss_bbox: 0.0620  s0.loss_mask: 0.1772  s1.loss_cls: 0.0271  s1.acc: 97.6562  s1.loss_bbox: 0.0596  s1.loss_mask: 0.0932  s2.loss_cls: 0.0135  s2.acc: 95.7031  s2.loss_bbox: 0.0436  s2.loss_mask: 0.0457
2024/01/14 23:42:16 - mmengine - INFO - Epoch(train) [15][ 400/1713]  lr: 2.0000e-04  eta: 0:39:22  time: 0.2380  data_time: 0.0071  memory: 2506  loss: 0.5675  loss_rpn_cls: 0.0044  loss_rpn_bbox: 0.0081  s0.loss_cls: 0.0558  s0.acc: 98.4375  s0.loss_bbox: 0.0550  s0.loss_mask: 0.1750  s1.loss_cls: 0.0188  s1.acc: 99.2188  s1.loss_bbox: 0.0574  s1.loss_mask: 0.0925  s2.loss_cls: 0.0096  s2.acc: 100.0000  s2.loss_bbox: 0.0448  s2.loss_mask: 0.0460
2024/01/14 23:42:28 - mmengine - INFO - Epoch(train) [15][ 450/1713]  lr: 2.0000e-04  eta: 0:39:10  time: 0.2393  data_time: 0.0070  memory: 2505  loss: 0.5713  loss_rpn_cls: 0.0054  loss_rpn_bbox: 0.0100  s0.loss_cls: 0.0602  s0.acc: 97.2656  s0.loss_bbox: 0.0556  s0.loss_mask: 0.1774  s1.loss_cls: 0.0200  s1.acc: 98.8208  s1.loss_bbox: 0.0533  s1.loss_mask: 0.0919  s2.loss_cls: 0.0103  s2.acc: 100.0000  s2.loss_bbox: 0.0409  s2.loss_mask: 0.0463
2024/01/14 23:42:40 - mmengine - INFO - Epoch(train) [15][ 500/1713]  lr: 2.0000e-04  eta: 0:38:58  time: 0.2391  data_time: 0.0076  memory: 2507  loss: 0.6327  loss_rpn_cls: 0.0046  loss_rpn_bbox: 0.0107  s0.loss_cls: 0.0685  s0.acc: 98.2422  s0.loss_bbox: 0.0621  s0.loss_mask: 0.1923  s1.loss_cls: 0.0233  s1.acc: 99.2188  s1.loss_bbox: 0.0618  s1.loss_mask: 0.0996  s2.loss_cls: 0.0124  s2.acc: 98.3871  s2.loss_bbox: 0.0477  s2.loss_mask: 0.0499
2024/01/14 23:42:52 - mmengine - INFO - Epoch(train) [15][ 550/1713]  lr: 2.0000e-04  eta: 0:38:46  time: 0.2406  data_time: 0.0070  memory: 2505  loss: 0.5867  loss_rpn_cls: 0.0047  loss_rpn_bbox: 0.0101  s0.loss_cls: 0.0626  s0.acc: 98.4375  s0.loss_bbox: 0.0634  s0.loss_mask: 0.1771  s1.loss_cls: 0.0212  s1.acc: 99.4141  s1.loss_bbox: 0.0565  s1.loss_mask: 0.0928  s2.loss_cls: 0.0106  s2.acc: 99.8047  s2.loss_bbox: 0.0422  s2.loss_mask: 0.0455
2024/01/14 23:43:04 - mmengine - INFO - Epoch(train) [15][ 600/1713]  lr: 2.0000e-04  eta: 0:38:34  time: 0.2457  data_time: 0.0075  memory: 2507  loss: 0.6345  loss_rpn_cls: 0.0062  loss_rpn_bbox: 0.0121  s0.loss_cls: 0.0656  s0.acc: 95.5078  s0.loss_bbox: 0.0617  s0.loss_mask: 0.1929  s1.loss_cls: 0.0243  s1.acc: 94.3359  s1.loss_bbox: 0.0633  s1.loss_mask: 0.1011  s2.loss_cls: 0.0126  s2.acc: 91.9922  s2.loss_bbox: 0.0449  s2.loss_mask: 0.0497
2024/01/14 23:43:17 - mmengine - INFO - Epoch(train) [15][ 650/1713]  lr: 2.0000e-04  eta: 0:38:22  time: 0.2497  data_time: 0.0076  memory: 2501  loss: 0.6276  loss_rpn_cls: 0.0057  loss_rpn_bbox: 0.0103  s0.loss_cls: 0.0650  s0.acc: 98.8281  s0.loss_bbox: 0.0605  s0.loss_mask: 0.1929  s1.loss_cls: 0.0209  s1.acc: 99.6094  s1.loss_bbox: 0.0625  s1.loss_mask: 0.1008  s2.loss_cls: 0.0119  s2.acc: 99.8047  s2.loss_bbox: 0.0467  s2.loss_mask: 0.0504
2024/01/14 23:43:29 - mmengine - INFO - Epoch(train) [15][ 700/1713]  lr: 2.0000e-04  eta: 0:38:10  time: 0.2364  data_time: 0.0072  memory: 2506  loss: 0.5657  loss_rpn_cls: 0.0050  loss_rpn_bbox: 0.0108  s0.loss_cls: 0.0555  s0.acc: 94.1406  s0.loss_bbox: 0.0535  s0.loss_mask: 0.1763  s1.loss_cls: 0.0195  s1.acc: 93.6214  s1.loss_bbox: 0.0537  s1.loss_mask: 0.0930  s2.loss_cls: 0.0095  s2.acc: 93.1250  s2.loss_bbox: 0.0425  s2.loss_mask: 0.0464
2024/01/14 23:43:41 - mmengine - INFO - Epoch(train) [15][ 750/1713]  lr: 2.0000e-04  eta: 0:37:58  time: 0.2444  data_time: 0.0069  memory: 2504  loss: 0.5497  loss_rpn_cls: 0.0067  loss_rpn_bbox: 0.0075  s0.loss_cls: 0.0600  s0.acc: 98.4375  s0.loss_bbox: 0.0533  s0.loss_mask: 0.1696  s1.loss_cls: 0.0214  s1.acc: 98.3607  s1.loss_bbox: 0.0533  s1.loss_mask: 0.0877  s2.loss_cls: 0.0104  s2.acc: 98.7526  s2.loss_bbox: 0.0361  s2.loss_mask: 0.0437
2024/01/14 23:43:53 - mmengine - INFO - Epoch(train) [15][ 800/1713]  lr: 2.0000e-04  eta: 0:37:47  time: 0.2391  data_time: 0.0070  memory: 2505  loss: 0.6077  loss_rpn_cls: 0.0061  loss_rpn_bbox: 0.0103  s0.loss_cls: 0.0553  s0.acc: 98.6328  s0.loss_bbox: 0.0626  s0.loss_mask: 0.1960  s1.loss_cls: 0.0209  s1.acc: 99.8047  s1.loss_bbox: 0.0574  s1.loss_mask: 0.0986  s2.loss_cls: 0.0103  s2.acc: 99.6094  s2.loss_bbox: 0.0425  s2.loss_mask: 0.0477
2024/01/14 23:44:05 - mmengine - INFO - Epoch(train) [15][ 850/1713]  lr: 2.0000e-04  eta: 0:37:35  time: 0.2421  data_time: 0.0074  memory: 2507  loss: 0.6566  loss_rpn_cls: 0.0060  loss_rpn_bbox: 0.0117  s0.loss_cls: 0.0691  s0.acc: 98.6328  s0.loss_bbox: 0.0678  s0.loss_mask: 0.1997  s1.loss_cls: 0.0230  s1.acc: 98.5170  s1.loss_bbox: 0.0644  s1.loss_mask: 0.1036  s2.loss_cls: 0.0126  s2.acc: 99.1189  s2.loss_bbox: 0.0486  s2.loss_mask: 0.0501
2024/01/14 23:44:17 - mmengine - INFO - Epoch(train) [15][ 900/1713]  lr: 2.0000e-04  eta: 0:37:23  time: 0.2352  data_time: 0.0068  memory: 2478  loss: 0.5769  loss_rpn_cls: 0.0048  loss_rpn_bbox: 0.0093  s0.loss_cls: 0.0588  s0.acc: 98.4375  s0.loss_bbox: 0.0546  s0.loss_mask: 0.1816  s1.loss_cls: 0.0185  s1.acc: 98.5477  s1.loss_bbox: 0.0553  s1.loss_mask: 0.0947  s2.loss_cls: 0.0098  s2.acc: 98.9154  s2.loss_bbox: 0.0428  s2.loss_mask: 0.0467
2024/01/14 23:44:29 - mmengine - INFO - Epoch(train) [15][ 950/1713]  lr: 2.0000e-04  eta: 0:37:11  time: 0.2408  data_time: 0.0073  memory: 2507  loss: 0.6284  loss_rpn_cls: 0.0056  loss_rpn_bbox: 0.0138  s0.loss_cls: 0.0705  s0.acc: 92.5781  s0.loss_bbox: 0.0676  s0.loss_mask: 0.1839  s1.loss_cls: 0.0259  s1.acc: 86.9748  s1.loss_bbox: 0.0614  s1.loss_mask: 0.0953  s2.loss_cls: 0.0137  s2.acc: 84.4978  s2.loss_bbox: 0.0440  s2.loss_mask: 0.0468
2024/01/14 23:44:41 - mmengine - INFO - Epoch(train) [15][1000/1713]  lr: 2.0000e-04  eta: 0:36:59  time: 0.2500  data_time: 0.0074  memory: 2507  loss: 0.5642  loss_rpn_cls: 0.0050  loss_rpn_bbox: 0.0102  s0.loss_cls: 0.0656  s0.acc: 92.7734  s0.loss_bbox: 0.0551  s0.loss_mask: 0.1689  s1.loss_cls: 0.0233  s1.acc: 97.3451  s1.loss_bbox: 0.0526  s1.loss_mask: 0.0891  s2.loss_cls: 0.0107  s2.acc: 96.3470  s2.loss_bbox: 0.0383  s2.loss_mask: 0.0453
2024/01/14 23:44:46 - mmengine - INFO - Exp name: instance_20240114_220316
2024/01/14 23:44:53 - mmengine - INFO - Epoch(train) [15][1050/1713]  lr: 2.0000e-04  eta: 0:36:47  time: 0.2347  data_time: 0.0066  memory: 2503  loss: 0.5512  loss_rpn_cls: 0.0060  loss_rpn_bbox: 0.0087  s0.loss_cls: 0.0617  s0.acc: 97.8516  s0.loss_bbox: 0.0560  s0.loss_mask: 0.1708  s1.loss_cls: 0.0194  s1.acc: 99.2188  s1.loss_bbox: 0.0497  s1.loss_mask: 0.0875  s2.loss_cls: 0.0099  s2.acc: 99.2188  s2.loss_bbox: 0.0378  s2.loss_mask: 0.0435
2024/01/14 23:45:05 - mmengine - INFO - Epoch(train) [15][1100/1713]  lr: 2.0000e-04  eta: 0:36:35  time: 0.2473  data_time: 0.0078  memory: 2504  loss: 0.6204  loss_rpn_cls: 0.0054  loss_rpn_bbox: 0.0117  s0.loss_cls: 0.0669  s0.acc: 97.4609  s0.loss_bbox: 0.0600  s0.loss_mask: 0.1836  s1.loss_cls: 0.0237  s1.acc: 99.2188  s1.loss_bbox: 0.0614  s1.loss_mask: 0.0970  s2.loss_cls: 0.0120  s2.acc: 99.4141  s2.loss_bbox: 0.0507  s2.loss_mask: 0.0481
2024/01/14 23:45:17 - mmengine - INFO - Epoch(train) [15][1150/1713]  lr: 2.0000e-04  eta: 0:36:23  time: 0.2407  data_time: 0.0068  memory: 2504  loss: 0.5429  loss_rpn_cls: 0.0040  loss_rpn_bbox: 0.0085  s0.loss_cls: 0.0596  s0.acc: 98.8281  s0.loss_bbox: 0.0492  s0.loss_mask: 0.1703  s1.loss_cls: 0.0192  s1.acc: 99.4141  s1.loss_bbox: 0.0497  s1.loss_mask: 0.0901  s2.loss_cls: 0.0086  s2.acc: 99.8047  s2.loss_bbox: 0.0382  s2.loss_mask: 0.0456
2024/01/14 23:45:30 - mmengine - INFO - Epoch(train) [15][1200/1713]  lr: 2.0000e-04  eta: 0:36:11  time: 0.2429  data_time: 0.0073  memory: 2507  loss: 0.5487  loss_rpn_cls: 0.0055  loss_rpn_bbox: 0.0093  s0.loss_cls: 0.0626  s0.acc: 96.8750  s0.loss_bbox: 0.0477  s0.loss_mask: 0.1688  s1.loss_cls: 0.0199  s1.acc: 97.9592  s1.loss_bbox: 0.0508  s1.loss_mask: 0.0906  s2.loss_cls: 0.0085  s2.acc: 98.3158  s2.loss_bbox: 0.0396  s2.loss_mask: 0.0455
2024/01/14 23:45:42 - mmengine - INFO - Epoch(train) [15][1250/1713]  lr: 2.0000e-04  eta: 0:35:59  time: 0.2432  data_time: 0.0071  memory: 2507  loss: 0.5778  loss_rpn_cls: 0.0040  loss_rpn_bbox: 0.0112  s0.loss_cls: 0.0639  s0.acc: 98.0469  s0.loss_bbox: 0.0552  s0.loss_mask: 0.1807  s1.loss_cls: 0.0202  s1.acc: 98.8048  s1.loss_bbox: 0.0527  s1.loss_mask: 0.0942  s2.loss_cls: 0.0097  s2.acc: 99.1736  s2.loss_bbox: 0.0388  s2.loss_mask: 0.0472
2024/01/14 23:45:54 - mmengine - INFO - Epoch(train) [15][1300/1713]  lr: 2.0000e-04  eta: 0:35:47  time: 0.2393  data_time: 0.0073  memory: 2505  loss: 0.6027  loss_rpn_cls: 0.0055  loss_rpn_bbox: 0.0109  s0.loss_cls: 0.0668  s0.acc: 95.1172  s0.loss_bbox: 0.0593  s0.loss_mask: 0.1814  s1.loss_cls: 0.0224  s1.acc: 99.0234  s1.loss_bbox: 0.0574  s1.loss_mask: 0.0959  s2.loss_cls: 0.0109  s2.acc: 96.2891  s2.loss_bbox: 0.0449  s2.loss_mask: 0.0472
2024/01/14 23:46:06 - mmengine - INFO - Epoch(train) [15][1350/1713]  lr: 2.0000e-04  eta: 0:35:35  time: 0.2413  data_time: 0.0074  memory: 2505  loss: 0.6307  loss_rpn_cls: 0.0055  loss_rpn_bbox: 0.0107  s0.loss_cls: 0.0707  s0.acc: 97.6562  s0.loss_bbox: 0.0626  s0.loss_mask: 0.1865  s1.loss_cls: 0.0268  s1.acc: 98.5887  s1.loss_bbox: 0.0627  s1.loss_mask: 0.0986  s2.loss_cls: 0.0132  s2.acc: 99.3763  s2.loss_bbox: 0.0451  s2.loss_mask: 0.0485
2024/01/14 23:46:18 - mmengine - INFO - Epoch(train) [15][1400/1713]  lr: 2.0000e-04  eta: 0:35:24  time: 0.2424  data_time: 0.0070  memory: 2506  loss: 0.6548  loss_rpn_cls: 0.0065  loss_rpn_bbox: 0.0135  s0.loss_cls: 0.0656  s0.acc: 96.8750  s0.loss_bbox: 0.0659  s0.loss_mask: 0.1979  s1.loss_cls: 0.0238  s1.acc: 98.9837  s1.loss_bbox: 0.0657  s1.loss_mask: 0.1030  s2.loss_cls: 0.0123  s2.acc: 96.2105  s2.loss_bbox: 0.0499  s2.loss_mask: 0.0508
2024/01/14 23:46:30 - mmengine - INFO - Epoch(train) [15][1450/1713]  lr: 2.0000e-04  eta: 0:35:12  time: 0.2467  data_time: 0.0071  memory: 2499  loss: 0.5966  loss_rpn_cls: 0.0057  loss_rpn_bbox: 0.0098  s0.loss_cls: 0.0624  s0.acc: 95.5078  s0.loss_bbox: 0.0600  s0.loss_mask: 0.1833  s1.loss_cls: 0.0208  s1.acc: 96.8288  s1.loss_bbox: 0.0575  s1.loss_mask: 0.0944  s2.loss_cls: 0.0102  s2.acc: 98.2495  s2.loss_bbox: 0.0456  s2.loss_mask: 0.0470
2024/01/14 23:46:42 - mmengine - INFO - Epoch(train) [15][1500/1713]  lr: 2.0000e-04  eta: 0:35:00  time: 0.2423  data_time: 0.0071  memory: 2507  loss: 0.6085  loss_rpn_cls: 0.0060  loss_rpn_bbox: 0.0121  s0.loss_cls: 0.0655  s0.acc: 98.6328  s0.loss_bbox: 0.0617  s0.loss_mask: 0.1863  s1.loss_cls: 0.0223  s1.acc: 99.4141  s1.loss_bbox: 0.0558  s1.loss_mask: 0.0966  s2.loss_cls: 0.0114  s2.acc: 99.2141  s2.loss_bbox: 0.0437  s2.loss_mask: 0.0471
2024/01/14 23:46:54 - mmengine - INFO - Epoch(train) [15][1550/1713]  lr: 2.0000e-04  eta: 0:34:48  time: 0.2364  data_time: 0.0069  memory: 2506  loss: 0.6248  loss_rpn_cls: 0.0046  loss_rpn_bbox: 0.0114  s0.loss_cls: 0.0645  s0.acc: 95.7031  s0.loss_bbox: 0.0623  s0.loss_mask: 0.1883  s1.loss_cls: 0.0252  s1.acc: 97.9123  s1.loss_bbox: 0.0635  s1.loss_mask: 0.0981  s2.loss_cls: 0.0122  s2.acc: 98.7069  s2.loss_bbox: 0.0469  s2.loss_mask: 0.0480
2024/01/14 23:47:06 - mmengine - INFO - Epoch(train) [15][1600/1713]  lr: 2.0000e-04  eta: 0:34:36  time: 0.2449  data_time: 0.0069  memory: 2505  loss: 0.5652  loss_rpn_cls: 0.0058  loss_rpn_bbox: 0.0080  s0.loss_cls: 0.0656  s0.acc: 98.6328  s0.loss_bbox: 0.0547  s0.loss_mask: 0.1714  s1.loss_cls: 0.0249  s1.acc: 99.0196  s1.loss_bbox: 0.0508  s1.loss_mask: 0.0900  s2.loss_cls: 0.0103  s2.acc: 99.5876  s2.loss_bbox: 0.0386  s2.loss_mask: 0.0451
2024/01/14 23:47:18 - mmengine - INFO - Epoch(train) [15][1650/1713]  lr: 2.0000e-04  eta: 0:34:24  time: 0.2388  data_time: 0.0071  memory: 2501  loss: 0.6128  loss_rpn_cls: 0.0059  loss_rpn_bbox: 0.0091  s0.loss_cls: 0.0609  s0.acc: 97.6562  s0.loss_bbox: 0.0628  s0.loss_mask: 0.1885  s1.loss_cls: 0.0215  s1.acc: 98.9858  s1.loss_bbox: 0.0614  s1.loss_mask: 0.0988  s2.loss_cls: 0.0111  s2.acc: 98.7179  s2.loss_bbox: 0.0449  s2.loss_mask: 0.0478
2024/01/14 23:47:30 - mmengine - INFO - Epoch(train) [15][1700/1713]  lr: 2.0000e-04  eta: 0:34:12  time: 0.2382  data_time: 0.0070  memory: 2507  loss: 0.6014  loss_rpn_cls: 0.0051  loss_rpn_bbox: 0.0103  s0.loss_cls: 0.0700  s0.acc: 96.2891  s0.loss_bbox: 0.0568  s0.loss_mask: 0.1790  s1.loss_cls: 0.0239  s1.acc: 96.7603  s1.loss_bbox: 0.0589  s1.loss_mask: 0.0936  s2.loss_cls: 0.0113  s2.acc: 98.1265  s2.loss_bbox: 0.0458  s2.loss_mask: 0.0467
2024/01/14 23:47:33 - mmengine - INFO - Exp name: instance_20240114_220316
2024/01/14 23:47:37 - mmengine - INFO - Epoch(val) [15][50/71]    eta: 0:00:01  time: 0.0774  data_time: 0.0069  memory: 2503  
2024/01/14 23:47:39 - mmengine - INFO - Evaluating bbox...
2024/01/14 23:47:39 - mmengine - INFO - bbox_mAP_copypaste: 0.669 0.934 0.781 0.616 0.737 -1.000
2024/01/14 23:47:39 - mmengine - INFO - Epoch(val) [15][71/71]    coco/bbox_mAP: 0.6690  coco/bbox_mAP_50: 0.9340  coco/bbox_mAP_75: 0.7810  coco/bbox_mAP_s: 0.6160  coco/bbox_mAP_m: 0.7370  coco/bbox_mAP_l: -1.0000  data_time: 0.0065  time: 0.0761
2024/01/14 23:47:51 - mmengine - INFO - Epoch(train) [16][  50/1713]  lr: 2.0000e-04  eta: 0:33:57  time: 0.2411  data_time: 0.0078  memory: 2506  loss: 0.5929  loss_rpn_cls: 0.0047  loss_rpn_bbox: 0.0100  s0.loss_cls: 0.0625  s0.acc: 96.4844  s0.loss_bbox: 0.0563  s0.loss_mask: 0.1837  s1.loss_cls: 0.0193  s1.acc: 98.0469  s1.loss_bbox: 0.0568  s1.loss_mask: 0.0967  s2.loss_cls: 0.0102  s2.acc: 97.5904  s2.loss_bbox: 0.0444  s2.loss_mask: 0.0484
2024/01/14 23:48:03 - mmengine - INFO - Epoch(train) [16][ 100/1713]  lr: 2.0000e-04  eta: 0:33:45  time: 0.2467  data_time: 0.0069  memory: 2507  loss: 0.5817  loss_rpn_cls: 0.0057  loss_rpn_bbox: 0.0098  s0.loss_cls: 0.0637  s0.acc: 97.4609  s0.loss_bbox: 0.0605  s0.loss_mask: 0.1772  s1.loss_cls: 0.0211  s1.acc: 99.7921  s1.loss_bbox: 0.0563  s1.loss_mask: 0.0920  s2.loss_cls: 0.0105  s2.acc: 99.7831  s2.loss_bbox: 0.0398  s2.loss_mask: 0.0452
2024/01/14 23:48:15 - mmengine - INFO - Epoch(train) [16][ 150/1713]  lr: 2.0000e-04  eta: 0:33:33  time: 0.2405  data_time: 0.0073  memory: 2504  loss: 0.5798  loss_rpn_cls: 0.0044  loss_rpn_bbox: 0.0102  s0.loss_cls: 0.0586  s0.acc: 99.2188  s0.loss_bbox: 0.0549  s0.loss_mask: 0.1769  s1.loss_cls: 0.0199  s1.acc: 99.6094  s1.loss_bbox: 0.0580  s1.loss_mask: 0.0943  s2.loss_cls: 0.0109  s2.acc: 99.4129  s2.loss_bbox: 0.0449  s2.loss_mask: 0.0469
2024/01/14 23:48:27 - mmengine - INFO - Epoch(train) [16][ 200/1713]  lr: 2.0000e-04  eta: 0:33:21  time: 0.2429  data_time: 0.0073  memory: 2503  loss: 0.6043  loss_rpn_cls: 0.0057  loss_rpn_bbox: 0.0097  s0.loss_cls: 0.0707  s0.acc: 97.0703  s0.loss_bbox: 0.0600  s0.loss_mask: 0.1780  s1.loss_cls: 0.0244  s1.acc: 99.4141  s1.loss_bbox: 0.0605  s1.loss_mask: 0.0933  s2.loss_cls: 0.0115  s2.acc: 99.1936  s2.loss_bbox: 0.0446  s2.loss_mask: 0.0459
2024/01/14 23:48:39 - mmengine - INFO - Epoch(train) [16][ 250/1713]  lr: 2.0000e-04  eta: 0:33:09  time: 0.2352  data_time: 0.0068  memory: 2504  loss: 0.5564  loss_rpn_cls: 0.0039  loss_rpn_bbox: 0.0086  s0.loss_cls: 0.0585  s0.acc: 97.0703  s0.loss_bbox: 0.0537  s0.loss_mask: 0.1760  s1.loss_cls: 0.0191  s1.acc: 98.0469  s1.loss_bbox: 0.0487  s1.loss_mask: 0.0935  s2.loss_cls: 0.0090  s2.acc: 97.0472  s2.loss_bbox: 0.0384  s2.loss_mask: 0.0470
2024/01/14 23:48:51 - mmengine - INFO - Epoch(train) [16][ 300/1713]  lr: 2.0000e-04  eta: 0:32:57  time: 0.2357  data_time: 0.0068  memory: 2503  loss: 0.5731  loss_rpn_cls: 0.0061  loss_rpn_bbox: 0.0091  s0.loss_cls: 0.0605  s0.acc: 97.6562  s0.loss_bbox: 0.0557  s0.loss_mask: 0.1767  s1.loss_cls: 0.0201  s1.acc: 96.4844  s1.loss_bbox: 0.0544  s1.loss_mask: 0.0940  s2.loss_cls: 0.0103  s2.acc: 96.0938  s2.loss_bbox: 0.0401  s2.loss_mask: 0.0462
2024/01/14 23:48:52 - mmengine - INFO - Exp name: instance_20240114_220316
2024/01/14 23:49:03 - mmengine - INFO - Epoch(train) [16][ 350/1713]  lr: 2.0000e-04  eta: 0:32:45  time: 0.2463  data_time: 0.0076  memory: 2504  loss: 0.6039  loss_rpn_cls: 0.0071  loss_rpn_bbox: 0.0117  s0.loss_cls: 0.0648  s0.acc: 93.7500  s0.loss_bbox: 0.0586  s0.loss_mask: 0.1828  s1.loss_cls: 0.0216  s1.acc: 94.4086  s1.loss_bbox: 0.0583  s1.loss_mask: 0.0954  s2.loss_cls: 0.0115  s2.acc: 95.7684  s2.loss_bbox: 0.0447  s2.loss_mask: 0.0473
2024/01/14 23:49:15 - mmengine - INFO - Epoch(train) [16][ 400/1713]  lr: 2.0000e-04  eta: 0:32:33  time: 0.2418  data_time: 0.0072  memory: 2504  loss: 0.5844  loss_rpn_cls: 0.0058  loss_rpn_bbox: 0.0097  s0.loss_cls: 0.0649  s0.acc: 97.6562  s0.loss_bbox: 0.0554  s0.loss_mask: 0.1768  s1.loss_cls: 0.0225  s1.acc: 98.1367  s1.loss_bbox: 0.0546  s1.loss_mask: 0.0946  s2.loss_cls: 0.0113  s2.acc: 99.1266  s2.loss_bbox: 0.0415  s2.loss_mask: 0.0471
2024/01/14 23:49:27 - mmengine - INFO - Epoch(train) [16][ 450/1713]  lr: 2.0000e-04  eta: 0:32:21  time: 0.2379  data_time: 0.0069  memory: 2502  loss: 0.5557  loss_rpn_cls: 0.0039  loss_rpn_bbox: 0.0099  s0.loss_cls: 0.0558  s0.acc: 98.8281  s0.loss_bbox: 0.0529  s0.loss_mask: 0.1758  s1.loss_cls: 0.0174  s1.acc: 99.4141  s1.loss_bbox: 0.0512  s1.loss_mask: 0.0932  s2.loss_cls: 0.0094  s2.acc: 99.6055  s2.loss_bbox: 0.0392  s2.loss_mask: 0.0470
2024/01/14 23:49:39 - mmengine - INFO - Epoch(train) [16][ 500/1713]  lr: 2.0000e-04  eta: 0:32:09  time: 0.2358  data_time: 0.0071  memory: 2507  loss: 0.6010  loss_rpn_cls: 0.0051  loss_rpn_bbox: 0.0085  s0.loss_cls: 0.0637  s0.acc: 99.4141  s0.loss_bbox: 0.0612  s0.loss_mask: 0.1838  s1.loss_cls: 0.0228  s1.acc: 99.8047  s1.loss_bbox: 0.0604  s1.loss_mask: 0.0957  s2.loss_cls: 0.0111  s2.acc: 100.0000  s2.loss_bbox: 0.0421  s2.loss_mask: 0.0466
2024/01/14 23:49:51 - mmengine - INFO - Epoch(train) [16][ 550/1713]  lr: 2.0000e-04  eta: 0:31:57  time: 0.2380  data_time: 0.0067  memory: 2506  loss: 0.5427  loss_rpn_cls: 0.0048  loss_rpn_bbox: 0.0087  s0.loss_cls: 0.0582  s0.acc: 98.6328  s0.loss_bbox: 0.0544  s0.loss_mask: 0.1703  s1.loss_cls: 0.0181  s1.acc: 99.3562  s1.loss_bbox: 0.0503  s1.loss_mask: 0.0891  s2.loss_cls: 0.0095  s2.acc: 99.5575  s2.loss_bbox: 0.0352  s2.loss_mask: 0.0441
2024/01/14 23:50:04 - mmengine - INFO - Epoch(train) [16][ 600/1713]  lr: 2.0000e-04  eta: 0:31:46  time: 0.2554  data_time: 0.0075  memory: 2507  loss: 0.6130  loss_rpn_cls: 0.0059  loss_rpn_bbox: 0.0109  s0.loss_cls: 0.0683  s0.acc: 96.6797  s0.loss_bbox: 0.0635  s0.loss_mask: 0.1780  s1.loss_cls: 0.0245  s1.acc: 98.7976  s1.loss_bbox: 0.0642  s1.loss_mask: 0.0931  s2.loss_cls: 0.0121  s2.acc: 98.5386  s2.loss_bbox: 0.0464  s2.loss_mask: 0.0462
2024/01/14 23:50:16 - mmengine - INFO - Epoch(train) [16][ 650/1713]  lr: 2.0000e-04  eta: 0:31:34  time: 0.2433  data_time: 0.0071  memory: 2505  loss: 0.5928  loss_rpn_cls: 0.0040  loss_rpn_bbox: 0.0086  s0.loss_cls: 0.0606  s0.acc: 99.6094  s0.loss_bbox: 0.0589  s0.loss_mask: 0.1799  s1.loss_cls: 0.0211  s1.acc: 98.6328  s1.loss_bbox: 0.0603  s1.loss_mask: 0.0951  s2.loss_cls: 0.0112  s2.acc: 98.6328  s2.loss_bbox: 0.0455  s2.loss_mask: 0.0476
2024/01/14 23:50:28 - mmengine - INFO - Epoch(train) [16][ 700/1713]  lr: 2.0000e-04  eta: 0:31:22  time: 0.2337  data_time: 0.0068  memory: 2506  loss: 0.5904  loss_rpn_cls: 0.0058  loss_rpn_bbox: 0.0100  s0.loss_cls: 0.0587  s0.acc: 96.4844  s0.loss_bbox: 0.0567  s0.loss_mask: 0.1892  s1.loss_cls: 0.0209  s1.acc: 98.6328  s1.loss_bbox: 0.0548  s1.loss_mask: 0.0968  s2.loss_cls: 0.0113  s2.acc: 99.2141  s2.loss_bbox: 0.0389  s2.loss_mask: 0.0473
2024/01/14 23:50:40 - mmengine - INFO - Epoch(train) [16][ 750/1713]  lr: 2.0000e-04  eta: 0:31:10  time: 0.2442  data_time: 0.0068  memory: 2507  loss: 0.5596  loss_rpn_cls: 0.0050  loss_rpn_bbox: 0.0084  s0.loss_cls: 0.0615  s0.acc: 98.6328  s0.loss_bbox: 0.0548  s0.loss_mask: 0.1729  s1.loss_cls: 0.0195  s1.acc: 99.1919  s1.loss_bbox: 0.0505  s1.loss_mask: 0.0916  s2.loss_cls: 0.0096  s2.acc: 99.5876  s2.loss_bbox: 0.0396  s2.loss_mask: 0.0461
2024/01/14 23:50:52 - mmengine - INFO - Epoch(train) [16][ 800/1713]  lr: 2.0000e-04  eta: 0:30:58  time: 0.2413  data_time: 0.0073  memory: 2504  loss: 0.5995  loss_rpn_cls: 0.0054  loss_rpn_bbox: 0.0097  s0.loss_cls: 0.0620  s0.acc: 94.3359  s0.loss_bbox: 0.0582  s0.loss_mask: 0.1853  s1.loss_cls: 0.0228  s1.acc: 96.6960  s1.loss_bbox: 0.0577  s1.loss_mask: 0.0950  s2.loss_cls: 0.0117  s2.acc: 96.7517  s2.loss_bbox: 0.0444  s2.loss_mask: 0.0474
2024/01/14 23:51:04 - mmengine - INFO - Epoch(train) [16][ 850/1713]  lr: 2.0000e-04  eta: 0:30:46  time: 0.2436  data_time: 0.0070  memory: 2505  loss: 0.6252  loss_rpn_cls: 0.0049  loss_rpn_bbox: 0.0098  s0.loss_cls: 0.0636  s0.acc: 96.8750  s0.loss_bbox: 0.0659  s0.loss_mask: 0.1940  s1.loss_cls: 0.0213  s1.acc: 98.4000  s1.loss_bbox: 0.0599  s1.loss_mask: 0.1008  s2.loss_cls: 0.0106  s2.acc: 99.7930  s2.loss_bbox: 0.0447  s2.loss_mask: 0.0497
2024/01/14 23:51:16 - mmengine - INFO - Epoch(train) [16][ 900/1713]  lr: 2.0000e-04  eta: 0:30:34  time: 0.2454  data_time: 0.0071  memory: 2505  loss: 0.5971  loss_rpn_cls: 0.0061  loss_rpn_bbox: 0.0092  s0.loss_cls: 0.0655  s0.acc: 98.0469  s0.loss_bbox: 0.0635  s0.loss_mask: 0.1831  s1.loss_cls: 0.0207  s1.acc: 99.2188  s1.loss_bbox: 0.0576  s1.loss_mask: 0.0947  s2.loss_cls: 0.0108  s2.acc: 99.1984  s2.loss_bbox: 0.0406  s2.loss_mask: 0.0454
2024/01/14 23:51:29 - mmengine - INFO - Epoch(train) [16][ 950/1713]  lr: 2.0000e-04  eta: 0:30:22  time: 0.2481  data_time: 0.0075  memory: 2506  loss: 0.6032  loss_rpn_cls: 0.0053  loss_rpn_bbox: 0.0106  s0.loss_cls: 0.0639  s0.acc: 93.7500  s0.loss_bbox: 0.0572  s0.loss_mask: 0.1866  s1.loss_cls: 0.0205  s1.acc: 94.3359  s1.loss_bbox: 0.0577  s1.loss_mask: 0.0967  s2.loss_cls: 0.0100  s2.acc: 96.0938  s2.loss_bbox: 0.0462  s2.loss_mask: 0.0485
2024/01/14 23:51:41 - mmengine - INFO - Epoch(train) [16][1000/1713]  lr: 2.0000e-04  eta: 0:30:10  time: 0.2397  data_time: 0.0073  memory: 2503  loss: 0.6189  loss_rpn_cls: 0.0051  loss_rpn_bbox: 0.0101  s0.loss_cls: 0.0713  s0.acc: 98.6328  s0.loss_bbox: 0.0619  s0.loss_mask: 0.1796  s1.loss_cls: 0.0294  s1.acc: 98.4375  s1.loss_bbox: 0.0601  s1.loss_mask: 0.0956  s2.loss_cls: 0.0142  s2.acc: 98.6328  s2.loss_bbox: 0.0444  s2.loss_mask: 0.0472
2024/01/14 23:51:53 - mmengine - INFO - Epoch(train) [16][1050/1713]  lr: 2.0000e-04  eta: 0:29:58  time: 0.2389  data_time: 0.0067  memory: 2506  loss: 0.5809  loss_rpn_cls: 0.0066  loss_rpn_bbox: 0.0103  s0.loss_cls: 0.0626  s0.acc: 97.4609  s0.loss_bbox: 0.0540  s0.loss_mask: 0.1802  s1.loss_cls: 0.0225  s1.acc: 98.1707  s1.loss_bbox: 0.0521  s1.loss_mask: 0.0947  s2.loss_cls: 0.0106  s2.acc: 99.1597  s2.loss_bbox: 0.0397  s2.loss_mask: 0.0475
2024/01/14 23:52:05 - mmengine - INFO - Epoch(train) [16][1100/1713]  lr: 2.0000e-04  eta: 0:29:46  time: 0.2420  data_time: 0.0072  memory: 2507  loss: 0.6107  loss_rpn_cls: 0.0059  loss_rpn_bbox: 0.0106  s0.loss_cls: 0.0659  s0.acc: 98.2422  s0.loss_bbox: 0.0624  s0.loss_mask: 0.1853  s1.loss_cls: 0.0230  s1.acc: 99.6094  s1.loss_bbox: 0.0601  s1.loss_mask: 0.0954  s2.loss_cls: 0.0114  s2.acc: 99.8047  s2.loss_bbox: 0.0436  s2.loss_mask: 0.0470
2024/01/14 23:52:17 - mmengine - INFO - Epoch(train) [16][1150/1713]  lr: 2.0000e-04  eta: 0:29:35  time: 0.2497  data_time: 0.0075  memory: 2507  loss: 0.6565  loss_rpn_cls: 0.0059  loss_rpn_bbox: 0.0124  s0.loss_cls: 0.0721  s0.acc: 97.0703  s0.loss_bbox: 0.0717  s0.loss_mask: 0.1932  s1.loss_cls: 0.0260  s1.acc: 98.7041  s1.loss_bbox: 0.0666  s1.loss_mask: 0.0981  s2.loss_cls: 0.0130  s2.acc: 97.4419  s2.loss_bbox: 0.0490  s2.loss_mask: 0.0484
2024/01/14 23:52:29 - mmengine - INFO - Epoch(train) [16][1200/1713]  lr: 2.0000e-04  eta: 0:29:23  time: 0.2423  data_time: 0.0072  memory: 2507  loss: 0.6403  loss_rpn_cls: 0.0060  loss_rpn_bbox: 0.0124  s0.loss_cls: 0.0649  s0.acc: 99.8047  s0.loss_bbox: 0.0675  s0.loss_mask: 0.1919  s1.loss_cls: 0.0223  s1.acc: 98.8281  s1.loss_bbox: 0.0661  s1.loss_mask: 0.1000  s2.loss_cls: 0.0115  s2.acc: 99.8047  s2.loss_bbox: 0.0487  s2.loss_mask: 0.0489
2024/01/14 23:52:42 - mmengine - INFO - Epoch(train) [16][1250/1713]  lr: 2.0000e-04  eta: 0:29:11  time: 0.2453  data_time: 0.0071  memory: 2505  loss: 0.6281  loss_rpn_cls: 0.0054  loss_rpn_bbox: 0.0104  s0.loss_cls: 0.0618  s0.acc: 99.8047  s0.loss_bbox: 0.0649  s0.loss_mask: 0.1912  s1.loss_cls: 0.0205  s1.acc: 99.4141  s1.loss_bbox: 0.0643  s1.loss_mask: 0.0992  s2.loss_cls: 0.0116  s2.acc: 99.4141  s2.loss_bbox: 0.0492  s2.loss_mask: 0.0495
2024/01/14 23:52:54 - mmengine - INFO - Epoch(train) [16][1300/1713]  lr: 2.0000e-04  eta: 0:28:59  time: 0.2456  data_time: 0.0074  memory: 2503  loss: 0.6248  loss_rpn_cls: 0.0045  loss_rpn_bbox: 0.0111  s0.loss_cls: 0.0602  s0.acc: 97.0703  s0.loss_bbox: 0.0659  s0.loss_mask: 0.1930  s1.loss_cls: 0.0213  s1.acc: 97.3737  s1.loss_bbox: 0.0644  s1.loss_mask: 0.0991  s2.loss_cls: 0.0112  s2.acc: 98.5447  s2.loss_bbox: 0.0452  s2.loss_mask: 0.0489
2024/01/14 23:52:55 - mmengine - INFO - Exp name: instance_20240114_220316
2024/01/14 23:53:06 - mmengine - INFO - Epoch(train) [16][1350/1713]  lr: 2.0000e-04  eta: 0:28:47  time: 0.2421  data_time: 0.0069  memory: 2506  loss: 0.6021  loss_rpn_cls: 0.0058  loss_rpn_bbox: 0.0106  s0.loss_cls: 0.0673  s0.acc: 97.2656  s0.loss_bbox: 0.0607  s0.loss_mask: 0.1813  s1.loss_cls: 0.0224  s1.acc: 98.3015  s1.loss_bbox: 0.0559  s1.loss_mask: 0.0972  s2.loss_cls: 0.0106  s2.acc: 98.9059  s2.loss_bbox: 0.0420  s2.loss_mask: 0.0484
2024/01/14 23:53:19 - mmengine - INFO - Epoch(train) [16][1400/1713]  lr: 2.0000e-04  eta: 0:28:35  time: 0.2523  data_time: 0.0078  memory: 2505  loss: 0.6323  loss_rpn_cls: 0.0057  loss_rpn_bbox: 0.0119  s0.loss_cls: 0.0681  s0.acc: 97.4609  s0.loss_bbox: 0.0675  s0.loss_mask: 0.1899  s1.loss_cls: 0.0232  s1.acc: 97.3913  s1.loss_bbox: 0.0634  s1.loss_mask: 0.0977  s2.loss_cls: 0.0113  s2.acc: 97.2477  s2.loss_bbox: 0.0464  s2.loss_mask: 0.0473
2024/01/14 23:53:31 - mmengine - INFO - Epoch(train) [16][1450/1713]  lr: 2.0000e-04  eta: 0:28:23  time: 0.2410  data_time: 0.0077  memory: 2507  loss: 0.6172  loss_rpn_cls: 0.0060  loss_rpn_bbox: 0.0103  s0.loss_cls: 0.0700  s0.acc: 98.4375  s0.loss_bbox: 0.0624  s0.loss_mask: 0.1834  s1.loss_cls: 0.0252  s1.acc: 98.4375  s1.loss_bbox: 0.0606  s1.loss_mask: 0.0958  s2.loss_cls: 0.0137  s2.acc: 98.0469  s2.loss_bbox: 0.0430  s2.loss_mask: 0.0468
2024/01/14 23:53:43 - mmengine - INFO - Epoch(train) [16][1500/1713]  lr: 2.0000e-04  eta: 0:28:11  time: 0.2405  data_time: 0.0071  memory: 2506  loss: 0.5490  loss_rpn_cls: 0.0048  loss_rpn_bbox: 0.0086  s0.loss_cls: 0.0611  s0.acc: 97.0703  s0.loss_bbox: 0.0498  s0.loss_mask: 0.1735  s1.loss_cls: 0.0189  s1.acc: 98.4783  s1.loss_bbox: 0.0476  s1.loss_mask: 0.0925  s2.loss_cls: 0.0089  s2.acc: 98.3908  s2.loss_bbox: 0.0375  s2.loss_mask: 0.0457
2024/01/14 23:53:55 - mmengine - INFO - Epoch(train) [16][1550/1713]  lr: 2.0000e-04  eta: 0:27:59  time: 0.2441  data_time: 0.0069  memory: 2503  loss: 0.5571  loss_rpn_cls: 0.0050  loss_rpn_bbox: 0.0107  s0.loss_cls: 0.0616  s0.acc: 96.2891  s0.loss_bbox: 0.0557  s0.loss_mask: 0.1679  s1.loss_cls: 0.0199  s1.acc: 98.2906  s1.loss_bbox: 0.0534  s1.loss_mask: 0.0882  s2.loss_cls: 0.0098  s2.acc: 98.1941  s2.loss_bbox: 0.0407  s2.loss_mask: 0.0440
2024/01/14 23:54:07 - mmengine - INFO - Epoch(train) [16][1600/1713]  lr: 2.0000e-04  eta: 0:27:47  time: 0.2402  data_time: 0.0069  memory: 2505  loss: 0.5499  loss_rpn_cls: 0.0049  loss_rpn_bbox: 0.0089  s0.loss_cls: 0.0592  s0.acc: 97.0703  s0.loss_bbox: 0.0543  s0.loss_mask: 0.1669  s1.loss_cls: 0.0201  s1.acc: 97.0772  s1.loss_bbox: 0.0546  s1.loss_mask: 0.0888  s2.loss_cls: 0.0090  s2.acc: 96.5957  s2.loss_bbox: 0.0396  s2.loss_mask: 0.0438
2024/01/14 23:54:19 - mmengine - INFO - Epoch(train) [16][1650/1713]  lr: 2.0000e-04  eta: 0:27:35  time: 0.2308  data_time: 0.0070  memory: 2505  loss: 0.5934  loss_rpn_cls: 0.0062  loss_rpn_bbox: 0.0112  s0.loss_cls: 0.0567  s0.acc: 95.8984  s0.loss_bbox: 0.0560  s0.loss_mask: 0.1851  s1.loss_cls: 0.0218  s1.acc: 97.8308  s1.loss_bbox: 0.0568  s1.loss_mask: 0.0976  s2.loss_cls: 0.0115  s2.acc: 97.2665  s2.loss_bbox: 0.0426  s2.loss_mask: 0.0481
2024/01/14 23:54:31 - mmengine - INFO - Epoch(train) [16][1700/1713]  lr: 2.0000e-04  eta: 0:27:23  time: 0.2426  data_time: 0.0069  memory: 2503  loss: 0.5884  loss_rpn_cls: 0.0051  loss_rpn_bbox: 0.0106  s0.loss_cls: 0.0566  s0.acc: 99.6094  s0.loss_bbox: 0.0561  s0.loss_mask: 0.1880  s1.loss_cls: 0.0184  s1.acc: 99.8047  s1.loss_bbox: 0.0562  s1.loss_mask: 0.0970  s2.loss_cls: 0.0092  s2.acc: 100.0000  s2.loss_bbox: 0.0430  s2.loss_mask: 0.0482
2024/01/14 23:54:34 - mmengine - INFO - Exp name: instance_20240114_220316
2024/01/14 23:54:38 - mmengine - INFO - Epoch(val) [16][50/71]    eta: 0:00:01  time: 0.0841  data_time: 0.0093  memory: 2501  
2024/01/14 23:54:40 - mmengine - INFO - Evaluating bbox...
2024/01/14 23:54:40 - mmengine - INFO - bbox_mAP_copypaste: 0.671 0.934 0.789 0.618 0.739 -1.000
2024/01/14 23:54:40 - mmengine - INFO - Epoch(val) [16][71/71]    coco/bbox_mAP: 0.6710  coco/bbox_mAP_50: 0.9340  coco/bbox_mAP_75: 0.7890  coco/bbox_mAP_s: 0.6180  coco/bbox_mAP_m: 0.7390  coco/bbox_mAP_l: -1.0000  data_time: 0.0083  time: 0.0825
2024/01/14 23:54:40 - mmengine - INFO - The previous best checkpoint /home/hasnatpie/thesis01/results_default20/best_coco_bbox_mAP_epoch_11.pth is removed
2024/01/14 23:54:41 - mmengine - INFO - The best checkpoint with 0.6710 coco/bbox_mAP at 16 epoch is saved to best_coco_bbox_mAP_epoch_16.pth.
2024/01/14 23:54:53 - mmengine - INFO - Epoch(train) [17][  50/1713]  lr: 2.0000e-04  eta: 0:27:08  time: 0.2351  data_time: 0.0077  memory: 2507  loss: 0.5875  loss_rpn_cls: 0.0071  loss_rpn_bbox: 0.0097  s0.loss_cls: 0.0667  s0.acc: 95.1172  s0.loss_bbox: 0.0556  s0.loss_mask: 0.1785  s1.loss_cls: 0.0221  s1.acc: 96.4361  s1.loss_bbox: 0.0577  s1.loss_mask: 0.0935  s2.loss_cls: 0.0104  s2.acc: 96.3283  s2.loss_bbox: 0.0399  s2.loss_mask: 0.0461
2024/01/14 23:55:05 - mmengine - INFO - Epoch(train) [17][ 100/1713]  lr: 2.0000e-04  eta: 0:26:56  time: 0.2416  data_time: 0.0069  memory: 2505  loss: 0.5632  loss_rpn_cls: 0.0060  loss_rpn_bbox: 0.0098  s0.loss_cls: 0.0620  s0.acc: 97.0703  s0.loss_bbox: 0.0544  s0.loss_mask: 0.1716  s1.loss_cls: 0.0214  s1.acc: 98.7976  s1.loss_bbox: 0.0551  s1.loss_mask: 0.0890  s2.loss_cls: 0.0100  s2.acc: 97.5207  s2.loss_bbox: 0.0394  s2.loss_mask: 0.0445
2024/01/14 23:55:17 - mmengine - INFO - Epoch(train) [17][ 150/1713]  lr: 2.0000e-04  eta: 0:26:44  time: 0.2427  data_time: 0.0077  memory: 2506  loss: 0.6367  loss_rpn_cls: 0.0054  loss_rpn_bbox: 0.0105  s0.loss_cls: 0.0677  s0.acc: 98.0469  s0.loss_bbox: 0.0639  s0.loss_mask: 0.1895  s1.loss_cls: 0.0236  s1.acc: 98.5944  s1.loss_bbox: 0.0660  s1.loss_mask: 0.0995  s2.loss_cls: 0.0127  s2.acc: 98.3298  s2.loss_bbox: 0.0489  s2.loss_mask: 0.0490
2024/01/14 23:55:30 - mmengine - INFO - Epoch(train) [17][ 200/1713]  lr: 2.0000e-04  eta: 0:26:33  time: 0.2519  data_time: 0.0081  memory: 2506  loss: 0.6225  loss_rpn_cls: 0.0061  loss_rpn_bbox: 0.0099  s0.loss_cls: 0.0710  s0.acc: 96.4844  s0.loss_bbox: 0.0621  s0.loss_mask: 0.1881  s1.loss_cls: 0.0259  s1.acc: 97.8516  s1.loss_bbox: 0.0574  s1.loss_mask: 0.0980  s2.loss_cls: 0.0128  s2.acc: 98.8024  s2.loss_bbox: 0.0427  s2.loss_mask: 0.0485
2024/01/14 23:55:42 - mmengine - INFO - Epoch(train) [17][ 250/1713]  lr: 2.0000e-04  eta: 0:26:21  time: 0.2483  data_time: 0.0072  memory: 2507  loss: 0.6293  loss_rpn_cls: 0.0078  loss_rpn_bbox: 0.0109  s0.loss_cls: 0.0659  s0.acc: 97.0703  s0.loss_bbox: 0.0702  s0.loss_mask: 0.1894  s1.loss_cls: 0.0240  s1.acc: 97.7131  s1.loss_bbox: 0.0627  s1.loss_mask: 0.0958  s2.loss_cls: 0.0124  s2.acc: 98.9316  s2.loss_bbox: 0.0436  s2.loss_mask: 0.0466
2024/01/14 23:55:55 - mmengine - INFO - Epoch(train) [17][ 300/1713]  lr: 2.0000e-04  eta: 0:26:09  time: 0.2424  data_time: 0.0075  memory: 2507  loss: 0.5783  loss_rpn_cls: 0.0043  loss_rpn_bbox: 0.0103  s0.loss_cls: 0.0567  s0.acc: 98.0469  s0.loss_bbox: 0.0550  s0.loss_mask: 0.1812  s1.loss_cls: 0.0192  s1.acc: 98.8281  s1.loss_bbox: 0.0557  s1.loss_mask: 0.0957  s2.loss_cls: 0.0096  s2.acc: 99.1968  s2.loss_bbox: 0.0430  s2.loss_mask: 0.0477
2024/01/14 23:56:07 - mmengine - INFO - Epoch(train) [17][ 350/1713]  lr: 2.0000e-04  eta: 0:25:57  time: 0.2414  data_time: 0.0074  memory: 2506  loss: 0.6027  loss_rpn_cls: 0.0061  loss_rpn_bbox: 0.0105  s0.loss_cls: 0.0643  s0.acc: 95.8984  s0.loss_bbox: 0.0601  s0.loss_mask: 0.1801  s1.loss_cls: 0.0231  s1.acc: 98.1633  s1.loss_bbox: 0.0601  s1.loss_mask: 0.0937  s2.loss_cls: 0.0115  s2.acc: 98.5447  s2.loss_bbox: 0.0468  s2.loss_mask: 0.0463
2024/01/14 23:56:19 - mmengine - INFO - Epoch(train) [17][ 400/1713]  lr: 2.0000e-04  eta: 0:25:45  time: 0.2415  data_time: 0.0071  memory: 2493  loss: 0.5915  loss_rpn_cls: 0.0037  loss_rpn_bbox: 0.0104  s0.loss_cls: 0.0616  s0.acc: 97.2656  s0.loss_bbox: 0.0601  s0.loss_mask: 0.1824  s1.loss_cls: 0.0202  s1.acc: 99.1886  s1.loss_bbox: 0.0578  s1.loss_mask: 0.0944  s2.loss_cls: 0.0106  s2.acc: 99.1453  s2.loss_bbox: 0.0438  s2.loss_mask: 0.0465
2024/01/14 23:56:31 - mmengine - INFO - Epoch(train) [17][ 450/1713]  lr: 2.0000e-04  eta: 0:25:33  time: 0.2470  data_time: 0.0077  memory: 2493  loss: 0.5737  loss_rpn_cls: 0.0050  loss_rpn_bbox: 0.0104  s0.loss_cls: 0.0593  s0.acc: 95.7031  s0.loss_bbox: 0.0559  s0.loss_mask: 0.1750  s1.loss_cls: 0.0204  s1.acc: 98.1092  s1.loss_bbox: 0.0548  s1.loss_mask: 0.0919  s2.loss_cls: 0.0109  s2.acc: 98.4649  s2.loss_bbox: 0.0440  s2.loss_mask: 0.0461
2024/01/14 23:56:43 - mmengine - INFO - Epoch(train) [17][ 500/1713]  lr: 2.0000e-04  eta: 0:25:21  time: 0.2411  data_time: 0.0073  memory: 2506  loss: 0.5943  loss_rpn_cls: 0.0049  loss_rpn_bbox: 0.0094  s0.loss_cls: 0.0620  s0.acc: 97.0703  s0.loss_bbox: 0.0567  s0.loss_mask: 0.1847  s1.loss_cls: 0.0229  s1.acc: 98.0089  s1.loss_bbox: 0.0563  s1.loss_mask: 0.0963  s2.loss_cls: 0.0117  s2.acc: 99.3072  s2.loss_bbox: 0.0418  s2.loss_mask: 0.0475
2024/01/14 23:56:55 - mmengine - INFO - Epoch(train) [17][ 550/1713]  lr: 2.0000e-04  eta: 0:25:09  time: 0.2390  data_time: 0.0071  memory: 2507  loss: 0.5615  loss_rpn_cls: 0.0043  loss_rpn_bbox: 0.0083  s0.loss_cls: 0.0650  s0.acc: 95.8984  s0.loss_bbox: 0.0553  s0.loss_mask: 0.1715  s1.loss_cls: 0.0225  s1.acc: 96.4602  s1.loss_bbox: 0.0507  s1.loss_mask: 0.0901  s2.loss_cls: 0.0106  s2.acc: 97.6852  s2.loss_bbox: 0.0384  s2.loss_mask: 0.0448
2024/01/14 23:57:05 - mmengine - INFO - Exp name: instance_20240114_220316
2024/01/14 23:57:07 - mmengine - INFO - Epoch(train) [17][ 600/1713]  lr: 2.0000e-04  eta: 0:24:57  time: 0.2425  data_time: 0.0074  memory: 2506  loss: 0.6160  loss_rpn_cls: 0.0058  loss_rpn_bbox: 0.0106  s0.loss_cls: 0.0619  s0.acc: 97.2656  s0.loss_bbox: 0.0610  s0.loss_mask: 0.1907  s1.loss_cls: 0.0223  s1.acc: 99.0215  s1.loss_bbox: 0.0609  s1.loss_mask: 0.0994  s2.loss_cls: 0.0107  s2.acc: 98.0040  s2.loss_bbox: 0.0436  s2.loss_mask: 0.0490
2024/01/14 23:57:20 - mmengine - INFO - Epoch(train) [17][ 650/1713]  lr: 2.0000e-04  eta: 0:24:45  time: 0.2513  data_time: 0.0077  memory: 2506  loss: 0.6199  loss_rpn_cls: 0.0072  loss_rpn_bbox: 0.0122  s0.loss_cls: 0.0700  s0.acc: 97.8516  s0.loss_bbox: 0.0657  s0.loss_mask: 0.1826  s1.loss_cls: 0.0223  s1.acc: 98.1013  s1.loss_bbox: 0.0602  s1.loss_mask: 0.0960  s2.loss_cls: 0.0113  s2.acc: 97.8402  s2.loss_bbox: 0.0443  s2.loss_mask: 0.0480
2024/01/14 23:57:32 - mmengine - INFO - Epoch(train) [17][ 700/1713]  lr: 2.0000e-04  eta: 0:24:33  time: 0.2394  data_time: 0.0073  memory: 2506  loss: 0.6240  loss_rpn_cls: 0.0049  loss_rpn_bbox: 0.0116  s0.loss_cls: 0.0665  s0.acc: 98.2422  s0.loss_bbox: 0.0626  s0.loss_mask: 0.1893  s1.loss_cls: 0.0222  s1.acc: 98.7903  s1.loss_bbox: 0.0617  s1.loss_mask: 0.0984  s2.loss_cls: 0.0110  s2.acc: 99.3750  s2.loss_bbox: 0.0469  s2.loss_mask: 0.0489
2024/01/14 23:57:44 - mmengine - INFO - Epoch(train) [17][ 750/1713]  lr: 2.0000e-04  eta: 0:24:21  time: 0.2401  data_time: 0.0071  memory: 2505  loss: 0.6071  loss_rpn_cls: 0.0059  loss_rpn_bbox: 0.0108  s0.loss_cls: 0.0644  s0.acc: 96.8750  s0.loss_bbox: 0.0617  s0.loss_mask: 0.1840  s1.loss_cls: 0.0227  s1.acc: 95.8984  s1.loss_bbox: 0.0602  s1.loss_mask: 0.0949  s2.loss_cls: 0.0113  s2.acc: 97.0703  s2.loss_bbox: 0.0441  s2.loss_mask: 0.0471
2024/01/14 23:57:56 - mmengine - INFO - Epoch(train) [17][ 800/1713]  lr: 2.0000e-04  eta: 0:24:09  time: 0.2361  data_time: 0.0073  memory: 2507  loss: 0.5815  loss_rpn_cls: 0.0046  loss_rpn_bbox: 0.0080  s0.loss_cls: 0.0586  s0.acc: 99.6094  s0.loss_bbox: 0.0560  s0.loss_mask: 0.1826  s1.loss_cls: 0.0211  s1.acc: 99.2188  s1.loss_bbox: 0.0570  s1.loss_mask: 0.0957  s2.loss_cls: 0.0098  s2.acc: 99.0234  s2.loss_bbox: 0.0414  s2.loss_mask: 0.0467
2024/01/14 23:58:08 - mmengine - INFO - Epoch(train) [17][ 850/1713]  lr: 2.0000e-04  eta: 0:23:57  time: 0.2392  data_time: 0.0074  memory: 2507  loss: 0.5594  loss_rpn_cls: 0.0032  loss_rpn_bbox: 0.0096  s0.loss_cls: 0.0553  s0.acc: 96.8750  s0.loss_bbox: 0.0529  s0.loss_mask: 0.1767  s1.loss_cls: 0.0189  s1.acc: 98.9540  s1.loss_bbox: 0.0528  s1.loss_mask: 0.0919  s2.loss_cls: 0.0095  s2.acc: 98.9201  s2.loss_bbox: 0.0417  s2.loss_mask: 0.0468
2024/01/14 23:58:20 - mmengine - INFO - Epoch(train) [17][ 900/1713]  lr: 2.0000e-04  eta: 0:23:45  time: 0.2439  data_time: 0.0075  memory: 2506  loss: 0.5701  loss_rpn_cls: 0.0073  loss_rpn_bbox: 0.0108  s0.loss_cls: 0.0592  s0.acc: 95.1172  s0.loss_bbox: 0.0558  s0.loss_mask: 0.1744  s1.loss_cls: 0.0196  s1.acc: 98.1481  s1.loss_bbox: 0.0531  s1.loss_mask: 0.0929  s2.loss_cls: 0.0093  s2.acc: 98.5325  s2.loss_bbox: 0.0414  s2.loss_mask: 0.0463
2024/01/14 23:58:32 - mmengine - INFO - Epoch(train) [17][ 950/1713]  lr: 2.0000e-04  eta: 0:23:33  time: 0.2400  data_time: 0.0068  memory: 2505  loss: 0.5721  loss_rpn_cls: 0.0033  loss_rpn_bbox: 0.0091  s0.loss_cls: 0.0594  s0.acc: 98.8281  s0.loss_bbox: 0.0519  s0.loss_mask: 0.1791  s1.loss_cls: 0.0188  s1.acc: 100.0000  s1.loss_bbox: 0.0546  s1.loss_mask: 0.0957  s2.loss_cls: 0.0097  s2.acc: 99.2188  s2.loss_bbox: 0.0426  s2.loss_mask: 0.0480
2024/01/14 23:58:44 - mmengine - INFO - Epoch(train) [17][1000/1713]  lr: 2.0000e-04  eta: 0:23:21  time: 0.2400  data_time: 0.0071  memory: 2506  loss: 0.5823  loss_rpn_cls: 0.0053  loss_rpn_bbox: 0.0087  s0.loss_cls: 0.0570  s0.acc: 98.0469  s0.loss_bbox: 0.0556  s0.loss_mask: 0.1828  s1.loss_cls: 0.0217  s1.acc: 98.1928  s1.loss_bbox: 0.0568  s1.loss_mask: 0.0964  s2.loss_cls: 0.0102  s2.acc: 98.9429  s2.loss_bbox: 0.0399  s2.loss_mask: 0.0478
2024/01/14 23:58:56 - mmengine - INFO - Epoch(train) [17][1050/1713]  lr: 2.0000e-04  eta: 0:23:10  time: 0.2531  data_time: 0.0082  memory: 2507  loss: 0.6223  loss_rpn_cls: 0.0060  loss_rpn_bbox: 0.0124  s0.loss_cls: 0.0777  s0.acc: 94.1406  s0.loss_bbox: 0.0610  s0.loss_mask: 0.1796  s1.loss_cls: 0.0286  s1.acc: 93.6214  s1.loss_bbox: 0.0582  s1.loss_mask: 0.0946  s2.loss_cls: 0.0135  s2.acc: 95.2586  s2.loss_bbox: 0.0438  s2.loss_mask: 0.0470
2024/01/14 23:59:09 - mmengine - INFO - Epoch(train) [17][1100/1713]  lr: 2.0000e-04  eta: 0:22:58  time: 0.2442  data_time: 0.0076  memory: 2506  loss: 0.6489  loss_rpn_cls: 0.0070  loss_rpn_bbox: 0.0110  s0.loss_cls: 0.0676  s0.acc: 96.8750  s0.loss_bbox: 0.0641  s0.loss_mask: 0.1983  s1.loss_cls: 0.0223  s1.acc: 98.8152  s1.loss_bbox: 0.0663  s1.loss_mask: 0.1006  s2.loss_cls: 0.0116  s2.acc: 99.7429  s2.loss_bbox: 0.0508  s2.loss_mask: 0.0494
2024/01/14 23:59:21 - mmengine - INFO - Epoch(train) [17][1150/1713]  lr: 2.0000e-04  eta: 0:22:46  time: 0.2437  data_time: 0.0073  memory: 2506  loss: 0.5949  loss_rpn_cls: 0.0044  loss_rpn_bbox: 0.0085  s0.loss_cls: 0.0695  s0.acc: 92.3828  s0.loss_bbox: 0.0633  s0.loss_mask: 0.1790  s1.loss_cls: 0.0236  s1.acc: 88.2600  s1.loss_bbox: 0.0562  s1.loss_mask: 0.0929  s2.loss_cls: 0.0105  s2.acc: 90.0433  s2.loss_bbox: 0.0415  s2.loss_mask: 0.0455
2024/01/14 23:59:33 - mmengine - INFO - Epoch(train) [17][1200/1713]  lr: 2.0000e-04  eta: 0:22:34  time: 0.2522  data_time: 0.0071  memory: 2502  loss: 0.5596  loss_rpn_cls: 0.0073  loss_rpn_bbox: 0.0078  s0.loss_cls: 0.0633  s0.acc: 88.8672  s0.loss_bbox: 0.0525  s0.loss_mask: 0.1744  s1.loss_cls: 0.0225  s1.acc: 86.3281  s1.loss_bbox: 0.0486  s1.loss_mask: 0.0906  s2.loss_cls: 0.0110  s2.acc: 83.7891  s2.loss_bbox: 0.0367  s2.loss_mask: 0.0451
2024/01/14 23:59:46 - mmengine - INFO - Epoch(train) [17][1250/1713]  lr: 2.0000e-04  eta: 0:22:22  time: 0.2514  data_time: 0.0074  memory: 2504  loss: 0.5531  loss_rpn_cls: 0.0038  loss_rpn_bbox: 0.0081  s0.loss_cls: 0.0595  s0.acc: 98.2422  s0.loss_bbox: 0.0552  s0.loss_mask: 0.1738  s1.loss_cls: 0.0194  s1.acc: 99.4141  s1.loss_bbox: 0.0507  s1.loss_mask: 0.0895  s2.loss_cls: 0.0101  s2.acc: 98.6328  s2.loss_bbox: 0.0382  s2.loss_mask: 0.0449
2024/01/14 23:59:58 - mmengine - INFO - Epoch(train) [17][1300/1713]  lr: 2.0000e-04  eta: 0:22:10  time: 0.2428  data_time: 0.0071  memory: 2506  loss: 0.5992  loss_rpn_cls: 0.0035  loss_rpn_bbox: 0.0106  s0.loss_cls: 0.0588  s0.acc: 95.1172  s0.loss_bbox: 0.0624  s0.loss_mask: 0.1814  s1.loss_cls: 0.0219  s1.acc: 97.0213  s1.loss_bbox: 0.0608  s1.loss_mask: 0.0960  s2.loss_cls: 0.0107  s2.acc: 95.5850  s2.loss_bbox: 0.0464  s2.loss_mask: 0.0468
2024/01/15 00:00:11 - mmengine - INFO - Epoch(train) [17][1350/1713]  lr: 2.0000e-04  eta: 0:21:58  time: 0.2491  data_time: 0.0076  memory: 2499  loss: 0.6409  loss_rpn_cls: 0.0046  loss_rpn_bbox: 0.0101  s0.loss_cls: 0.0690  s0.acc: 94.7266  s0.loss_bbox: 0.0689  s0.loss_mask: 0.1911  s1.loss_cls: 0.0229  s1.acc: 98.0469  s1.loss_bbox: 0.0674  s1.loss_mask: 0.0984  s2.loss_cls: 0.0120  s2.acc: 99.4071  s2.loss_bbox: 0.0485  s2.loss_mask: 0.0478
2024/01/15 00:00:23 - mmengine - INFO - Epoch(train) [17][1400/1713]  lr: 2.0000e-04  eta: 0:21:46  time: 0.2455  data_time: 0.0075  memory: 2506  loss: 0.6260  loss_rpn_cls: 0.0060  loss_rpn_bbox: 0.0124  s0.loss_cls: 0.0676  s0.acc: 99.0234  s0.loss_bbox: 0.0655  s0.loss_mask: 0.1865  s1.loss_cls: 0.0233  s1.acc: 98.8281  s1.loss_bbox: 0.0615  s1.loss_mask: 0.0969  s2.loss_cls: 0.0125  s2.acc: 99.8047  s2.loss_bbox: 0.0454  s2.loss_mask: 0.0484
2024/01/15 00:00:35 - mmengine - INFO - Epoch(train) [17][1450/1713]  lr: 2.0000e-04  eta: 0:21:34  time: 0.2510  data_time: 0.0074  memory: 2506  loss: 0.5853  loss_rpn_cls: 0.0059  loss_rpn_bbox: 0.0110  s0.loss_cls: 0.0620  s0.acc: 96.0938  s0.loss_bbox: 0.0566  s0.loss_mask: 0.1805  s1.loss_cls: 0.0208  s1.acc: 98.0276  s1.loss_bbox: 0.0540  s1.loss_mask: 0.0938  s2.loss_cls: 0.0112  s2.acc: 96.7872  s2.loss_bbox: 0.0424  s2.loss_mask: 0.0470
2024/01/15 00:00:47 - mmengine - INFO - Epoch(train) [17][1500/1713]  lr: 2.0000e-04  eta: 0:21:22  time: 0.2331  data_time: 0.0064  memory: 2507  loss: 0.5521  loss_rpn_cls: 0.0055  loss_rpn_bbox: 0.0090  s0.loss_cls: 0.0545  s0.acc: 93.9453  s0.loss_bbox: 0.0544  s0.loss_mask: 0.1721  s1.loss_cls: 0.0223  s1.acc: 89.8438  s1.loss_bbox: 0.0501  s1.loss_mask: 0.0907  s2.loss_cls: 0.0117  s2.acc: 86.7188  s2.loss_bbox: 0.0363  s2.loss_mask: 0.0454
2024/01/15 00:00:59 - mmengine - INFO - Epoch(train) [17][1550/1713]  lr: 2.0000e-04  eta: 0:21:10  time: 0.2408  data_time: 0.0069  memory: 2507  loss: 0.5629  loss_rpn_cls: 0.0055  loss_rpn_bbox: 0.0092  s0.loss_cls: 0.0559  s0.acc: 99.0234  s0.loss_bbox: 0.0525  s0.loss_mask: 0.1821  s1.loss_cls: 0.0188  s1.acc: 99.4141  s1.loss_bbox: 0.0478  s1.loss_mask: 0.0968  s2.loss_cls: 0.0090  s2.acc: 99.4141  s2.loss_bbox: 0.0365  s2.loss_mask: 0.0489
2024/01/15 00:01:09 - mmengine - INFO - Exp name: instance_20240114_220316
2024/01/15 00:01:11 - mmengine - INFO - Epoch(train) [17][1600/1713]  lr: 2.0000e-04  eta: 0:20:58  time: 0.2415  data_time: 0.0074  memory: 2506  loss: 0.6177  loss_rpn_cls: 0.0059  loss_rpn_bbox: 0.0107  s0.loss_cls: 0.0671  s0.acc: 99.2188  s0.loss_bbox: 0.0633  s0.loss_mask: 0.1867  s1.loss_cls: 0.0245  s1.acc: 99.6094  s1.loss_bbox: 0.0608  s1.loss_mask: 0.0952  s2.loss_cls: 0.0117  s2.acc: 99.8047  s2.loss_bbox: 0.0449  s2.loss_mask: 0.0469
2024/01/15 00:01:23 - mmengine - INFO - Epoch(train) [17][1650/1713]  lr: 2.0000e-04  eta: 0:20:46  time: 0.2424  data_time: 0.0071  memory: 2507  loss: 0.6166  loss_rpn_cls: 0.0051  loss_rpn_bbox: 0.0113  s0.loss_cls: 0.0623  s0.acc: 98.8281  s0.loss_bbox: 0.0628  s0.loss_mask: 0.1895  s1.loss_cls: 0.0216  s1.acc: 99.2188  s1.loss_bbox: 0.0585  s1.loss_mask: 0.1001  s2.loss_cls: 0.0109  s2.acc: 99.7980  s2.loss_bbox: 0.0457  s2.loss_mask: 0.0487
2024/01/15 00:01:36 - mmengine - INFO - Epoch(train) [17][1700/1713]  lr: 2.0000e-04  eta: 0:20:34  time: 0.2462  data_time: 0.0073  memory: 2506  loss: 0.5466  loss_rpn_cls: 0.0053  loss_rpn_bbox: 0.0096  s0.loss_cls: 0.0583  s0.acc: 97.6562  s0.loss_bbox: 0.0531  s0.loss_mask: 0.1730  s1.loss_cls: 0.0190  s1.acc: 99.6094  s1.loss_bbox: 0.0477  s1.loss_mask: 0.0891  s2.loss_cls: 0.0090  s2.acc: 99.8047  s2.loss_bbox: 0.0377  s2.loss_mask: 0.0448
2024/01/15 00:01:39 - mmengine - INFO - Exp name: instance_20240114_220316
2024/01/15 00:01:43 - mmengine - INFO - Epoch(val) [17][50/71]    eta: 0:00:01  time: 0.0762  data_time: 0.0062  memory: 2412  
2024/01/15 00:01:44 - mmengine - INFO - Evaluating bbox...
2024/01/15 00:01:44 - mmengine - INFO - bbox_mAP_copypaste: 0.671 0.934 0.790 0.619 0.738 -1.000
2024/01/15 00:01:44 - mmengine - INFO - Epoch(val) [17][71/71]    coco/bbox_mAP: 0.6710  coco/bbox_mAP_50: 0.9340  coco/bbox_mAP_75: 0.7900  coco/bbox_mAP_s: 0.6190  coco/bbox_mAP_m: 0.7380  coco/bbox_mAP_l: -1.0000  data_time: 0.0060  time: 0.0754
2024/01/15 00:01:57 - mmengine - INFO - Epoch(train) [18][  50/1713]  lr: 2.0000e-04  eta: 0:20:19  time: 0.2473  data_time: 0.0083  memory: 2504  loss: 0.6121  loss_rpn_cls: 0.0047  loss_rpn_bbox: 0.0106  s0.loss_cls: 0.0630  s0.acc: 92.5781  s0.loss_bbox: 0.0590  s0.loss_mask: 0.1898  s1.loss_cls: 0.0202  s1.acc: 95.2083  s1.loss_bbox: 0.0603  s1.loss_mask: 0.0990  s2.loss_cls: 0.0111  s2.acc: 94.6121  s2.loss_bbox: 0.0452  s2.loss_mask: 0.0491
2024/01/15 00:02:09 - mmengine - INFO - Epoch(train) [18][ 100/1713]  lr: 2.0000e-04  eta: 0:20:07  time: 0.2408  data_time: 0.0067  memory: 2503  loss: 0.5658  loss_rpn_cls: 0.0055  loss_rpn_bbox: 0.0087  s0.loss_cls: 0.0620  s0.acc: 96.4844  s0.loss_bbox: 0.0582  s0.loss_mask: 0.1757  s1.loss_cls: 0.0192  s1.acc: 96.9388  s1.loss_bbox: 0.0508  s1.loss_mask: 0.0923  s2.loss_cls: 0.0093  s2.acc: 97.8858  s2.loss_bbox: 0.0383  s2.loss_mask: 0.0456
2024/01/15 00:02:21 - mmengine - INFO - Epoch(train) [18][ 150/1713]  lr: 2.0000e-04  eta: 0:19:55  time: 0.2435  data_time: 0.0068  memory: 2505  loss: 0.5838  loss_rpn_cls: 0.0053  loss_rpn_bbox: 0.0099  s0.loss_cls: 0.0674  s0.acc: 97.6562  s0.loss_bbox: 0.0616  s0.loss_mask: 0.1754  s1.loss_cls: 0.0228  s1.acc: 98.4848  s1.loss_bbox: 0.0555  s1.loss_mask: 0.0912  s2.loss_cls: 0.0109  s2.acc: 99.7768  s2.loss_bbox: 0.0391  s2.loss_mask: 0.0448
2024/01/15 00:02:34 - mmengine - INFO - Epoch(train) [18][ 200/1713]  lr: 2.0000e-04  eta: 0:19:44  time: 0.2526  data_time: 0.0082  memory: 2507  loss: 0.6437  loss_rpn_cls: 0.0066  loss_rpn_bbox: 0.0118  s0.loss_cls: 0.0692  s0.acc: 98.2422  s0.loss_bbox: 0.0649  s0.loss_mask: 0.1901  s1.loss_cls: 0.0281  s1.acc: 98.2422  s1.loss_bbox: 0.0630  s1.loss_mask: 0.0982  s2.loss_cls: 0.0141  s2.acc: 97.6562  s2.loss_bbox: 0.0490  s2.loss_mask: 0.0486
2024/01/15 00:02:46 - mmengine - INFO - Epoch(train) [18][ 250/1713]  lr: 2.0000e-04  eta: 0:19:32  time: 0.2401  data_time: 0.0072  memory: 2507  loss: 0.5987  loss_rpn_cls: 0.0071  loss_rpn_bbox: 0.0106  s0.loss_cls: 0.0710  s0.acc: 97.6562  s0.loss_bbox: 0.0621  s0.loss_mask: 0.1776  s1.loss_cls: 0.0255  s1.acc: 98.6328  s1.loss_bbox: 0.0557  s1.loss_mask: 0.0917  s2.loss_cls: 0.0137  s2.acc: 98.8281  s2.loss_bbox: 0.0385  s2.loss_mask: 0.0454
2024/01/15 00:02:58 - mmengine - INFO - Epoch(train) [18][ 300/1713]  lr: 2.0000e-04  eta: 0:19:20  time: 0.2388  data_time: 0.0068  memory: 2503  loss: 0.5320  loss_rpn_cls: 0.0031  loss_rpn_bbox: 0.0082  s0.loss_cls: 0.0518  s0.acc: 99.0234  s0.loss_bbox: 0.0496  s0.loss_mask: 0.1681  s1.loss_cls: 0.0185  s1.acc: 99.2188  s1.loss_bbox: 0.0480  s1.loss_mask: 0.0902  s2.loss_cls: 0.0086  s2.acc: 98.8281  s2.loss_bbox: 0.0402  s2.loss_mask: 0.0457
2024/01/15 00:03:10 - mmengine - INFO - Epoch(train) [18][ 350/1713]  lr: 2.0000e-04  eta: 0:19:08  time: 0.2451  data_time: 0.0071  memory: 2503  loss: 0.6124  loss_rpn_cls: 0.0062  loss_rpn_bbox: 0.0111  s0.loss_cls: 0.0652  s0.acc: 98.4375  s0.loss_bbox: 0.0611  s0.loss_mask: 0.1893  s1.loss_cls: 0.0212  s1.acc: 99.4141  s1.loss_bbox: 0.0578  s1.loss_mask: 0.0990  s2.loss_cls: 0.0103  s2.acc: 99.6094  s2.loss_bbox: 0.0436  s2.loss_mask: 0.0477
2024/01/15 00:03:22 - mmengine - INFO - Epoch(train) [18][ 400/1713]  lr: 2.0000e-04  eta: 0:18:56  time: 0.2465  data_time: 0.0073  memory: 2506  loss: 0.5896  loss_rpn_cls: 0.0048  loss_rpn_bbox: 0.0100  s0.loss_cls: 0.0707  s0.acc: 98.2422  s0.loss_bbox: 0.0595  s0.loss_mask: 0.1825  s1.loss_cls: 0.0238  s1.acc: 98.0000  s1.loss_bbox: 0.0524  s1.loss_mask: 0.0922  s2.loss_cls: 0.0113  s2.acc: 98.5537  s2.loss_bbox: 0.0371  s2.loss_mask: 0.0453
2024/01/15 00:03:35 - mmengine - INFO - Epoch(train) [18][ 450/1713]  lr: 2.0000e-04  eta: 0:18:44  time: 0.2526  data_time: 0.0077  memory: 2507  loss: 0.5941  loss_rpn_cls: 0.0033  loss_rpn_bbox: 0.0100  s0.loss_cls: 0.0615  s0.acc: 93.5547  s0.loss_bbox: 0.0583  s0.loss_mask: 0.1860  s1.loss_cls: 0.0208  s1.acc: 95.8515  s1.loss_bbox: 0.0563  s1.loss_mask: 0.0960  s2.loss_cls: 0.0109  s2.acc: 93.4685  s2.loss_bbox: 0.0429  s2.loss_mask: 0.0481
2024/01/15 00:03:47 - mmengine - INFO - Epoch(train) [18][ 500/1713]  lr: 2.0000e-04  eta: 0:18:32  time: 0.2542  data_time: 0.0081  memory: 2503  loss: 0.6507  loss_rpn_cls: 0.0066  loss_rpn_bbox: 0.0136  s0.loss_cls: 0.0712  s0.acc: 94.7266  s0.loss_bbox: 0.0708  s0.loss_mask: 0.1892  s1.loss_cls: 0.0246  s1.acc: 97.3970  s1.loss_bbox: 0.0667  s1.loss_mask: 0.0980  s2.loss_cls: 0.0126  s2.acc: 97.9263  s2.loss_bbox: 0.0494  s2.loss_mask: 0.0479
2024/01/15 00:04:00 - mmengine - INFO - Epoch(train) [18][ 550/1713]  lr: 2.0000e-04  eta: 0:18:20  time: 0.2455  data_time: 0.0075  memory: 2505  loss: 0.5713  loss_rpn_cls: 0.0050  loss_rpn_bbox: 0.0090  s0.loss_cls: 0.0654  s0.acc: 99.0234  s0.loss_bbox: 0.0515  s0.loss_mask: 0.1743  s1.loss_cls: 0.0237  s1.acc: 98.4375  s1.loss_bbox: 0.0521  s1.loss_mask: 0.0931  s2.loss_cls: 0.0114  s2.acc: 99.0234  s2.loss_bbox: 0.0391  s2.loss_mask: 0.0468
2024/01/15 00:04:12 - mmengine - INFO - Epoch(train) [18][ 600/1713]  lr: 2.0000e-04  eta: 0:18:08  time: 0.2405  data_time: 0.0072  memory: 2507  loss: 0.6107  loss_rpn_cls: 0.0061  loss_rpn_bbox: 0.0107  s0.loss_cls: 0.0642  s0.acc: 96.8750  s0.loss_bbox: 0.0607  s0.loss_mask: 0.1844  s1.loss_cls: 0.0229  s1.acc: 99.5842  s1.loss_bbox: 0.0618  s1.loss_mask: 0.0959  s2.loss_cls: 0.0115  s2.acc: 99.1453  s2.loss_bbox: 0.0449  s2.loss_mask: 0.0475
2024/01/15 00:04:24 - mmengine - INFO - Epoch(train) [18][ 650/1713]  lr: 2.0000e-04  eta: 0:17:56  time: 0.2522  data_time: 0.0079  memory: 2507  loss: 0.6243  loss_rpn_cls: 0.0057  loss_rpn_bbox: 0.0105  s0.loss_cls: 0.0648  s0.acc: 96.2891  s0.loss_bbox: 0.0608  s0.loss_mask: 0.1915  s1.loss_cls: 0.0239  s1.acc: 96.2891  s1.loss_bbox: 0.0604  s1.loss_mask: 0.0995  s2.loss_cls: 0.0117  s2.acc: 96.4356  s2.loss_bbox: 0.0466  s2.loss_mask: 0.0489
2024/01/15 00:04:36 - mmengine - INFO - Epoch(train) [18][ 700/1713]  lr: 2.0000e-04  eta: 0:17:44  time: 0.2401  data_time: 0.0069  memory: 2507  loss: 0.5416  loss_rpn_cls: 0.0045  loss_rpn_bbox: 0.0095  s0.loss_cls: 0.0577  s0.acc: 98.0469  s0.loss_bbox: 0.0520  s0.loss_mask: 0.1686  s1.loss_cls: 0.0186  s1.acc: 99.5717  s1.loss_bbox: 0.0497  s1.loss_mask: 0.0887  s2.loss_cls: 0.0092  s2.acc: 98.6577  s2.loss_bbox: 0.0390  s2.loss_mask: 0.0442
2024/01/15 00:04:49 - mmengine - INFO - Epoch(train) [18][ 750/1713]  lr: 2.0000e-04  eta: 0:17:32  time: 0.2470  data_time: 0.0076  memory: 2504  loss: 0.5925  loss_rpn_cls: 0.0053  loss_rpn_bbox: 0.0113  s0.loss_cls: 0.0641  s0.acc: 95.5078  s0.loss_bbox: 0.0548  s0.loss_mask: 0.1776  s1.loss_cls: 0.0228  s1.acc: 96.0159  s1.loss_bbox: 0.0601  s1.loss_mask: 0.0932  s2.loss_cls: 0.0117  s2.acc: 97.9592  s2.loss_bbox: 0.0451  s2.loss_mask: 0.0463
2024/01/15 00:05:01 - mmengine - INFO - Epoch(train) [18][ 800/1713]  lr: 2.0000e-04  eta: 0:17:20  time: 0.2422  data_time: 0.0074  memory: 2506  loss: 0.6101  loss_rpn_cls: 0.0057  loss_rpn_bbox: 0.0123  s0.loss_cls: 0.0648  s0.acc: 98.8281  s0.loss_bbox: 0.0605  s0.loss_mask: 0.1882  s1.loss_cls: 0.0238  s1.acc: 97.8516  s1.loss_bbox: 0.0568  s1.loss_mask: 0.0953  s2.loss_cls: 0.0117  s2.acc: 99.2141  s2.loss_bbox: 0.0436  s2.loss_mask: 0.0475
2024/01/15 00:05:14 - mmengine - INFO - Epoch(train) [18][ 850/1713]  lr: 2.0000e-04  eta: 0:17:08  time: 0.2548  data_time: 0.0079  memory: 2507  loss: 0.6080  loss_rpn_cls: 0.0076  loss_rpn_bbox: 0.0117  s0.loss_cls: 0.0668  s0.acc: 97.6562  s0.loss_bbox: 0.0634  s0.loss_mask: 0.1776  s1.loss_cls: 0.0230  s1.acc: 97.2281  s1.loss_bbox: 0.0599  s1.loss_mask: 0.0931  s2.loss_cls: 0.0116  s2.acc: 97.1047  s2.loss_bbox: 0.0465  s2.loss_mask: 0.0467
2024/01/15 00:05:21 - mmengine - INFO - Exp name: instance_20240114_220316
2024/01/15 00:05:26 - mmengine - INFO - Epoch(train) [18][ 900/1713]  lr: 2.0000e-04  eta: 0:16:56  time: 0.2491  data_time: 0.0075  memory: 2507  loss: 0.5907  loss_rpn_cls: 0.0067  loss_rpn_bbox: 0.0108  s0.loss_cls: 0.0653  s0.acc: 96.4844  s0.loss_bbox: 0.0611  s0.loss_mask: 0.1781  s1.loss_cls: 0.0194  s1.acc: 96.0938  s1.loss_bbox: 0.0567  s1.loss_mask: 0.0918  s2.loss_cls: 0.0103  s2.acc: 96.8750  s2.loss_bbox: 0.0448  s2.loss_mask: 0.0457
2024/01/15 00:05:39 - mmengine - INFO - Epoch(train) [18][ 950/1713]  lr: 2.0000e-04  eta: 0:16:45  time: 0.2523  data_time: 0.0079  memory: 2504  loss: 0.6421  loss_rpn_cls: 0.0060  loss_rpn_bbox: 0.0126  s0.loss_cls: 0.0724  s0.acc: 98.4375  s0.loss_bbox: 0.0685  s0.loss_mask: 0.1937  s1.loss_cls: 0.0233  s1.acc: 99.2188  s1.loss_bbox: 0.0630  s1.loss_mask: 0.0968  s2.loss_cls: 0.0128  s2.acc: 99.6094  s2.loss_bbox: 0.0449  s2.loss_mask: 0.0480
2024/01/15 00:05:51 - mmengine - INFO - Epoch(train) [18][1000/1713]  lr: 2.0000e-04  eta: 0:16:33  time: 0.2446  data_time: 0.0078  memory: 2506  loss: 0.6142  loss_rpn_cls: 0.0069  loss_rpn_bbox: 0.0119  s0.loss_cls: 0.0665  s0.acc: 96.4844  s0.loss_bbox: 0.0618  s0.loss_mask: 0.1840  s1.loss_cls: 0.0228  s1.acc: 96.1451  s1.loss_bbox: 0.0582  s1.loss_mask: 0.0960  s2.loss_cls: 0.0115  s2.acc: 99.0431  s2.loss_bbox: 0.0470  s2.loss_mask: 0.0477
2024/01/15 00:06:03 - mmengine - INFO - Epoch(train) [18][1050/1713]  lr: 2.0000e-04  eta: 0:16:21  time: 0.2399  data_time: 0.0072  memory: 2504  loss: 0.6198  loss_rpn_cls: 0.0062  loss_rpn_bbox: 0.0100  s0.loss_cls: 0.0680  s0.acc: 97.0703  s0.loss_bbox: 0.0571  s0.loss_mask: 0.1891  s1.loss_cls: 0.0249  s1.acc: 98.4305  s1.loss_bbox: 0.0589  s1.loss_mask: 0.0982  s2.loss_cls: 0.0116  s2.acc: 97.8774  s2.loss_bbox: 0.0471  s2.loss_mask: 0.0488
2024/01/15 00:06:15 - mmengine - INFO - Epoch(train) [18][1100/1713]  lr: 2.0000e-04  eta: 0:16:09  time: 0.2367  data_time: 0.0070  memory: 2505  loss: 0.5655  loss_rpn_cls: 0.0063  loss_rpn_bbox: 0.0111  s0.loss_cls: 0.0599  s0.acc: 98.0469  s0.loss_bbox: 0.0553  s0.loss_mask: 0.1744  s1.loss_cls: 0.0191  s1.acc: 99.0234  s1.loss_bbox: 0.0535  s1.loss_mask: 0.0917  s2.loss_cls: 0.0089  s2.acc: 100.0000  s2.loss_bbox: 0.0402  s2.loss_mask: 0.0451
2024/01/15 00:06:27 - mmengine - INFO - Epoch(train) [18][1150/1713]  lr: 2.0000e-04  eta: 0:15:57  time: 0.2431  data_time: 0.0072  memory: 2507  loss: 0.5562  loss_rpn_cls: 0.0043  loss_rpn_bbox: 0.0094  s0.loss_cls: 0.0549  s0.acc: 97.6562  s0.loss_bbox: 0.0530  s0.loss_mask: 0.1770  s1.loss_cls: 0.0195  s1.acc: 98.5011  s1.loss_bbox: 0.0496  s1.loss_mask: 0.0940  s2.loss_cls: 0.0095  s2.acc: 99.3182  s2.loss_bbox: 0.0379  s2.loss_mask: 0.0471
2024/01/15 00:06:39 - mmengine - INFO - Epoch(train) [18][1200/1713]  lr: 2.0000e-04  eta: 0:15:45  time: 0.2424  data_time: 0.0070  memory: 2505  loss: 0.5647  loss_rpn_cls: 0.0051  loss_rpn_bbox: 0.0086  s0.loss_cls: 0.0560  s0.acc: 97.4609  s0.loss_bbox: 0.0527  s0.loss_mask: 0.1807  s1.loss_cls: 0.0174  s1.acc: 99.3711  s1.loss_bbox: 0.0536  s1.loss_mask: 0.0946  s2.loss_cls: 0.0093  s2.acc: 98.4914  s2.loss_bbox: 0.0401  s2.loss_mask: 0.0468
2024/01/15 00:06:51 - mmengine - INFO - Epoch(train) [18][1250/1713]  lr: 2.0000e-04  eta: 0:15:33  time: 0.2398  data_time: 0.0070  memory: 2504  loss: 0.6423  loss_rpn_cls: 0.0085  loss_rpn_bbox: 0.0120  s0.loss_cls: 0.0649  s0.acc: 98.8281  s0.loss_bbox: 0.0643  s0.loss_mask: 0.1888  s1.loss_cls: 0.0232  s1.acc: 99.6094  s1.loss_bbox: 0.0674  s1.loss_mask: 0.0994  s2.loss_cls: 0.0122  s2.acc: 98.8281  s2.loss_bbox: 0.0520  s2.loss_mask: 0.0497
2024/01/15 00:07:03 - mmengine - INFO - Epoch(train) [18][1300/1713]  lr: 2.0000e-04  eta: 0:15:21  time: 0.2408  data_time: 0.0070  memory: 2504  loss: 0.5622  loss_rpn_cls: 0.0039  loss_rpn_bbox: 0.0101  s0.loss_cls: 0.0581  s0.acc: 98.2422  s0.loss_bbox: 0.0549  s0.loss_mask: 0.1721  s1.loss_cls: 0.0196  s1.acc: 98.8281  s1.loss_bbox: 0.0546  s1.loss_mask: 0.0917  s2.loss_cls: 0.0096  s2.acc: 99.6094  s2.loss_bbox: 0.0418  s2.loss_mask: 0.0457
2024/01/15 00:07:15 - mmengine - INFO - Epoch(train) [18][1350/1713]  lr: 2.0000e-04  eta: 0:15:09  time: 0.2426  data_time: 0.0072  memory: 2506  loss: 0.5873  loss_rpn_cls: 0.0036  loss_rpn_bbox: 0.0096  s0.loss_cls: 0.0649  s0.acc: 98.4375  s0.loss_bbox: 0.0573  s0.loss_mask: 0.1809  s1.loss_cls: 0.0196  s1.acc: 99.3671  s1.loss_bbox: 0.0568  s1.loss_mask: 0.0940  s2.loss_cls: 0.0106  s2.acc: 98.4649  s2.loss_bbox: 0.0431  s2.loss_mask: 0.0468
2024/01/15 00:07:27 - mmengine - INFO - Epoch(train) [18][1400/1713]  lr: 2.0000e-04  eta: 0:14:57  time: 0.2383  data_time: 0.0076  memory: 2507  loss: 0.6071  loss_rpn_cls: 0.0035  loss_rpn_bbox: 0.0094  s0.loss_cls: 0.0561  s0.acc: 96.2891  s0.loss_bbox: 0.0596  s0.loss_mask: 0.1921  s1.loss_cls: 0.0193  s1.acc: 96.8750  s1.loss_bbox: 0.0576  s1.loss_mask: 0.1027  s2.loss_cls: 0.0109  s2.acc: 97.0703  s2.loss_bbox: 0.0445  s2.loss_mask: 0.0513
2024/01/15 00:07:39 - mmengine - INFO - Epoch(train) [18][1450/1713]  lr: 2.0000e-04  eta: 0:14:45  time: 0.2330  data_time: 0.0068  memory: 2503  loss: 0.5517  loss_rpn_cls: 0.0054  loss_rpn_bbox: 0.0099  s0.loss_cls: 0.0620  s0.acc: 97.6562  s0.loss_bbox: 0.0498  s0.loss_mask: 0.1730  s1.loss_cls: 0.0193  s1.acc: 97.0021  s1.loss_bbox: 0.0507  s1.loss_mask: 0.0896  s2.loss_cls: 0.0098  s2.acc: 97.0588  s2.loss_bbox: 0.0376  s2.loss_mask: 0.0447
2024/01/15 00:07:50 - mmengine - INFO - Epoch(train) [18][1500/1713]  lr: 2.0000e-04  eta: 0:14:33  time: 0.2330  data_time: 0.0067  memory: 2507  loss: 0.5812  loss_rpn_cls: 0.0049  loss_rpn_bbox: 0.0087  s0.loss_cls: 0.0586  s0.acc: 98.8281  s0.loss_bbox: 0.0587  s0.loss_mask: 0.1826  s1.loss_cls: 0.0191  s1.acc: 99.2188  s1.loss_bbox: 0.0548  s1.loss_mask: 0.0960  s2.loss_cls: 0.0105  s2.acc: 99.8047  s2.loss_bbox: 0.0398  s2.loss_mask: 0.0475
2024/01/15 00:08:03 - mmengine - INFO - Epoch(train) [18][1550/1713]  lr: 2.0000e-04  eta: 0:14:21  time: 0.2460  data_time: 0.0072  memory: 2505  loss: 0.5674  loss_rpn_cls: 0.0047  loss_rpn_bbox: 0.0094  s0.loss_cls: 0.0623  s0.acc: 96.8750  s0.loss_bbox: 0.0532  s0.loss_mask: 0.1763  s1.loss_cls: 0.0219  s1.acc: 97.6562  s1.loss_bbox: 0.0495  s1.loss_mask: 0.0934  s2.loss_cls: 0.0104  s2.acc: 95.8984  s2.loss_bbox: 0.0394  s2.loss_mask: 0.0469
2024/01/15 00:08:14 - mmengine - INFO - Epoch(train) [18][1600/1713]  lr: 2.0000e-04  eta: 0:14:09  time: 0.2355  data_time: 0.0072  memory: 2507  loss: 0.5963  loss_rpn_cls: 0.0078  loss_rpn_bbox: 0.0101  s0.loss_cls: 0.0629  s0.acc: 96.4844  s0.loss_bbox: 0.0568  s0.loss_mask: 0.1854  s1.loss_cls: 0.0206  s1.acc: 98.5201  s1.loss_bbox: 0.0554  s1.loss_mask: 0.0972  s2.loss_cls: 0.0104  s2.acc: 98.0349  s2.loss_bbox: 0.0415  s2.loss_mask: 0.0481
2024/01/15 00:08:27 - mmengine - INFO - Epoch(train) [18][1650/1713]  lr: 2.0000e-04  eta: 0:13:57  time: 0.2415  data_time: 0.0068  memory: 2506  loss: 0.5610  loss_rpn_cls: 0.0048  loss_rpn_bbox: 0.0095  s0.loss_cls: 0.0643  s0.acc: 96.8750  s0.loss_bbox: 0.0554  s0.loss_mask: 0.1684  s1.loss_cls: 0.0202  s1.acc: 98.0469  s1.loss_bbox: 0.0544  s1.loss_mask: 0.0896  s2.loss_cls: 0.0095  s2.acc: 99.4129  s2.loss_bbox: 0.0402  s2.loss_mask: 0.0447
2024/01/15 00:08:39 - mmengine - INFO - Epoch(train) [18][1700/1713]  lr: 2.0000e-04  eta: 0:13:45  time: 0.2451  data_time: 0.0071  memory: 2505  loss: 0.6333  loss_rpn_cls: 0.0067  loss_rpn_bbox: 0.0112  s0.loss_cls: 0.0665  s0.acc: 98.0469  s0.loss_bbox: 0.0683  s0.loss_mask: 0.1882  s1.loss_cls: 0.0229  s1.acc: 98.2422  s1.loss_bbox: 0.0649  s1.loss_mask: 0.0978  s2.loss_cls: 0.0122  s2.acc: 98.2422  s2.loss_bbox: 0.0467  s2.loss_mask: 0.0478
2024/01/15 00:08:42 - mmengine - INFO - Exp name: instance_20240114_220316
2024/01/15 00:08:46 - mmengine - INFO - Epoch(val) [18][50/71]    eta: 0:00:01  time: 0.0778  data_time: 0.0066  memory: 2417  
2024/01/15 00:08:47 - mmengine - INFO - Evaluating bbox...
2024/01/15 00:08:48 - mmengine - INFO - bbox_mAP_copypaste: 0.672 0.933 0.788 0.621 0.737 -1.000
2024/01/15 00:08:48 - mmengine - INFO - Epoch(val) [18][71/71]    coco/bbox_mAP: 0.6720  coco/bbox_mAP_50: 0.9330  coco/bbox_mAP_75: 0.7880  coco/bbox_mAP_s: 0.6210  coco/bbox_mAP_m: 0.7370  coco/bbox_mAP_l: -1.0000  data_time: 0.0063  time: 0.0763
2024/01/15 00:08:48 - mmengine - INFO - The previous best checkpoint /home/hasnatpie/thesis01/results_default20/best_coco_bbox_mAP_epoch_16.pth is removed
2024/01/15 00:08:49 - mmengine - INFO - The best checkpoint with 0.6720 coco/bbox_mAP at 18 epoch is saved to best_coco_bbox_mAP_epoch_18.pth.
2024/01/15 00:09:01 - mmengine - INFO - Epoch(train) [19][  50/1713]  lr: 2.0000e-04  eta: 0:13:29  time: 0.2404  data_time: 0.0078  memory: 2506  loss: 0.6112  loss_rpn_cls: 0.0057  loss_rpn_bbox: 0.0113  s0.loss_cls: 0.0633  s0.acc: 94.9219  s0.loss_bbox: 0.0612  s0.loss_mask: 0.1866  s1.loss_cls: 0.0199  s1.acc: 97.6562  s1.loss_bbox: 0.0605  s1.loss_mask: 0.0983  s2.loss_cls: 0.0100  s2.acc: 98.4375  s2.loss_bbox: 0.0452  s2.loss_mask: 0.0490
2024/01/15 00:09:13 - mmengine - INFO - Epoch(train) [19][ 100/1713]  lr: 2.0000e-04  eta: 0:13:17  time: 0.2405  data_time: 0.0073  memory: 2505  loss: 0.5694  loss_rpn_cls: 0.0043  loss_rpn_bbox: 0.0096  s0.loss_cls: 0.0602  s0.acc: 95.5078  s0.loss_bbox: 0.0548  s0.loss_mask: 0.1786  s1.loss_cls: 0.0222  s1.acc: 97.5877  s1.loss_bbox: 0.0526  s1.loss_mask: 0.0926  s2.loss_cls: 0.0108  s2.acc: 97.7064  s2.loss_bbox: 0.0387  s2.loss_mask: 0.0449
2024/01/15 00:09:25 - mmengine - INFO - Epoch(train) [19][ 150/1713]  lr: 2.0000e-04  eta: 0:13:06  time: 0.2424  data_time: 0.0072  memory: 2504  loss: 0.6224  loss_rpn_cls: 0.0048  loss_rpn_bbox: 0.0089  s0.loss_cls: 0.0659  s0.acc: 98.2422  s0.loss_bbox: 0.0662  s0.loss_mask: 0.1922  s1.loss_cls: 0.0214  s1.acc: 97.4609  s1.loss_bbox: 0.0606  s1.loss_mask: 0.0996  s2.loss_cls: 0.0110  s2.acc: 96.8750  s2.loss_bbox: 0.0428  s2.loss_mask: 0.0490
2024/01/15 00:09:29 - mmengine - INFO - Exp name: instance_20240114_220316
2024/01/15 00:09:37 - mmengine - INFO - Epoch(train) [19][ 200/1713]  lr: 2.0000e-04  eta: 0:12:53  time: 0.2376  data_time: 0.0069  memory: 2506  loss: 0.6099  loss_rpn_cls: 0.0063  loss_rpn_bbox: 0.0097  s0.loss_cls: 0.0648  s0.acc: 99.0234  s0.loss_bbox: 0.0612  s0.loss_mask: 0.1914  s1.loss_cls: 0.0238  s1.acc: 98.6328  s1.loss_bbox: 0.0543  s1.loss_mask: 0.0976  s2.loss_cls: 0.0118  s2.acc: 99.2188  s2.loss_bbox: 0.0408  s2.loss_mask: 0.0482
2024/01/15 00:09:49 - mmengine - INFO - Epoch(train) [19][ 250/1713]  lr: 2.0000e-04  eta: 0:12:42  time: 0.2407  data_time: 0.0070  memory: 2507  loss: 0.5640  loss_rpn_cls: 0.0066  loss_rpn_bbox: 0.0100  s0.loss_cls: 0.0614  s0.acc: 99.0234  s0.loss_bbox: 0.0571  s0.loss_mask: 0.1736  s1.loss_cls: 0.0203  s1.acc: 99.0234  s1.loss_bbox: 0.0530  s1.loss_mask: 0.0912  s2.loss_cls: 0.0094  s2.acc: 98.4375  s2.loss_bbox: 0.0368  s2.loss_mask: 0.0444
2024/01/15 00:10:01 - mmengine - INFO - Epoch(train) [19][ 300/1713]  lr: 2.0000e-04  eta: 0:12:29  time: 0.2351  data_time: 0.0072  memory: 2507  loss: 0.5958  loss_rpn_cls: 0.0065  loss_rpn_bbox: 0.0104  s0.loss_cls: 0.0623  s0.acc: 97.4609  s0.loss_bbox: 0.0571  s0.loss_mask: 0.1850  s1.loss_cls: 0.0198  s1.acc: 99.4141  s1.loss_bbox: 0.0572  s1.loss_mask: 0.0967  s2.loss_cls: 0.0109  s2.acc: 99.6016  s2.loss_bbox: 0.0426  s2.loss_mask: 0.0473
2024/01/15 00:10:13 - mmengine - INFO - Epoch(train) [19][ 350/1713]  lr: 2.0000e-04  eta: 0:12:18  time: 0.2431  data_time: 0.0070  memory: 2507  loss: 0.5850  loss_rpn_cls: 0.0038  loss_rpn_bbox: 0.0091  s0.loss_cls: 0.0607  s0.acc: 97.6562  s0.loss_bbox: 0.0558  s0.loss_mask: 0.1855  s1.loss_cls: 0.0206  s1.acc: 98.7952  s1.loss_bbox: 0.0525  s1.loss_mask: 0.0974  s2.loss_cls: 0.0104  s2.acc: 98.5294  s2.loss_bbox: 0.0403  s2.loss_mask: 0.0488
2024/01/15 00:10:25 - mmengine - INFO - Epoch(train) [19][ 400/1713]  lr: 2.0000e-04  eta: 0:12:06  time: 0.2426  data_time: 0.0073  memory: 2503  loss: 0.6315  loss_rpn_cls: 0.0053  loss_rpn_bbox: 0.0125  s0.loss_cls: 0.0699  s0.acc: 97.6562  s0.loss_bbox: 0.0634  s0.loss_mask: 0.1915  s1.loss_cls: 0.0259  s1.acc: 95.7031  s1.loss_bbox: 0.0593  s1.loss_mask: 0.0982  s2.loss_cls: 0.0139  s2.acc: 94.7266  s2.loss_bbox: 0.0432  s2.loss_mask: 0.0483
2024/01/15 00:10:37 - mmengine - INFO - Epoch(train) [19][ 450/1713]  lr: 2.0000e-04  eta: 0:11:54  time: 0.2380  data_time: 0.0073  memory: 2505  loss: 0.5758  loss_rpn_cls: 0.0056  loss_rpn_bbox: 0.0092  s0.loss_cls: 0.0648  s0.acc: 95.7031  s0.loss_bbox: 0.0515  s0.loss_mask: 0.1776  s1.loss_cls: 0.0227  s1.acc: 96.4602  s1.loss_bbox: 0.0533  s1.loss_mask: 0.0941  s2.loss_cls: 0.0106  s2.acc: 96.2441  s2.loss_bbox: 0.0399  s2.loss_mask: 0.0466
2024/01/15 00:10:49 - mmengine - INFO - Epoch(train) [19][ 500/1713]  lr: 2.0000e-04  eta: 0:11:42  time: 0.2365  data_time: 0.0069  memory: 2506  loss: 0.5697  loss_rpn_cls: 0.0037  loss_rpn_bbox: 0.0103  s0.loss_cls: 0.0561  s0.acc: 98.6328  s0.loss_bbox: 0.0551  s0.loss_mask: 0.1784  s1.loss_cls: 0.0182  s1.acc: 98.8281  s1.loss_bbox: 0.0541  s1.loss_mask: 0.0947  s2.loss_cls: 0.0092  s2.acc: 98.4375  s2.loss_bbox: 0.0423  s2.loss_mask: 0.0474
2024/01/15 00:11:01 - mmengine - INFO - Epoch(train) [19][ 550/1713]  lr: 2.0000e-04  eta: 0:11:30  time: 0.2416  data_time: 0.0067  memory: 2506  loss: 0.6049  loss_rpn_cls: 0.0075  loss_rpn_bbox: 0.0108  s0.loss_cls: 0.0678  s0.acc: 97.2656  s0.loss_bbox: 0.0622  s0.loss_mask: 0.1834  s1.loss_cls: 0.0220  s1.acc: 97.6562  s1.loss_bbox: 0.0578  s1.loss_mask: 0.0947  s2.loss_cls: 0.0116  s2.acc: 98.2422  s2.loss_bbox: 0.0410  s2.loss_mask: 0.0461
2024/01/15 00:11:13 - mmengine - INFO - Epoch(train) [19][ 600/1713]  lr: 2.0000e-04  eta: 0:11:18  time: 0.2424  data_time: 0.0070  memory: 2507  loss: 0.6681  loss_rpn_cls: 0.0050  loss_rpn_bbox: 0.0107  s0.loss_cls: 0.0651  s0.acc: 94.9219  s0.loss_bbox: 0.0688  s0.loss_mask: 0.2050  s1.loss_cls: 0.0230  s1.acc: 97.0703  s1.loss_bbox: 0.0684  s1.loss_mask: 0.1057  s2.loss_cls: 0.0121  s2.acc: 97.0703  s2.loss_bbox: 0.0523  s2.loss_mask: 0.0521
2024/01/15 00:11:25 - mmengine - INFO - Epoch(train) [19][ 650/1713]  lr: 2.0000e-04  eta: 0:11:06  time: 0.2444  data_time: 0.0067  memory: 2506  loss: 0.5424  loss_rpn_cls: 0.0050  loss_rpn_bbox: 0.0088  s0.loss_cls: 0.0574  s0.acc: 96.6797  s0.loss_bbox: 0.0494  s0.loss_mask: 0.1720  s1.loss_cls: 0.0192  s1.acc: 97.8495  s1.loss_bbox: 0.0482  s1.loss_mask: 0.0908  s2.loss_cls: 0.0093  s2.acc: 97.9730  s2.loss_bbox: 0.0372  s2.loss_mask: 0.0450
2024/01/15 00:11:37 - mmengine - INFO - Epoch(train) [19][ 700/1713]  lr: 2.0000e-04  eta: 0:10:54  time: 0.2387  data_time: 0.0068  memory: 2500  loss: 0.5626  loss_rpn_cls: 0.0040  loss_rpn_bbox: 0.0093  s0.loss_cls: 0.0557  s0.acc: 98.0469  s0.loss_bbox: 0.0528  s0.loss_mask: 0.1795  s1.loss_cls: 0.0182  s1.acc: 98.7179  s1.loss_bbox: 0.0524  s1.loss_mask: 0.0943  s2.loss_cls: 0.0095  s2.acc: 99.3304  s2.loss_bbox: 0.0398  s2.loss_mask: 0.0472
2024/01/15 00:11:49 - mmengine - INFO - Epoch(train) [19][ 750/1713]  lr: 2.0000e-04  eta: 0:10:42  time: 0.2412  data_time: 0.0075  memory: 2506  loss: 0.5846  loss_rpn_cls: 0.0053  loss_rpn_bbox: 0.0091  s0.loss_cls: 0.0646  s0.acc: 96.4844  s0.loss_bbox: 0.0568  s0.loss_mask: 0.1759  s1.loss_cls: 0.0221  s1.acc: 96.8750  s1.loss_bbox: 0.0551  s1.loss_mask: 0.0948  s2.loss_cls: 0.0107  s2.acc: 95.7031  s2.loss_bbox: 0.0431  s2.loss_mask: 0.0470
2024/01/15 00:12:02 - mmengine - INFO - Epoch(train) [19][ 800/1713]  lr: 2.0000e-04  eta: 0:10:30  time: 0.2460  data_time: 0.0073  memory: 2507  loss: 0.5838  loss_rpn_cls: 0.0039  loss_rpn_bbox: 0.0096  s0.loss_cls: 0.0624  s0.acc: 98.0469  s0.loss_bbox: 0.0594  s0.loss_mask: 0.1788  s1.loss_cls: 0.0210  s1.acc: 98.5537  s1.loss_bbox: 0.0561  s1.loss_mask: 0.0936  s2.loss_cls: 0.0107  s2.acc: 99.3478  s2.loss_bbox: 0.0427  s2.loss_mask: 0.0457
2024/01/15 00:12:14 - mmengine - INFO - Epoch(train) [19][ 850/1713]  lr: 2.0000e-04  eta: 0:10:18  time: 0.2407  data_time: 0.0072  memory: 2507  loss: 0.6085  loss_rpn_cls: 0.0040  loss_rpn_bbox: 0.0108  s0.loss_cls: 0.0608  s0.acc: 98.0469  s0.loss_bbox: 0.0627  s0.loss_mask: 0.1880  s1.loss_cls: 0.0212  s1.acc: 99.3603  s1.loss_bbox: 0.0606  s1.loss_mask: 0.0985  s2.loss_cls: 0.0102  s2.acc: 99.3213  s2.loss_bbox: 0.0438  s2.loss_mask: 0.0480
2024/01/15 00:12:26 - mmengine - INFO - Epoch(train) [19][ 900/1713]  lr: 2.0000e-04  eta: 0:10:06  time: 0.2457  data_time: 0.0075  memory: 2506  loss: 0.6270  loss_rpn_cls: 0.0067  loss_rpn_bbox: 0.0105  s0.loss_cls: 0.0640  s0.acc: 97.6562  s0.loss_bbox: 0.0607  s0.loss_mask: 0.1936  s1.loss_cls: 0.0215  s1.acc: 97.2656  s1.loss_bbox: 0.0623  s1.loss_mask: 0.1015  s2.loss_cls: 0.0113  s2.acc: 96.6797  s2.loss_bbox: 0.0454  s2.loss_mask: 0.0494
2024/01/15 00:12:38 - mmengine - INFO - Epoch(train) [19][ 950/1713]  lr: 2.0000e-04  eta: 0:09:54  time: 0.2459  data_time: 0.0070  memory: 2507  loss: 0.5603  loss_rpn_cls: 0.0057  loss_rpn_bbox: 0.0112  s0.loss_cls: 0.0606  s0.acc: 94.7266  s0.loss_bbox: 0.0549  s0.loss_mask: 0.1730  s1.loss_cls: 0.0193  s1.acc: 96.1864  s1.loss_bbox: 0.0524  s1.loss_mask: 0.0906  s2.loss_cls: 0.0109  s2.acc: 92.4406  s2.loss_bbox: 0.0367  s2.loss_mask: 0.0449
2024/01/15 00:12:51 - mmengine - INFO - Epoch(train) [19][1000/1713]  lr: 2.0000e-04  eta: 0:09:42  time: 0.2441  data_time: 0.0073  memory: 2505  loss: 0.5762  loss_rpn_cls: 0.0038  loss_rpn_bbox: 0.0108  s0.loss_cls: 0.0596  s0.acc: 98.8281  s0.loss_bbox: 0.0558  s0.loss_mask: 0.1811  s1.loss_cls: 0.0199  s1.acc: 99.0234  s1.loss_bbox: 0.0525  s1.loss_mask: 0.0947  s2.loss_cls: 0.0110  s2.acc: 99.8047  s2.loss_bbox: 0.0396  s2.loss_mask: 0.0474
2024/01/15 00:13:02 - mmengine - INFO - Epoch(train) [19][1050/1713]  lr: 2.0000e-04  eta: 0:09:30  time: 0.2395  data_time: 0.0068  memory: 2507  loss: 0.6112  loss_rpn_cls: 0.0053  loss_rpn_bbox: 0.0085  s0.loss_cls: 0.0606  s0.acc: 99.2188  s0.loss_bbox: 0.0641  s0.loss_mask: 0.1924  s1.loss_cls: 0.0203  s1.acc: 99.8047  s1.loss_bbox: 0.0594  s1.loss_mask: 0.0991  s2.loss_cls: 0.0104  s2.acc: 99.6032  s2.loss_bbox: 0.0427  s2.loss_mask: 0.0484
2024/01/15 00:13:15 - mmengine - INFO - Epoch(train) [19][1100/1713]  lr: 2.0000e-04  eta: 0:09:18  time: 0.2458  data_time: 0.0073  memory: 2503  loss: 0.5943  loss_rpn_cls: 0.0075  loss_rpn_bbox: 0.0096  s0.loss_cls: 0.0771  s0.acc: 98.2422  s0.loss_bbox: 0.0551  s0.loss_mask: 0.1682  s1.loss_cls: 0.0311  s1.acc: 98.8281  s1.loss_bbox: 0.0566  s1.loss_mask: 0.0893  s2.loss_cls: 0.0140  s2.acc: 99.6008  s2.loss_bbox: 0.0415  s2.loss_mask: 0.0443
2024/01/15 00:13:27 - mmengine - INFO - Epoch(train) [19][1150/1713]  lr: 2.0000e-04  eta: 0:09:06  time: 0.2393  data_time: 0.0069  memory: 2507  loss: 0.5817  loss_rpn_cls: 0.0046  loss_rpn_bbox: 0.0087  s0.loss_cls: 0.0610  s0.acc: 95.7031  s0.loss_bbox: 0.0565  s0.loss_mask: 0.1809  s1.loss_cls: 0.0211  s1.acc: 97.0464  s1.loss_bbox: 0.0540  s1.loss_mask: 0.0943  s2.loss_cls: 0.0107  s2.acc: 95.6710  s2.loss_bbox: 0.0428  s2.loss_mask: 0.0471
2024/01/15 00:13:31 - mmengine - INFO - Exp name: instance_20240114_220316
2024/01/15 00:13:39 - mmengine - INFO - Epoch(train) [19][1200/1713]  lr: 2.0000e-04  eta: 0:08:54  time: 0.2412  data_time: 0.0071  memory: 2507  loss: 0.5732  loss_rpn_cls: 0.0041  loss_rpn_bbox: 0.0096  s0.loss_cls: 0.0618  s0.acc: 98.2422  s0.loss_bbox: 0.0533  s0.loss_mask: 0.1768  s1.loss_cls: 0.0222  s1.acc: 98.4375  s1.loss_bbox: 0.0522  s1.loss_mask: 0.0932  s2.loss_cls: 0.0109  s2.acc: 99.6094  s2.loss_bbox: 0.0419  s2.loss_mask: 0.0470
2024/01/15 00:13:52 - mmengine - INFO - Epoch(train) [19][1250/1713]  lr: 2.0000e-04  eta: 0:08:42  time: 0.2582  data_time: 0.0074  memory: 2507  loss: 0.6230  loss_rpn_cls: 0.0046  loss_rpn_bbox: 0.0109  s0.loss_cls: 0.0644  s0.acc: 95.5078  s0.loss_bbox: 0.0645  s0.loss_mask: 0.1881  s1.loss_cls: 0.0224  s1.acc: 96.8750  s1.loss_bbox: 0.0619  s1.loss_mask: 0.0977  s2.loss_cls: 0.0110  s2.acc: 97.0703  s2.loss_bbox: 0.0490  s2.loss_mask: 0.0485
2024/01/15 00:14:04 - mmengine - INFO - Epoch(train) [19][1300/1713]  lr: 2.0000e-04  eta: 0:08:30  time: 0.2512  data_time: 0.0074  memory: 2507  loss: 0.5630  loss_rpn_cls: 0.0041  loss_rpn_bbox: 0.0105  s0.loss_cls: 0.0649  s0.acc: 99.4141  s0.loss_bbox: 0.0563  s0.loss_mask: 0.1695  s1.loss_cls: 0.0209  s1.acc: 99.0234  s1.loss_bbox: 0.0537  s1.loss_mask: 0.0885  s2.loss_cls: 0.0096  s2.acc: 99.4141  s2.loss_bbox: 0.0410  s2.loss_mask: 0.0440
2024/01/15 00:14:16 - mmengine - INFO - Epoch(train) [19][1350/1713]  lr: 2.0000e-04  eta: 0:08:18  time: 0.2404  data_time: 0.0071  memory: 2503  loss: 0.5924  loss_rpn_cls: 0.0051  loss_rpn_bbox: 0.0098  s0.loss_cls: 0.0664  s0.acc: 97.8516  s0.loss_bbox: 0.0576  s0.loss_mask: 0.1765  s1.loss_cls: 0.0239  s1.acc: 97.9920  s1.loss_bbox: 0.0561  s1.loss_mask: 0.0926  s2.loss_cls: 0.0123  s2.acc: 98.5263  s2.loss_bbox: 0.0449  s2.loss_mask: 0.0469
2024/01/15 00:14:29 - mmengine - INFO - Epoch(train) [19][1400/1713]  lr: 2.0000e-04  eta: 0:08:06  time: 0.2468  data_time: 0.0077  memory: 2507  loss: 0.6267  loss_rpn_cls: 0.0067  loss_rpn_bbox: 0.0114  s0.loss_cls: 0.0668  s0.acc: 98.2422  s0.loss_bbox: 0.0614  s0.loss_mask: 0.1883  s1.loss_cls: 0.0226  s1.acc: 99.2188  s1.loss_bbox: 0.0627  s1.loss_mask: 0.0986  s2.loss_cls: 0.0112  s2.acc: 98.2422  s2.loss_bbox: 0.0476  s2.loss_mask: 0.0492
2024/01/15 00:14:41 - mmengine - INFO - Epoch(train) [19][1450/1713]  lr: 2.0000e-04  eta: 0:07:54  time: 0.2420  data_time: 0.0069  memory: 2457  loss: 0.5128  loss_rpn_cls: 0.0054  loss_rpn_bbox: 0.0072  s0.loss_cls: 0.0496  s0.acc: 98.4375  s0.loss_bbox: 0.0449  s0.loss_mask: 0.1698  s1.loss_cls: 0.0164  s1.acc: 99.2110  s1.loss_bbox: 0.0440  s1.loss_mask: 0.0897  s2.loss_cls: 0.0085  s2.acc: 98.7680  s2.loss_bbox: 0.0324  s2.loss_mask: 0.0446
2024/01/15 00:14:53 - mmengine - INFO - Epoch(train) [19][1500/1713]  lr: 2.0000e-04  eta: 0:07:42  time: 0.2465  data_time: 0.0072  memory: 2507  loss: 0.6072  loss_rpn_cls: 0.0047  loss_rpn_bbox: 0.0103  s0.loss_cls: 0.0603  s0.acc: 97.2656  s0.loss_bbox: 0.0626  s0.loss_mask: 0.1870  s1.loss_cls: 0.0205  s1.acc: 96.9631  s1.loss_bbox: 0.0610  s1.loss_mask: 0.0972  s2.loss_cls: 0.0111  s2.acc: 94.4196  s2.loss_bbox: 0.0448  s2.loss_mask: 0.0476
2024/01/15 00:15:05 - mmengine - INFO - Epoch(train) [19][1550/1713]  lr: 2.0000e-04  eta: 0:07:30  time: 0.2396  data_time: 0.0068  memory: 2507  loss: 0.5639  loss_rpn_cls: 0.0038  loss_rpn_bbox: 0.0105  s0.loss_cls: 0.0617  s0.acc: 98.4375  s0.loss_bbox: 0.0534  s0.loss_mask: 0.1768  s1.loss_cls: 0.0205  s1.acc: 99.0234  s1.loss_bbox: 0.0513  s1.loss_mask: 0.0922  s2.loss_cls: 0.0097  s2.acc: 99.4141  s2.loss_bbox: 0.0381  s2.loss_mask: 0.0458
2024/01/15 00:15:17 - mmengine - INFO - Epoch(train) [19][1600/1713]  lr: 2.0000e-04  eta: 0:07:18  time: 0.2469  data_time: 0.0076  memory: 2504  loss: 0.5708  loss_rpn_cls: 0.0053  loss_rpn_bbox: 0.0119  s0.loss_cls: 0.0612  s0.acc: 97.2656  s0.loss_bbox: 0.0572  s0.loss_mask: 0.1749  s1.loss_cls: 0.0204  s1.acc: 98.1211  s1.loss_bbox: 0.0524  s1.loss_mask: 0.0918  s2.loss_cls: 0.0098  s2.acc: 97.8678  s2.loss_bbox: 0.0399  s2.loss_mask: 0.0459
2024/01/15 00:15:30 - mmengine - INFO - Epoch(train) [19][1650/1713]  lr: 2.0000e-04  eta: 0:07:06  time: 0.2503  data_time: 0.0078  memory: 2503  loss: 0.6272  loss_rpn_cls: 0.0077  loss_rpn_bbox: 0.0135  s0.loss_cls: 0.0661  s0.acc: 93.7500  s0.loss_bbox: 0.0639  s0.loss_mask: 0.1853  s1.loss_cls: 0.0241  s1.acc: 87.3047  s1.loss_bbox: 0.0623  s1.loss_mask: 0.0964  s2.loss_cls: 0.0131  s2.acc: 88.4766  s2.loss_bbox: 0.0475  s2.loss_mask: 0.0475
2024/01/15 00:15:42 - mmengine - INFO - Epoch(train) [19][1700/1713]  lr: 2.0000e-04  eta: 0:06:54  time: 0.2416  data_time: 0.0071  memory: 2507  loss: 0.5696  loss_rpn_cls: 0.0032  loss_rpn_bbox: 0.0102  s0.loss_cls: 0.0618  s0.acc: 98.2422  s0.loss_bbox: 0.0576  s0.loss_mask: 0.1747  s1.loss_cls: 0.0205  s1.acc: 99.1919  s1.loss_bbox: 0.0541  s1.loss_mask: 0.0903  s2.loss_cls: 0.0102  s2.acc: 99.7925  s2.loss_bbox: 0.0416  s2.loss_mask: 0.0454
2024/01/15 00:15:45 - mmengine - INFO - Exp name: instance_20240114_220316
2024/01/15 00:15:49 - mmengine - INFO - Epoch(val) [19][50/71]    eta: 0:00:01  time: 0.0796  data_time: 0.0068  memory: 2506  
2024/01/15 00:15:51 - mmengine - INFO - Evaluating bbox...
2024/01/15 00:15:51 - mmengine - INFO - bbox_mAP_copypaste: 0.674 0.934 0.790 0.620 0.741 -1.000
2024/01/15 00:15:51 - mmengine - INFO - Epoch(val) [19][71/71]    coco/bbox_mAP: 0.6740  coco/bbox_mAP_50: 0.9340  coco/bbox_mAP_75: 0.7900  coco/bbox_mAP_s: 0.6200  coco/bbox_mAP_m: 0.7410  coco/bbox_mAP_l: -1.0000  data_time: 0.0065  time: 0.0787
2024/01/15 00:15:51 - mmengine - INFO - The previous best checkpoint /home/hasnatpie/thesis01/results_default20/best_coco_bbox_mAP_epoch_18.pth is removed
2024/01/15 00:15:52 - mmengine - INFO - The best checkpoint with 0.6740 coco/bbox_mAP at 19 epoch is saved to best_coco_bbox_mAP_epoch_19.pth.
2024/01/15 00:16:05 - mmengine - INFO - Epoch(train) [20][  50/1713]  lr: 2.0000e-04  eta: 0:06:39  time: 0.2518  data_time: 0.0088  memory: 2504  loss: 0.6016  loss_rpn_cls: 0.0042  loss_rpn_bbox: 0.0107  s0.loss_cls: 0.0675  s0.acc: 96.4844  s0.loss_bbox: 0.0591  s0.loss_mask: 0.1785  s1.loss_cls: 0.0261  s1.acc: 98.5944  s1.loss_bbox: 0.0579  s1.loss_mask: 0.0949  s2.loss_cls: 0.0128  s2.acc: 99.1820  s2.loss_bbox: 0.0429  s2.loss_mask: 0.0470
2024/01/15 00:16:17 - mmengine - INFO - Epoch(train) [20][ 100/1713]  lr: 2.0000e-04  eta: 0:06:27  time: 0.2379  data_time: 0.0072  memory: 2504  loss: 0.5436  loss_rpn_cls: 0.0057  loss_rpn_bbox: 0.0102  s0.loss_cls: 0.0557  s0.acc: 94.7266  s0.loss_bbox: 0.0516  s0.loss_mask: 0.1686  s1.loss_cls: 0.0216  s1.acc: 92.3541  s1.loss_bbox: 0.0495  s1.loss_mask: 0.0889  s2.loss_cls: 0.0098  s2.acc: 92.9167  s2.loss_bbox: 0.0377  s2.loss_mask: 0.0443
2024/01/15 00:16:29 - mmengine - INFO - Epoch(train) [20][ 150/1713]  lr: 2.0000e-04  eta: 0:06:15  time: 0.2447  data_time: 0.0072  memory: 2507  loss: 0.6109  loss_rpn_cls: 0.0047  loss_rpn_bbox: 0.0104  s0.loss_cls: 0.0600  s0.acc: 97.0703  s0.loss_bbox: 0.0592  s0.loss_mask: 0.1910  s1.loss_cls: 0.0229  s1.acc: 97.6378  s1.loss_bbox: 0.0586  s1.loss_mask: 0.0999  s2.loss_cls: 0.0111  s2.acc: 98.6056  s2.loss_bbox: 0.0439  s2.loss_mask: 0.0492
2024/01/15 00:16:41 - mmengine - INFO - Epoch(train) [20][ 200/1713]  lr: 2.0000e-04  eta: 0:06:03  time: 0.2380  data_time: 0.0075  memory: 2494  loss: 0.5631  loss_rpn_cls: 0.0050  loss_rpn_bbox: 0.0090  s0.loss_cls: 0.0559  s0.acc: 100.0000  s0.loss_bbox: 0.0525  s0.loss_mask: 0.1800  s1.loss_cls: 0.0173  s1.acc: 99.6094  s1.loss_bbox: 0.0530  s1.loss_mask: 0.0944  s2.loss_cls: 0.0093  s2.acc: 99.2188  s2.loss_bbox: 0.0395  s2.loss_mask: 0.0472
2024/01/15 00:16:53 - mmengine - INFO - Epoch(train) [20][ 250/1713]  lr: 2.0000e-04  eta: 0:05:51  time: 0.2444  data_time: 0.0075  memory: 2507  loss: 0.5926  loss_rpn_cls: 0.0068  loss_rpn_bbox: 0.0112  s0.loss_cls: 0.0628  s0.acc: 94.7266  s0.loss_bbox: 0.0606  s0.loss_mask: 0.1775  s1.loss_cls: 0.0214  s1.acc: 97.4843  s1.loss_bbox: 0.0579  s1.loss_mask: 0.0936  s2.loss_cls: 0.0108  s2.acc: 95.5032  s2.loss_bbox: 0.0432  s2.loss_mask: 0.0469
2024/01/15 00:17:05 - mmengine - INFO - Epoch(train) [20][ 300/1713]  lr: 2.0000e-04  eta: 0:05:39  time: 0.2409  data_time: 0.0073  memory: 2505  loss: 0.6289  loss_rpn_cls: 0.0071  loss_rpn_bbox: 0.0107  s0.loss_cls: 0.0660  s0.acc: 97.4609  s0.loss_bbox: 0.0643  s0.loss_mask: 0.1915  s1.loss_cls: 0.0233  s1.acc: 98.6328  s1.loss_bbox: 0.0593  s1.loss_mask: 0.0983  s2.loss_cls: 0.0123  s2.acc: 98.4375  s2.loss_bbox: 0.0470  s2.loss_mask: 0.0489
2024/01/15 00:17:18 - mmengine - INFO - Epoch(train) [20][ 350/1713]  lr: 2.0000e-04  eta: 0:05:27  time: 0.2435  data_time: 0.0075  memory: 2506  loss: 0.6458  loss_rpn_cls: 0.0054  loss_rpn_bbox: 0.0128  s0.loss_cls: 0.0722  s0.acc: 96.8750  s0.loss_bbox: 0.0681  s0.loss_mask: 0.1902  s1.loss_cls: 0.0259  s1.acc: 96.6797  s1.loss_bbox: 0.0623  s1.loss_mask: 0.0988  s2.loss_cls: 0.0126  s2.acc: 96.8750  s2.loss_bbox: 0.0489  s2.loss_mask: 0.0485
2024/01/15 00:17:30 - mmengine - INFO - Epoch(train) [20][ 400/1713]  lr: 2.0000e-04  eta: 0:05:15  time: 0.2425  data_time: 0.0072  memory: 2505  loss: 0.6533  loss_rpn_cls: 0.0051  loss_rpn_bbox: 0.0118  s0.loss_cls: 0.0750  s0.acc: 95.7031  s0.loss_bbox: 0.0685  s0.loss_mask: 0.1962  s1.loss_cls: 0.0274  s1.acc: 96.8379  s1.loss_bbox: 0.0624  s1.loss_mask: 0.1019  s2.loss_cls: 0.0134  s2.acc: 97.1602  s2.loss_bbox: 0.0427  s2.loss_mask: 0.0490
2024/01/15 00:17:42 - mmengine - INFO - Epoch(train) [20][ 450/1713]  lr: 2.0000e-04  eta: 0:05:03  time: 0.2445  data_time: 0.0076  memory: 2507  loss: 0.5827  loss_rpn_cls: 0.0056  loss_rpn_bbox: 0.0109  s0.loss_cls: 0.0591  s0.acc: 99.2188  s0.loss_bbox: 0.0606  s0.loss_mask: 0.1733  s1.loss_cls: 0.0196  s1.acc: 99.2188  s1.loss_bbox: 0.0619  s1.loss_mask: 0.0920  s2.loss_cls: 0.0105  s2.acc: 99.4141  s2.loss_bbox: 0.0440  s2.loss_mask: 0.0452
2024/01/15 00:17:43 - mmengine - INFO - Exp name: instance_20240114_220316
2024/01/15 00:17:54 - mmengine - INFO - Epoch(train) [20][ 500/1713]  lr: 2.0000e-04  eta: 0:04:51  time: 0.2385  data_time: 0.0074  memory: 2502  loss: 0.6191  loss_rpn_cls: 0.0091  loss_rpn_bbox: 0.0111  s0.loss_cls: 0.0645  s0.acc: 98.8281  s0.loss_bbox: 0.0618  s0.loss_mask: 0.1900  s1.loss_cls: 0.0251  s1.acc: 98.8281  s1.loss_bbox: 0.0580  s1.loss_mask: 0.0972  s2.loss_cls: 0.0114  s2.acc: 97.6562  s2.loss_bbox: 0.0432  s2.loss_mask: 0.0477
2024/01/15 00:18:06 - mmengine - INFO - Epoch(train) [20][ 550/1713]  lr: 2.0000e-04  eta: 0:04:39  time: 0.2450  data_time: 0.0071  memory: 2506  loss: 0.5557  loss_rpn_cls: 0.0054  loss_rpn_bbox: 0.0085  s0.loss_cls: 0.0632  s0.acc: 96.4844  s0.loss_bbox: 0.0536  s0.loss_mask: 0.1744  s1.loss_cls: 0.0219  s1.acc: 98.9059  s1.loss_bbox: 0.0483  s1.loss_mask: 0.0908  s2.loss_cls: 0.0101  s2.acc: 98.1439  s2.loss_bbox: 0.0349  s2.loss_mask: 0.0445
2024/01/15 00:18:18 - mmengine - INFO - Epoch(train) [20][ 600/1713]  lr: 2.0000e-04  eta: 0:04:27  time: 0.2306  data_time: 0.0068  memory: 2485  loss: 0.5791  loss_rpn_cls: 0.0083  loss_rpn_bbox: 0.0097  s0.loss_cls: 0.0582  s0.acc: 98.0469  s0.loss_bbox: 0.0545  s0.loss_mask: 0.1785  s1.loss_cls: 0.0218  s1.acc: 98.4375  s1.loss_bbox: 0.0552  s1.loss_mask: 0.0945  s2.loss_cls: 0.0105  s2.acc: 98.4375  s2.loss_bbox: 0.0413  s2.loss_mask: 0.0467
2024/01/15 00:18:30 - mmengine - INFO - Epoch(train) [20][ 650/1713]  lr: 2.0000e-04  eta: 0:04:15  time: 0.2467  data_time: 0.0075  memory: 2504  loss: 0.6224  loss_rpn_cls: 0.0049  loss_rpn_bbox: 0.0100  s0.loss_cls: 0.0688  s0.acc: 97.6562  s0.loss_bbox: 0.0644  s0.loss_mask: 0.1893  s1.loss_cls: 0.0224  s1.acc: 96.8619  s1.loss_bbox: 0.0616  s1.loss_mask: 0.0972  s2.loss_cls: 0.0110  s2.acc: 99.1150  s2.loss_bbox: 0.0451  s2.loss_mask: 0.0478
2024/01/15 00:18:42 - mmengine - INFO - Epoch(train) [20][ 700/1713]  lr: 2.0000e-04  eta: 0:04:03  time: 0.2414  data_time: 0.0073  memory: 2506  loss: 0.5889  loss_rpn_cls: 0.0077  loss_rpn_bbox: 0.0099  s0.loss_cls: 0.0615  s0.acc: 98.0469  s0.loss_bbox: 0.0560  s0.loss_mask: 0.1825  s1.loss_cls: 0.0211  s1.acc: 97.8516  s1.loss_bbox: 0.0553  s1.loss_mask: 0.0951  s2.loss_cls: 0.0110  s2.acc: 96.0938  s2.loss_bbox: 0.0424  s2.loss_mask: 0.0465
2024/01/15 00:18:54 - mmengine - INFO - Epoch(train) [20][ 750/1713]  lr: 2.0000e-04  eta: 0:03:51  time: 0.2451  data_time: 0.0079  memory: 2507  loss: 0.5850  loss_rpn_cls: 0.0046  loss_rpn_bbox: 0.0101  s0.loss_cls: 0.0617  s0.acc: 98.6328  s0.loss_bbox: 0.0590  s0.loss_mask: 0.1768  s1.loss_cls: 0.0204  s1.acc: 98.8281  s1.loss_bbox: 0.0588  s1.loss_mask: 0.0931  s2.loss_cls: 0.0102  s2.acc: 98.6328  s2.loss_bbox: 0.0439  s2.loss_mask: 0.0462
2024/01/15 00:19:07 - mmengine - INFO - Epoch(train) [20][ 800/1713]  lr: 2.0000e-04  eta: 0:03:39  time: 0.2491  data_time: 0.0077  memory: 2507  loss: 0.5923  loss_rpn_cls: 0.0054  loss_rpn_bbox: 0.0100  s0.loss_cls: 0.0651  s0.acc: 99.2188  s0.loss_bbox: 0.0602  s0.loss_mask: 0.1779  s1.loss_cls: 0.0213  s1.acc: 99.4141  s1.loss_bbox: 0.0600  s1.loss_mask: 0.0934  s2.loss_cls: 0.0101  s2.acc: 98.6328  s2.loss_bbox: 0.0426  s2.loss_mask: 0.0463
2024/01/15 00:19:19 - mmengine - INFO - Epoch(train) [20][ 850/1713]  lr: 2.0000e-04  eta: 0:03:27  time: 0.2460  data_time: 0.0074  memory: 2505  loss: 0.5771  loss_rpn_cls: 0.0048  loss_rpn_bbox: 0.0107  s0.loss_cls: 0.0599  s0.acc: 98.6328  s0.loss_bbox: 0.0570  s0.loss_mask: 0.1806  s1.loss_cls: 0.0201  s1.acc: 98.8281  s1.loss_bbox: 0.0548  s1.loss_mask: 0.0942  s2.loss_cls: 0.0100  s2.acc: 98.8281  s2.loss_bbox: 0.0388  s2.loss_mask: 0.0463
2024/01/15 00:19:31 - mmengine - INFO - Epoch(train) [20][ 900/1713]  lr: 2.0000e-04  eta: 0:03:15  time: 0.2481  data_time: 0.0073  memory: 2506  loss: 0.6094  loss_rpn_cls: 0.0046  loss_rpn_bbox: 0.0117  s0.loss_cls: 0.0650  s0.acc: 96.4844  s0.loss_bbox: 0.0642  s0.loss_mask: 0.1846  s1.loss_cls: 0.0219  s1.acc: 98.9339  s1.loss_bbox: 0.0576  s1.loss_mask: 0.0964  s2.loss_cls: 0.0112  s2.acc: 98.8864  s2.loss_bbox: 0.0443  s2.loss_mask: 0.0478
2024/01/15 00:19:44 - mmengine - INFO - Epoch(train) [20][ 950/1713]  lr: 2.0000e-04  eta: 0:03:03  time: 0.2445  data_time: 0.0071  memory: 2507  loss: 0.5718  loss_rpn_cls: 0.0032  loss_rpn_bbox: 0.0089  s0.loss_cls: 0.0579  s0.acc: 97.4609  s0.loss_bbox: 0.0567  s0.loss_mask: 0.1800  s1.loss_cls: 0.0200  s1.acc: 99.0119  s1.loss_bbox: 0.0523  s1.loss_mask: 0.0939  s2.loss_cls: 0.0105  s2.acc: 99.5968  s2.loss_bbox: 0.0419  s2.loss_mask: 0.0465
2024/01/15 00:19:56 - mmengine - INFO - Epoch(train) [20][1000/1713]  lr: 2.0000e-04  eta: 0:02:51  time: 0.2454  data_time: 0.0071  memory: 2506  loss: 0.5891  loss_rpn_cls: 0.0052  loss_rpn_bbox: 0.0104  s0.loss_cls: 0.0627  s0.acc: 97.8516  s0.loss_bbox: 0.0602  s0.loss_mask: 0.1778  s1.loss_cls: 0.0200  s1.acc: 99.0234  s1.loss_bbox: 0.0585  s1.loss_mask: 0.0935  s2.loss_cls: 0.0101  s2.acc: 99.6094  s2.loss_bbox: 0.0439  s2.loss_mask: 0.0467
2024/01/15 00:20:08 - mmengine - INFO - Epoch(train) [20][1050/1713]  lr: 2.0000e-04  eta: 0:02:39  time: 0.2479  data_time: 0.0072  memory: 2505  loss: 0.5825  loss_rpn_cls: 0.0054  loss_rpn_bbox: 0.0108  s0.loss_cls: 0.0597  s0.acc: 98.2422  s0.loss_bbox: 0.0572  s0.loss_mask: 0.1763  s1.loss_cls: 0.0218  s1.acc: 98.9837  s1.loss_bbox: 0.0582  s1.loss_mask: 0.0940  s2.loss_cls: 0.0113  s2.acc: 99.1632  s2.loss_bbox: 0.0419  s2.loss_mask: 0.0459
2024/01/15 00:20:20 - mmengine - INFO - Epoch(train) [20][1100/1713]  lr: 2.0000e-04  eta: 0:02:27  time: 0.2365  data_time: 0.0071  memory: 2505  loss: 0.5528  loss_rpn_cls: 0.0052  loss_rpn_bbox: 0.0088  s0.loss_cls: 0.0622  s0.acc: 98.2422  s0.loss_bbox: 0.0524  s0.loss_mask: 0.1656  s1.loss_cls: 0.0206  s1.acc: 98.8839  s1.loss_bbox: 0.0537  s1.loss_mask: 0.0880  s2.loss_cls: 0.0099  s2.acc: 99.0521  s2.loss_bbox: 0.0421  s2.loss_mask: 0.0443
2024/01/15 00:20:32 - mmengine - INFO - Epoch(train) [20][1150/1713]  lr: 2.0000e-04  eta: 0:02:15  time: 0.2436  data_time: 0.0074  memory: 2506  loss: 0.6713  loss_rpn_cls: 0.0040  loss_rpn_bbox: 0.0124  s0.loss_cls: 0.0707  s0.acc: 97.4609  s0.loss_bbox: 0.0717  s0.loss_mask: 0.2051  s1.loss_cls: 0.0236  s1.acc: 99.3103  s1.loss_bbox: 0.0691  s1.loss_mask: 0.1052  s2.loss_cls: 0.0121  s2.acc: 99.5098  s2.loss_bbox: 0.0467  s2.loss_mask: 0.0507
2024/01/15 00:20:44 - mmengine - INFO - Epoch(train) [20][1200/1713]  lr: 2.0000e-04  eta: 0:02:03  time: 0.2387  data_time: 0.0073  memory: 2507  loss: 0.5867  loss_rpn_cls: 0.0067  loss_rpn_bbox: 0.0096  s0.loss_cls: 0.0633  s0.acc: 97.6562  s0.loss_bbox: 0.0585  s0.loss_mask: 0.1807  s1.loss_cls: 0.0249  s1.acc: 99.1870  s1.loss_bbox: 0.0549  s1.loss_mask: 0.0931  s2.loss_cls: 0.0109  s2.acc: 99.1632  s2.loss_bbox: 0.0383  s2.loss_mask: 0.0457
2024/01/15 00:20:56 - mmengine - INFO - Epoch(train) [20][1250/1713]  lr: 2.0000e-04  eta: 0:01:51  time: 0.2373  data_time: 0.0068  memory: 2505  loss: 0.5642  loss_rpn_cls: 0.0037  loss_rpn_bbox: 0.0092  s0.loss_cls: 0.0597  s0.acc: 96.6797  s0.loss_bbox: 0.0531  s0.loss_mask: 0.1737  s1.loss_cls: 0.0200  s1.acc: 99.3548  s1.loss_bbox: 0.0534  s1.loss_mask: 0.0938  s2.loss_cls: 0.0092  s2.acc: 98.6517  s2.loss_bbox: 0.0416  s2.loss_mask: 0.0469
2024/01/15 00:21:08 - mmengine - INFO - Epoch(train) [20][1300/1713]  lr: 2.0000e-04  eta: 0:01:39  time: 0.2432  data_time: 0.0072  memory: 2505  loss: 0.5905  loss_rpn_cls: 0.0049  loss_rpn_bbox: 0.0099  s0.loss_cls: 0.0656  s0.acc: 98.6328  s0.loss_bbox: 0.0596  s0.loss_mask: 0.1752  s1.loss_cls: 0.0228  s1.acc: 97.6562  s1.loss_bbox: 0.0596  s1.loss_mask: 0.0927  s2.loss_cls: 0.0110  s2.acc: 98.6328  s2.loss_bbox: 0.0438  s2.loss_mask: 0.0453
2024/01/15 00:21:20 - mmengine - INFO - Epoch(train) [20][1350/1713]  lr: 2.0000e-04  eta: 0:01:27  time: 0.2353  data_time: 0.0067  memory: 2506  loss: 0.6072  loss_rpn_cls: 0.0043  loss_rpn_bbox: 0.0079  s0.loss_cls: 0.0637  s0.acc: 98.0469  s0.loss_bbox: 0.0610  s0.loss_mask: 0.1930  s1.loss_cls: 0.0200  s1.acc: 98.2906  s1.loss_bbox: 0.0573  s1.loss_mask: 0.0976  s2.loss_cls: 0.0103  s2.acc: 99.1091  s2.loss_bbox: 0.0436  s2.loss_mask: 0.0485
2024/01/15 00:21:32 - mmengine - INFO - Epoch(train) [20][1400/1713]  lr: 2.0000e-04  eta: 0:01:15  time: 0.2409  data_time: 0.0069  memory: 2505  loss: 0.5857  loss_rpn_cls: 0.0054  loss_rpn_bbox: 0.0100  s0.loss_cls: 0.0651  s0.acc: 98.0469  s0.loss_bbox: 0.0576  s0.loss_mask: 0.1770  s1.loss_cls: 0.0235  s1.acc: 98.0469  s1.loss_bbox: 0.0547  s1.loss_mask: 0.0938  s2.loss_cls: 0.0114  s2.acc: 98.4375  s2.loss_bbox: 0.0406  s2.loss_mask: 0.0466
2024/01/15 00:21:44 - mmengine - INFO - Epoch(train) [20][1450/1713]  lr: 2.0000e-04  eta: 0:01:03  time: 0.2375  data_time: 0.0070  memory: 2507  loss: 0.6081  loss_rpn_cls: 0.0039  loss_rpn_bbox: 0.0100  s0.loss_cls: 0.0611  s0.acc: 98.6328  s0.loss_bbox: 0.0621  s0.loss_mask: 0.1835  s1.loss_cls: 0.0230  s1.acc: 99.2188  s1.loss_bbox: 0.0618  s1.loss_mask: 0.0965  s2.loss_cls: 0.0113  s2.acc: 98.4375  s2.loss_bbox: 0.0463  s2.loss_mask: 0.0485
2024/01/15 00:21:45 - mmengine - INFO - Exp name: instance_20240114_220316
2024/01/15 00:21:56 - mmengine - INFO - Epoch(train) [20][1500/1713]  lr: 2.0000e-04  eta: 0:00:51  time: 0.2317  data_time: 0.0068  memory: 2508  loss: 0.5686  loss_rpn_cls: 0.0046  loss_rpn_bbox: 0.0087  s0.loss_cls: 0.0640  s0.acc: 97.8516  s0.loss_bbox: 0.0532  s0.loss_mask: 0.1777  s1.loss_cls: 0.0229  s1.acc: 98.6328  s1.loss_bbox: 0.0483  s1.loss_mask: 0.0924  s2.loss_cls: 0.0120  s2.acc: 98.8281  s2.loss_bbox: 0.0384  s2.loss_mask: 0.0462
2024/01/15 00:22:08 - mmengine - INFO - Epoch(train) [20][1550/1713]  lr: 2.0000e-04  eta: 0:00:39  time: 0.2398  data_time: 0.0069  memory: 2506  loss: 0.5902  loss_rpn_cls: 0.0069  loss_rpn_bbox: 0.0109  s0.loss_cls: 0.0630  s0.acc: 97.4609  s0.loss_bbox: 0.0617  s0.loss_mask: 0.1774  s1.loss_cls: 0.0219  s1.acc: 98.6328  s1.loss_bbox: 0.0573  s1.loss_mask: 0.0931  s2.loss_cls: 0.0110  s2.acc: 98.8024  s2.loss_bbox: 0.0416  s2.loss_mask: 0.0453
2024/01/15 00:22:20 - mmengine - INFO - Epoch(train) [20][1600/1713]  lr: 2.0000e-04  eta: 0:00:27  time: 0.2392  data_time: 0.0067  memory: 2480  loss: 0.6016  loss_rpn_cls: 0.0053  loss_rpn_bbox: 0.0097  s0.loss_cls: 0.0608  s0.acc: 97.8516  s0.loss_bbox: 0.0590  s0.loss_mask: 0.1840  s1.loss_cls: 0.0235  s1.acc: 98.3333  s1.loss_bbox: 0.0579  s1.loss_mask: 0.0960  s2.loss_cls: 0.0115  s2.acc: 97.6293  s2.loss_bbox: 0.0458  s2.loss_mask: 0.0480
2024/01/15 00:22:31 - mmengine - INFO - Epoch(train) [20][1650/1713]  lr: 2.0000e-04  eta: 0:00:15  time: 0.2313  data_time: 0.0066  memory: 2503  loss: 0.5510  loss_rpn_cls: 0.0034  loss_rpn_bbox: 0.0086  s0.loss_cls: 0.0538  s0.acc: 98.2422  s0.loss_bbox: 0.0493  s0.loss_mask: 0.1778  s1.loss_cls: 0.0181  s1.acc: 99.2188  s1.loss_bbox: 0.0502  s1.loss_mask: 0.0946  s2.loss_cls: 0.0096  s2.acc: 99.7980  s2.loss_bbox: 0.0388  s2.loss_mask: 0.0469
2024/01/15 00:22:43 - mmengine - INFO - Epoch(train) [20][1700/1713]  lr: 2.0000e-04  eta: 0:00:03  time: 0.2376  data_time: 0.0068  memory: 2506  loss: 0.5715  loss_rpn_cls: 0.0050  loss_rpn_bbox: 0.0096  s0.loss_cls: 0.0580  s0.acc: 97.2656  s0.loss_bbox: 0.0510  s0.loss_mask: 0.1805  s1.loss_cls: 0.0195  s1.acc: 98.2422  s1.loss_bbox: 0.0525  s1.loss_mask: 0.0952  s2.loss_cls: 0.0107  s2.acc: 97.6562  s2.loss_bbox: 0.0420  s2.loss_mask: 0.0475
2024/01/15 00:22:46 - mmengine - INFO - Exp name: instance_20240114_220316
2024/01/15 00:22:46 - mmengine - INFO - Saving checkpoint at 20 epochs
2024/01/15 00:22:52 - mmengine - INFO - Epoch(val) [20][50/71]    eta: 0:00:01  time: 0.0768  data_time: 0.0065  memory: 2504  
2024/01/15 00:22:54 - mmengine - INFO - Evaluating bbox...
2024/01/15 00:22:54 - mmengine - INFO - bbox_mAP_copypaste: 0.676 0.935 0.792 0.622 0.741 -1.000
2024/01/15 00:22:54 - mmengine - INFO - Epoch(val) [20][71/71]    coco/bbox_mAP: 0.6760  coco/bbox_mAP_50: 0.9350  coco/bbox_mAP_75: 0.7920  coco/bbox_mAP_s: 0.6220  coco/bbox_mAP_m: 0.7410  coco/bbox_mAP_l: -1.0000  data_time: 0.0065  time: 0.0763
2024/01/15 00:22:54 - mmengine - INFO - The previous best checkpoint /home/hasnatpie/thesis01/results_default20/best_coco_bbox_mAP_epoch_19.pth is removed
2024/01/15 00:22:55 - mmengine - INFO - The best checkpoint with 0.6760 coco/bbox_mAP at 20 epoch is saved to best_coco_bbox_mAP_epoch_20.pth.
