2024/01/18 11:29:33 - mmengine - INFO - 
------------------------------------------------------------
System environment:
    sys.platform: linux
    Python: 3.8.18 (default, Sep 11 2023, 13:40:15) [GCC 11.2.0]
    CUDA available: True
    numpy_random_seed: 351050173
    GPU 0: NVIDIA GeForce RTX 3060 Ti
    CUDA_HOME: None
    GCC: gcc (Ubuntu 11.4.0-1ubuntu1~22.04) 11.4.0
    PyTorch: 2.1.2
    PyTorch compiling details: PyTorch built with:
  - GCC 9.3
  - C++ Version: 201703
  - Intel(R) oneAPI Math Kernel Library Version 2023.1-Product Build 20230303 for Intel(R) 64 architecture applications
  - Intel(R) MKL-DNN v3.1.1 (Git Hash 64f6bcbcbab628e96f33a62c3e975f8535a7bde4)
  - OpenMP 201511 (a.k.a. OpenMP 4.5)
  - LAPACK is enabled (usually provided by MKL)
  - NNPACK is enabled
  - CPU capability usage: AVX2
  - CUDA Runtime 12.1
  - NVCC architecture flags: -gencode;arch=compute_50,code=sm_50;-gencode;arch=compute_60,code=sm_60;-gencode;arch=compute_61,code=sm_61;-gencode;arch=compute_70,code=sm_70;-gencode;arch=compute_75,code=sm_75;-gencode;arch=compute_80,code=sm_80;-gencode;arch=compute_86,code=sm_86;-gencode;arch=compute_90,code=sm_90
  - CuDNN 8.9.2
  - Magma 2.6.1
  - Build settings: BLAS_INFO=mkl, BUILD_TYPE=Release, CUDA_VERSION=12.1, CUDNN_VERSION=8.9.2, CXX_COMPILER=/opt/rh/devtoolset-9/root/usr/bin/c++, CXX_FLAGS= -D_GLIBCXX_USE_CXX11_ABI=0 -fabi-version=11 -fvisibility-inlines-hidden -DUSE_PTHREADPOOL -DNDEBUG -DUSE_KINETO -DLIBKINETO_NOROCTRACER -DUSE_FBGEMM -DUSE_QNNPACK -DUSE_PYTORCH_QNNPACK -DUSE_XNNPACK -DSYMBOLICATE_MOBILE_DEBUG_HANDLE -O2 -fPIC -Wall -Wextra -Werror=return-type -Werror=non-virtual-dtor -Werror=bool-operation -Wnarrowing -Wno-missing-field-initializers -Wno-type-limits -Wno-array-bounds -Wno-unknown-pragmas -Wno-unused-parameter -Wno-unused-function -Wno-unused-result -Wno-strict-overflow -Wno-strict-aliasing -Wno-stringop-overflow -Wno-psabi -Wno-error=pedantic -Wno-error=old-style-cast -Wno-invalid-partial-specialization -Wno-unused-private-field -Wno-aligned-allocation-unavailable -Wno-missing-braces -fdiagnostics-color=always -faligned-new -Wno-unused-but-set-variable -Wno-maybe-uninitialized -fno-math-errno -fno-trapping-math -Werror=format -Werror=cast-function-type -Wno-stringop-overflow, LAPACK_INFO=mkl, PERF_WITH_AVX=1, PERF_WITH_AVX2=1, PERF_WITH_AVX512=1, TORCH_DISABLE_GPU_ASSERTS=ON, TORCH_VERSION=2.1.2, USE_CUDA=ON, USE_CUDNN=ON, USE_EXCEPTION_PTR=1, USE_GFLAGS=OFF, USE_GLOG=OFF, USE_MKL=ON, USE_MKLDNN=ON, USE_MPI=OFF, USE_NCCL=ON, USE_NNPACK=ON, USE_OPENMP=ON, USE_ROCM=OFF, 

    TorchVision: 0.16.2
    OpenCV: 4.9.0
    MMEngine: 0.10.2

Runtime environment:
    cudnn_benchmark: False
    mp_cfg: {'mp_start_method': 'fork', 'opencv_num_threads': 0}
    dist_cfg: {'backend': 'nccl'}
    seed: 351050173
    Distributed launcher: none
    Distributed training: False
    GPU number: 1
------------------------------------------------------------

2024/01/18 11:29:33 - mmengine - INFO - Config:
auto_scale_lr = dict(base_batch_size=16, enable=False)
backend_args = None
classes = ('seedling', )
data_root = '/home/hasnatpie/thesis01/seedling_mm/'
dataset_type = 'CocoDataset'
default_hooks = dict(
    checkpoint=dict(
        rule='greater', save_best='coco/bbox_mAP', type='CheckpointHook'),
    logger=dict(interval=50, type='LoggerHook'),
    param_scheduler=dict(type='ParamSchedulerHook'),
    sampler_seed=dict(type='DistSamplerSeedHook'),
    timer=dict(type='IterTimerHook'),
    visualization=dict(type='DetVisualizationHook'))
default_scope = 'mmdet'
env_cfg = dict(
    cudnn_benchmark=False,
    dist_cfg=dict(backend='nccl'),
    mp_cfg=dict(mp_start_method='fork', opencv_num_threads=0))
launcher = 'none'
load_from = None
log_level = 'INFO'
log_processor = dict(by_epoch=True, type='LogProcessor', window_size=50)
model = dict(
    backbone=dict(
        depth=50,
        frozen_stages=1,
        init_cfg=dict(checkpoint='torchvision://resnet50', type='Pretrained'),
        norm_cfg=dict(requires_grad=True, type='BN'),
        norm_eval=True,
        num_stages=4,
        out_indices=(
            0,
            1,
            2,
            3,
        ),
        style='pytorch',
        type='ResNet'),
    data_preprocessor=dict(
        bgr_to_rgb=True,
        mean=[
            123.675,
            116.28,
            103.53,
        ],
        pad_mask=True,
        pad_size_divisor=32,
        std=[
            58.395,
            57.12,
            57.375,
        ],
        type='DetDataPreprocessor'),
    neck=dict(
        in_channels=[
            256,
            512,
            1024,
            2048,
        ],
        num_outs=5,
        out_channels=256,
        type='FPN'),
    roi_head=dict(
        bbox_head=[
            dict(
                bbox_coder=dict(
                    target_means=[
                        0.0,
                        0.0,
                        0.0,
                        0.0,
                    ],
                    target_stds=[
                        0.1,
                        0.1,
                        0.2,
                        0.2,
                    ],
                    type='DeltaXYWHBBoxCoder'),
                fc_out_channels=1024,
                in_channels=256,
                loss_bbox=dict(beta=1.0, loss_weight=1.0, type='SmoothL1Loss'),
                loss_cls=dict(
                    loss_weight=1.0,
                    type='CrossEntropyLoss',
                    use_sigmoid=False),
                num_classes=1,
                reg_class_agnostic=True,
                roi_feat_size=7,
                type='Shared2FCBBoxHead'),
            dict(
                bbox_coder=dict(
                    target_means=[
                        0.0,
                        0.0,
                        0.0,
                        0.0,
                    ],
                    target_stds=[
                        0.05,
                        0.05,
                        0.1,
                        0.1,
                    ],
                    type='DeltaXYWHBBoxCoder'),
                fc_out_channels=1024,
                in_channels=256,
                loss_bbox=dict(beta=1.0, loss_weight=1.0, type='SmoothL1Loss'),
                loss_cls=dict(
                    loss_weight=1.0,
                    type='CrossEntropyLoss',
                    use_sigmoid=False),
                num_classes=1,
                reg_class_agnostic=True,
                roi_feat_size=7,
                type='Shared2FCBBoxHead'),
            dict(
                bbox_coder=dict(
                    target_means=[
                        0.0,
                        0.0,
                        0.0,
                        0.0,
                    ],
                    target_stds=[
                        0.033,
                        0.033,
                        0.067,
                        0.067,
                    ],
                    type='DeltaXYWHBBoxCoder'),
                fc_out_channels=1024,
                in_channels=256,
                loss_bbox=dict(beta=1.0, loss_weight=1.0, type='SmoothL1Loss'),
                loss_cls=dict(
                    loss_weight=1.0,
                    type='CrossEntropyLoss',
                    use_sigmoid=False),
                num_classes=1,
                reg_class_agnostic=True,
                roi_feat_size=7,
                type='Shared2FCBBoxHead'),
        ],
        bbox_roi_extractor=dict(
            featmap_strides=[
                4,
                8,
                16,
                32,
            ],
            out_channels=256,
            roi_layer=dict(output_size=7, sampling_ratio=0, type='RoIAlign'),
            type='SingleRoIExtractor'),
        mask_head=dict(
            conv_out_channels=256,
            in_channels=256,
            loss_mask=dict(
                loss_weight=1.0, type='CrossEntropyLoss', use_mask=True),
            num_classes=1,
            num_convs=4,
            type='FCNMaskHead'),
        mask_roi_extractor=dict(
            featmap_strides=[
                4,
                8,
                16,
                32,
            ],
            out_channels=256,
            roi_layer=dict(output_size=14, sampling_ratio=0, type='RoIAlign'),
            type='SingleRoIExtractor'),
        num_stages=3,
        stage_loss_weights=[
            1,
            0.5,
            0.25,
        ],
        type='CascadeRoIHead'),
    rpn_head=dict(
        anchor_generator=dict(
            ratios=[
                0.5,
                1.0,
                2.0,
            ],
            scales=[
                8,
            ],
            strides=[
                4,
                8,
                16,
                32,
                64,
            ],
            type='AnchorGenerator'),
        bbox_coder=dict(
            target_means=[
                0.0,
                0.0,
                0.0,
                0.0,
            ],
            target_stds=[
                1.0,
                1.0,
                1.0,
                1.0,
            ],
            type='DeltaXYWHBBoxCoder'),
        feat_channels=256,
        in_channels=256,
        loss_bbox=dict(
            beta=0.1111111111111111, loss_weight=1.0, type='SmoothL1Loss'),
        loss_cls=dict(
            loss_weight=1.0, type='CrossEntropyLoss', use_sigmoid=True),
        type='RPNHead'),
    test_cfg=dict(
        rcnn=dict(
            mask_thr_binary=0.5,
            max_per_img=100,
            nms=dict(iou_threshold=0.5, type='nms'),
            score_thr=0.05),
        rpn=dict(
            max_per_img=1000,
            min_bbox_size=0,
            nms=dict(iou_threshold=0.7, type='nms'),
            nms_pre=1000)),
    train_cfg=dict(
        rcnn=[
            dict(
                assigner=dict(
                    ignore_iof_thr=-1,
                    match_low_quality=False,
                    min_pos_iou=0.5,
                    neg_iou_thr=0.5,
                    pos_iou_thr=0.5,
                    type='MaxIoUAssigner'),
                debug=False,
                mask_size=28,
                pos_weight=-1,
                sampler=dict(
                    add_gt_as_proposals=True,
                    neg_pos_ub=-1,
                    num=512,
                    pos_fraction=0.25,
                    type='RandomSampler')),
            dict(
                assigner=dict(
                    ignore_iof_thr=-1,
                    match_low_quality=False,
                    min_pos_iou=0.6,
                    neg_iou_thr=0.6,
                    pos_iou_thr=0.6,
                    type='MaxIoUAssigner'),
                debug=False,
                mask_size=28,
                pos_weight=-1,
                sampler=dict(
                    add_gt_as_proposals=True,
                    neg_pos_ub=-1,
                    num=512,
                    pos_fraction=0.25,
                    type='RandomSampler')),
            dict(
                assigner=dict(
                    ignore_iof_thr=-1,
                    match_low_quality=False,
                    min_pos_iou=0.7,
                    neg_iou_thr=0.7,
                    pos_iou_thr=0.7,
                    type='MaxIoUAssigner'),
                debug=False,
                mask_size=28,
                pos_weight=-1,
                sampler=dict(
                    add_gt_as_proposals=True,
                    neg_pos_ub=-1,
                    num=512,
                    pos_fraction=0.25,
                    type='RandomSampler')),
        ],
        rpn=dict(
            allowed_border=0,
            assigner=dict(
                ignore_iof_thr=-1,
                match_low_quality=True,
                min_pos_iou=0.3,
                neg_iou_thr=0.3,
                pos_iou_thr=0.7,
                type='MaxIoUAssigner'),
            debug=False,
            pos_weight=-1,
            sampler=dict(
                add_gt_as_proposals=False,
                neg_pos_ub=-1,
                num=256,
                pos_fraction=0.5,
                type='RandomSampler')),
        rpn_proposal=dict(
            max_per_img=2000,
            min_bbox_size=0,
            nms=dict(iou_threshold=0.7, type='nms'),
            nms_pre=2000)),
    type='CascadeRCNN')
optim_wrapper = dict(
    optimizer=dict(lr=0.02, momentum=0.9, type='SGD', weight_decay=0.0001),
    type='OptimWrapper')
palette = [
    (
        240,
        10,
        10,
    ),
]
param_scheduler = [
    dict(
        begin=0, by_epoch=False, end=500, start_factor=0.001, type='LinearLR'),
    dict(
        begin=0,
        by_epoch=True,
        end=12,
        gamma=0.1,
        milestones=[
            9,
            11,
        ],
        type='MultiStepLR'),
]
resume = True
test_cfg = dict(type='TestLoop')
test_dataloader = dict(
    batch_size=1,
    dataset=dict(
        ann_file='annotations/test_coco.json',
        backend_args=None,
        data_prefix=dict(img='test/'),
        data_root='/home/hasnatpie/thesis01/seedling_mm/',
        pipeline=[
            dict(backend_args=None, type='LoadImageFromFile'),
            dict(keep_ratio=True, scale=(
                1333,
                800,
            ), type='Resize'),
            dict(type='LoadAnnotations', with_bbox=True, with_mask=True),
            dict(
                meta_keys=(
                    'img_id',
                    'img_path',
                    'ori_shape',
                    'img_shape',
                    'scale_factor',
                ),
                type='PackDetInputs'),
        ],
        test_mode=True,
        type='CocoDataset'),
    drop_last=False,
    num_workers=2,
    persistent_workers=True,
    sampler=dict(shuffle=False, type='DefaultSampler'))
test_evaluator = dict(
    ann_file='/home/hasnatpie/thesis01/seedling_mm/annotations/test_coco.json',
    backend_args=None,
    metric=[
        'bbox',
        'segm',
    ],
    type='CocoMetric')
test_pipeline = [
    dict(backend_args=None, type='LoadImageFromFile'),
    dict(keep_ratio=True, scale=(
        1333,
        800,
    ), type='Resize'),
    dict(type='LoadAnnotations', with_bbox=True, with_mask=True),
    dict(
        meta_keys=(
            'img_id',
            'img_path',
            'ori_shape',
            'img_shape',
            'scale_factor',
        ),
        type='PackDetInputs'),
]
train_cfg = dict(max_epochs=10, type='EpochBasedTrainLoop', val_interval=1)
train_dataloader = dict(
    batch_sampler=dict(type='AspectRatioBatchSampler'),
    batch_size=1,
    dataset=dict(
        dataset=dict(
            ann_file='annotations/train_coco.json',
            backend_args=None,
            data_prefix=dict(img='train/'),
            data_root='/home/hasnatpie/thesis01/seedling_mm/',
            filter_cfg=dict(filter_empty_gt=True, min_size=32),
            pipeline=[
                dict(backend_args=None, type='LoadImageFromFile'),
                dict(type='LoadAnnotations', with_bbox=True, with_mask=True),
                dict(
                    keep_ratio=True,
                    scale=[
                        (
                            1333,
                            640,
                        ),
                        (
                            1333,
                            800,
                        ),
                    ],
                    type='RandomResize'),
                dict(prob=0.5, type='RandomFlip'),
                dict(type='PackDetInputs'),
            ],
            type='CocoDataset'),
        times=3,
        type='RepeatDataset'),
    num_workers=2,
    persistent_workers=True,
    sampler=dict(shuffle=True, type='DefaultSampler'))
train_pipeline = [
    dict(backend_args=None, type='LoadImageFromFile'),
    dict(type='LoadAnnotations', with_bbox=True, with_mask=True),
    dict(
        keep_ratio=True,
        scale=[
            (
                1333,
                640,
            ),
            (
                1333,
                800,
            ),
        ],
        type='RandomResize'),
    dict(prob=0.5, type='RandomFlip'),
    dict(type='PackDetInputs'),
]
val_cfg = dict(type='ValLoop')
val_dataloader = dict(
    batch_size=1,
    dataset=dict(
        ann_file='annotations/val_coco.json',
        backend_args=None,
        data_prefix=dict(img='valid/'),
        data_root='/home/hasnatpie/thesis01/seedling_mm/',
        pipeline=[
            dict(backend_args=None, type='LoadImageFromFile'),
            dict(keep_ratio=True, scale=(
                1333,
                800,
            ), type='Resize'),
            dict(type='LoadAnnotations', with_bbox=True, with_mask=True),
            dict(
                meta_keys=(
                    'img_id',
                    'img_path',
                    'ori_shape',
                    'img_shape',
                    'scale_factor',
                ),
                type='PackDetInputs'),
        ],
        test_mode=True,
        type='CocoDataset'),
    drop_last=False,
    num_workers=2,
    persistent_workers=True,
    sampler=dict(shuffle=False, type='DefaultSampler'))
val_evaluator = dict(
    ann_file='/home/hasnatpie/thesis01/seedling_mm/annotations/val_coco.json',
    backend_args=None,
    metric='bbox',
    type='CocoMetric')
vis_backends = [
    dict(type='LocalVisBackend'),
    dict(type='TensorboardVisBackend'),
]
visualizer = dict(
    name='visualizer',
    type='DetLocalVisualizer',
    vis_backends=[
        dict(type='LocalVisBackend'),
        dict(type='TensorboardVisBackend'),
    ])
work_dir = '/home/hasnatpie/thesis01/results_default10'

2024/01/18 11:29:38 - mmengine - INFO - Distributed training is not used, all SyncBatchNorm (SyncBN) layers in the model will be automatically reverted to BatchNormXd layers if they are used.
2024/01/18 11:29:38 - mmengine - INFO - Hooks will be executed in the following order:
before_run:
(VERY_HIGH   ) RuntimeInfoHook                    
(BELOW_NORMAL) LoggerHook                         
 -------------------- 
before_train:
(VERY_HIGH   ) RuntimeInfoHook                    
(NORMAL      ) IterTimerHook                      
(VERY_LOW    ) CheckpointHook                     
 -------------------- 
before_train_epoch:
(VERY_HIGH   ) RuntimeInfoHook                    
(NORMAL      ) IterTimerHook                      
(NORMAL      ) DistSamplerSeedHook                
 -------------------- 
before_train_iter:
(VERY_HIGH   ) RuntimeInfoHook                    
(NORMAL      ) IterTimerHook                      
 -------------------- 
after_train_iter:
(VERY_HIGH   ) RuntimeInfoHook                    
(NORMAL      ) IterTimerHook                      
(BELOW_NORMAL) LoggerHook                         
(LOW         ) ParamSchedulerHook                 
(VERY_LOW    ) CheckpointHook                     
 -------------------- 
after_train_epoch:
(NORMAL      ) IterTimerHook                      
(LOW         ) ParamSchedulerHook                 
(VERY_LOW    ) CheckpointHook                     
 -------------------- 
before_val:
(VERY_HIGH   ) RuntimeInfoHook                    
 -------------------- 
before_val_epoch:
(NORMAL      ) IterTimerHook                      
 -------------------- 
before_val_iter:
(NORMAL      ) IterTimerHook                      
 -------------------- 
after_val_iter:
(NORMAL      ) IterTimerHook                      
(NORMAL      ) DetVisualizationHook               
(BELOW_NORMAL) LoggerHook                         
 -------------------- 
after_val_epoch:
(VERY_HIGH   ) RuntimeInfoHook                    
(NORMAL      ) IterTimerHook                      
(BELOW_NORMAL) LoggerHook                         
(LOW         ) ParamSchedulerHook                 
(VERY_LOW    ) CheckpointHook                     
 -------------------- 
after_val:
(VERY_HIGH   ) RuntimeInfoHook                    
 -------------------- 
after_train:
(VERY_HIGH   ) RuntimeInfoHook                    
(VERY_LOW    ) CheckpointHook                     
 -------------------- 
before_test:
(VERY_HIGH   ) RuntimeInfoHook                    
 -------------------- 
before_test_epoch:
(NORMAL      ) IterTimerHook                      
 -------------------- 
before_test_iter:
(NORMAL      ) IterTimerHook                      
 -------------------- 
after_test_iter:
(NORMAL      ) IterTimerHook                      
(NORMAL      ) DetVisualizationHook               
(BELOW_NORMAL) LoggerHook                         
 -------------------- 
after_test_epoch:
(VERY_HIGH   ) RuntimeInfoHook                    
(NORMAL      ) IterTimerHook                      
(BELOW_NORMAL) LoggerHook                         
 -------------------- 
after_test:
(VERY_HIGH   ) RuntimeInfoHook                    
 -------------------- 
after_run:
(BELOW_NORMAL) LoggerHook                         
 -------------------- 
2024/01/18 11:29:39 - mmengine - INFO - load model from: torchvision://resnet50
2024/01/18 11:29:39 - mmengine - INFO - Loads checkpoint by torchvision backend from path: torchvision://resnet50
2024/01/18 11:29:40 - mmengine - WARNING - The model and loaded state dict do not match exactly

unexpected key in source state_dict: fc.weight, fc.bias

Name of parameter - Initialization information

backbone.conv1.weight - torch.Size([64, 3, 7, 7]): 
PretrainedInit: load from torchvision://resnet50 

backbone.bn1.weight - torch.Size([64]): 
PretrainedInit: load from torchvision://resnet50 

backbone.bn1.bias - torch.Size([64]): 
PretrainedInit: load from torchvision://resnet50 

backbone.layer1.0.conv1.weight - torch.Size([64, 64, 1, 1]): 
PretrainedInit: load from torchvision://resnet50 

backbone.layer1.0.bn1.weight - torch.Size([64]): 
PretrainedInit: load from torchvision://resnet50 

backbone.layer1.0.bn1.bias - torch.Size([64]): 
PretrainedInit: load from torchvision://resnet50 

backbone.layer1.0.conv2.weight - torch.Size([64, 64, 3, 3]): 
PretrainedInit: load from torchvision://resnet50 

backbone.layer1.0.bn2.weight - torch.Size([64]): 
PretrainedInit: load from torchvision://resnet50 

backbone.layer1.0.bn2.bias - torch.Size([64]): 
PretrainedInit: load from torchvision://resnet50 

backbone.layer1.0.conv3.weight - torch.Size([256, 64, 1, 1]): 
PretrainedInit: load from torchvision://resnet50 

backbone.layer1.0.bn3.weight - torch.Size([256]): 
PretrainedInit: load from torchvision://resnet50 

backbone.layer1.0.bn3.bias - torch.Size([256]): 
PretrainedInit: load from torchvision://resnet50 

backbone.layer1.0.downsample.0.weight - torch.Size([256, 64, 1, 1]): 
PretrainedInit: load from torchvision://resnet50 

backbone.layer1.0.downsample.1.weight - torch.Size([256]): 
PretrainedInit: load from torchvision://resnet50 

backbone.layer1.0.downsample.1.bias - torch.Size([256]): 
PretrainedInit: load from torchvision://resnet50 

backbone.layer1.1.conv1.weight - torch.Size([64, 256, 1, 1]): 
PretrainedInit: load from torchvision://resnet50 

backbone.layer1.1.bn1.weight - torch.Size([64]): 
PretrainedInit: load from torchvision://resnet50 

backbone.layer1.1.bn1.bias - torch.Size([64]): 
PretrainedInit: load from torchvision://resnet50 

backbone.layer1.1.conv2.weight - torch.Size([64, 64, 3, 3]): 
PretrainedInit: load from torchvision://resnet50 

backbone.layer1.1.bn2.weight - torch.Size([64]): 
PretrainedInit: load from torchvision://resnet50 

backbone.layer1.1.bn2.bias - torch.Size([64]): 
PretrainedInit: load from torchvision://resnet50 

backbone.layer1.1.conv3.weight - torch.Size([256, 64, 1, 1]): 
PretrainedInit: load from torchvision://resnet50 

backbone.layer1.1.bn3.weight - torch.Size([256]): 
PretrainedInit: load from torchvision://resnet50 

backbone.layer1.1.bn3.bias - torch.Size([256]): 
PretrainedInit: load from torchvision://resnet50 

backbone.layer1.2.conv1.weight - torch.Size([64, 256, 1, 1]): 
PretrainedInit: load from torchvision://resnet50 

backbone.layer1.2.bn1.weight - torch.Size([64]): 
PretrainedInit: load from torchvision://resnet50 

backbone.layer1.2.bn1.bias - torch.Size([64]): 
PretrainedInit: load from torchvision://resnet50 

backbone.layer1.2.conv2.weight - torch.Size([64, 64, 3, 3]): 
PretrainedInit: load from torchvision://resnet50 

backbone.layer1.2.bn2.weight - torch.Size([64]): 
PretrainedInit: load from torchvision://resnet50 

backbone.layer1.2.bn2.bias - torch.Size([64]): 
PretrainedInit: load from torchvision://resnet50 

backbone.layer1.2.conv3.weight - torch.Size([256, 64, 1, 1]): 
PretrainedInit: load from torchvision://resnet50 

backbone.layer1.2.bn3.weight - torch.Size([256]): 
PretrainedInit: load from torchvision://resnet50 

backbone.layer1.2.bn3.bias - torch.Size([256]): 
PretrainedInit: load from torchvision://resnet50 

backbone.layer2.0.conv1.weight - torch.Size([128, 256, 1, 1]): 
PretrainedInit: load from torchvision://resnet50 

backbone.layer2.0.bn1.weight - torch.Size([128]): 
PretrainedInit: load from torchvision://resnet50 

backbone.layer2.0.bn1.bias - torch.Size([128]): 
PretrainedInit: load from torchvision://resnet50 

backbone.layer2.0.conv2.weight - torch.Size([128, 128, 3, 3]): 
PretrainedInit: load from torchvision://resnet50 

backbone.layer2.0.bn2.weight - torch.Size([128]): 
PretrainedInit: load from torchvision://resnet50 

backbone.layer2.0.bn2.bias - torch.Size([128]): 
PretrainedInit: load from torchvision://resnet50 

backbone.layer2.0.conv3.weight - torch.Size([512, 128, 1, 1]): 
PretrainedInit: load from torchvision://resnet50 

backbone.layer2.0.bn3.weight - torch.Size([512]): 
PretrainedInit: load from torchvision://resnet50 

backbone.layer2.0.bn3.bias - torch.Size([512]): 
PretrainedInit: load from torchvision://resnet50 

backbone.layer2.0.downsample.0.weight - torch.Size([512, 256, 1, 1]): 
PretrainedInit: load from torchvision://resnet50 

backbone.layer2.0.downsample.1.weight - torch.Size([512]): 
PretrainedInit: load from torchvision://resnet50 

backbone.layer2.0.downsample.1.bias - torch.Size([512]): 
PretrainedInit: load from torchvision://resnet50 

backbone.layer2.1.conv1.weight - torch.Size([128, 512, 1, 1]): 
PretrainedInit: load from torchvision://resnet50 

backbone.layer2.1.bn1.weight - torch.Size([128]): 
PretrainedInit: load from torchvision://resnet50 

backbone.layer2.1.bn1.bias - torch.Size([128]): 
PretrainedInit: load from torchvision://resnet50 

backbone.layer2.1.conv2.weight - torch.Size([128, 128, 3, 3]): 
PretrainedInit: load from torchvision://resnet50 

backbone.layer2.1.bn2.weight - torch.Size([128]): 
PretrainedInit: load from torchvision://resnet50 

backbone.layer2.1.bn2.bias - torch.Size([128]): 
PretrainedInit: load from torchvision://resnet50 

backbone.layer2.1.conv3.weight - torch.Size([512, 128, 1, 1]): 
PretrainedInit: load from torchvision://resnet50 

backbone.layer2.1.bn3.weight - torch.Size([512]): 
PretrainedInit: load from torchvision://resnet50 

backbone.layer2.1.bn3.bias - torch.Size([512]): 
PretrainedInit: load from torchvision://resnet50 

backbone.layer2.2.conv1.weight - torch.Size([128, 512, 1, 1]): 
PretrainedInit: load from torchvision://resnet50 

backbone.layer2.2.bn1.weight - torch.Size([128]): 
PretrainedInit: load from torchvision://resnet50 

backbone.layer2.2.bn1.bias - torch.Size([128]): 
PretrainedInit: load from torchvision://resnet50 

backbone.layer2.2.conv2.weight - torch.Size([128, 128, 3, 3]): 
PretrainedInit: load from torchvision://resnet50 

backbone.layer2.2.bn2.weight - torch.Size([128]): 
PretrainedInit: load from torchvision://resnet50 

backbone.layer2.2.bn2.bias - torch.Size([128]): 
PretrainedInit: load from torchvision://resnet50 

backbone.layer2.2.conv3.weight - torch.Size([512, 128, 1, 1]): 
PretrainedInit: load from torchvision://resnet50 

backbone.layer2.2.bn3.weight - torch.Size([512]): 
PretrainedInit: load from torchvision://resnet50 

backbone.layer2.2.bn3.bias - torch.Size([512]): 
PretrainedInit: load from torchvision://resnet50 

backbone.layer2.3.conv1.weight - torch.Size([128, 512, 1, 1]): 
PretrainedInit: load from torchvision://resnet50 

backbone.layer2.3.bn1.weight - torch.Size([128]): 
PretrainedInit: load from torchvision://resnet50 

backbone.layer2.3.bn1.bias - torch.Size([128]): 
PretrainedInit: load from torchvision://resnet50 

backbone.layer2.3.conv2.weight - torch.Size([128, 128, 3, 3]): 
PretrainedInit: load from torchvision://resnet50 

backbone.layer2.3.bn2.weight - torch.Size([128]): 
PretrainedInit: load from torchvision://resnet50 

backbone.layer2.3.bn2.bias - torch.Size([128]): 
PretrainedInit: load from torchvision://resnet50 

backbone.layer2.3.conv3.weight - torch.Size([512, 128, 1, 1]): 
PretrainedInit: load from torchvision://resnet50 

backbone.layer2.3.bn3.weight - torch.Size([512]): 
PretrainedInit: load from torchvision://resnet50 

backbone.layer2.3.bn3.bias - torch.Size([512]): 
PretrainedInit: load from torchvision://resnet50 

backbone.layer3.0.conv1.weight - torch.Size([256, 512, 1, 1]): 
PretrainedInit: load from torchvision://resnet50 

backbone.layer3.0.bn1.weight - torch.Size([256]): 
PretrainedInit: load from torchvision://resnet50 

backbone.layer3.0.bn1.bias - torch.Size([256]): 
PretrainedInit: load from torchvision://resnet50 

backbone.layer3.0.conv2.weight - torch.Size([256, 256, 3, 3]): 
PretrainedInit: load from torchvision://resnet50 

backbone.layer3.0.bn2.weight - torch.Size([256]): 
PretrainedInit: load from torchvision://resnet50 

backbone.layer3.0.bn2.bias - torch.Size([256]): 
PretrainedInit: load from torchvision://resnet50 

backbone.layer3.0.conv3.weight - torch.Size([1024, 256, 1, 1]): 
PretrainedInit: load from torchvision://resnet50 

backbone.layer3.0.bn3.weight - torch.Size([1024]): 
PretrainedInit: load from torchvision://resnet50 

backbone.layer3.0.bn3.bias - torch.Size([1024]): 
PretrainedInit: load from torchvision://resnet50 

backbone.layer3.0.downsample.0.weight - torch.Size([1024, 512, 1, 1]): 
PretrainedInit: load from torchvision://resnet50 

backbone.layer3.0.downsample.1.weight - torch.Size([1024]): 
PretrainedInit: load from torchvision://resnet50 

backbone.layer3.0.downsample.1.bias - torch.Size([1024]): 
PretrainedInit: load from torchvision://resnet50 

backbone.layer3.1.conv1.weight - torch.Size([256, 1024, 1, 1]): 
PretrainedInit: load from torchvision://resnet50 

backbone.layer3.1.bn1.weight - torch.Size([256]): 
PretrainedInit: load from torchvision://resnet50 

backbone.layer3.1.bn1.bias - torch.Size([256]): 
PretrainedInit: load from torchvision://resnet50 

backbone.layer3.1.conv2.weight - torch.Size([256, 256, 3, 3]): 
PretrainedInit: load from torchvision://resnet50 

backbone.layer3.1.bn2.weight - torch.Size([256]): 
PretrainedInit: load from torchvision://resnet50 

backbone.layer3.1.bn2.bias - torch.Size([256]): 
PretrainedInit: load from torchvision://resnet50 

backbone.layer3.1.conv3.weight - torch.Size([1024, 256, 1, 1]): 
PretrainedInit: load from torchvision://resnet50 

backbone.layer3.1.bn3.weight - torch.Size([1024]): 
PretrainedInit: load from torchvision://resnet50 

backbone.layer3.1.bn3.bias - torch.Size([1024]): 
PretrainedInit: load from torchvision://resnet50 

backbone.layer3.2.conv1.weight - torch.Size([256, 1024, 1, 1]): 
PretrainedInit: load from torchvision://resnet50 

backbone.layer3.2.bn1.weight - torch.Size([256]): 
PretrainedInit: load from torchvision://resnet50 

backbone.layer3.2.bn1.bias - torch.Size([256]): 
PretrainedInit: load from torchvision://resnet50 

backbone.layer3.2.conv2.weight - torch.Size([256, 256, 3, 3]): 
PretrainedInit: load from torchvision://resnet50 

backbone.layer3.2.bn2.weight - torch.Size([256]): 
PretrainedInit: load from torchvision://resnet50 

backbone.layer3.2.bn2.bias - torch.Size([256]): 
PretrainedInit: load from torchvision://resnet50 

backbone.layer3.2.conv3.weight - torch.Size([1024, 256, 1, 1]): 
PretrainedInit: load from torchvision://resnet50 

backbone.layer3.2.bn3.weight - torch.Size([1024]): 
PretrainedInit: load from torchvision://resnet50 

backbone.layer3.2.bn3.bias - torch.Size([1024]): 
PretrainedInit: load from torchvision://resnet50 

backbone.layer3.3.conv1.weight - torch.Size([256, 1024, 1, 1]): 
PretrainedInit: load from torchvision://resnet50 

backbone.layer3.3.bn1.weight - torch.Size([256]): 
PretrainedInit: load from torchvision://resnet50 

backbone.layer3.3.bn1.bias - torch.Size([256]): 
PretrainedInit: load from torchvision://resnet50 

backbone.layer3.3.conv2.weight - torch.Size([256, 256, 3, 3]): 
PretrainedInit: load from torchvision://resnet50 

backbone.layer3.3.bn2.weight - torch.Size([256]): 
PretrainedInit: load from torchvision://resnet50 

backbone.layer3.3.bn2.bias - torch.Size([256]): 
PretrainedInit: load from torchvision://resnet50 

backbone.layer3.3.conv3.weight - torch.Size([1024, 256, 1, 1]): 
PretrainedInit: load from torchvision://resnet50 

backbone.layer3.3.bn3.weight - torch.Size([1024]): 
PretrainedInit: load from torchvision://resnet50 

backbone.layer3.3.bn3.bias - torch.Size([1024]): 
PretrainedInit: load from torchvision://resnet50 

backbone.layer3.4.conv1.weight - torch.Size([256, 1024, 1, 1]): 
PretrainedInit: load from torchvision://resnet50 

backbone.layer3.4.bn1.weight - torch.Size([256]): 
PretrainedInit: load from torchvision://resnet50 

backbone.layer3.4.bn1.bias - torch.Size([256]): 
PretrainedInit: load from torchvision://resnet50 

backbone.layer3.4.conv2.weight - torch.Size([256, 256, 3, 3]): 
PretrainedInit: load from torchvision://resnet50 

backbone.layer3.4.bn2.weight - torch.Size([256]): 
PretrainedInit: load from torchvision://resnet50 

backbone.layer3.4.bn2.bias - torch.Size([256]): 
PretrainedInit: load from torchvision://resnet50 

backbone.layer3.4.conv3.weight - torch.Size([1024, 256, 1, 1]): 
PretrainedInit: load from torchvision://resnet50 

backbone.layer3.4.bn3.weight - torch.Size([1024]): 
PretrainedInit: load from torchvision://resnet50 

backbone.layer3.4.bn3.bias - torch.Size([1024]): 
PretrainedInit: load from torchvision://resnet50 

backbone.layer3.5.conv1.weight - torch.Size([256, 1024, 1, 1]): 
PretrainedInit: load from torchvision://resnet50 

backbone.layer3.5.bn1.weight - torch.Size([256]): 
PretrainedInit: load from torchvision://resnet50 

backbone.layer3.5.bn1.bias - torch.Size([256]): 
PretrainedInit: load from torchvision://resnet50 

backbone.layer3.5.conv2.weight - torch.Size([256, 256, 3, 3]): 
PretrainedInit: load from torchvision://resnet50 

backbone.layer3.5.bn2.weight - torch.Size([256]): 
PretrainedInit: load from torchvision://resnet50 

backbone.layer3.5.bn2.bias - torch.Size([256]): 
PretrainedInit: load from torchvision://resnet50 

backbone.layer3.5.conv3.weight - torch.Size([1024, 256, 1, 1]): 
PretrainedInit: load from torchvision://resnet50 

backbone.layer3.5.bn3.weight - torch.Size([1024]): 
PretrainedInit: load from torchvision://resnet50 

backbone.layer3.5.bn3.bias - torch.Size([1024]): 
PretrainedInit: load from torchvision://resnet50 

backbone.layer4.0.conv1.weight - torch.Size([512, 1024, 1, 1]): 
PretrainedInit: load from torchvision://resnet50 

backbone.layer4.0.bn1.weight - torch.Size([512]): 
PretrainedInit: load from torchvision://resnet50 

backbone.layer4.0.bn1.bias - torch.Size([512]): 
PretrainedInit: load from torchvision://resnet50 

backbone.layer4.0.conv2.weight - torch.Size([512, 512, 3, 3]): 
PretrainedInit: load from torchvision://resnet50 

backbone.layer4.0.bn2.weight - torch.Size([512]): 
PretrainedInit: load from torchvision://resnet50 

backbone.layer4.0.bn2.bias - torch.Size([512]): 
PretrainedInit: load from torchvision://resnet50 

backbone.layer4.0.conv3.weight - torch.Size([2048, 512, 1, 1]): 
PretrainedInit: load from torchvision://resnet50 

backbone.layer4.0.bn3.weight - torch.Size([2048]): 
PretrainedInit: load from torchvision://resnet50 

backbone.layer4.0.bn3.bias - torch.Size([2048]): 
PretrainedInit: load from torchvision://resnet50 

backbone.layer4.0.downsample.0.weight - torch.Size([2048, 1024, 1, 1]): 
PretrainedInit: load from torchvision://resnet50 

backbone.layer4.0.downsample.1.weight - torch.Size([2048]): 
PretrainedInit: load from torchvision://resnet50 

backbone.layer4.0.downsample.1.bias - torch.Size([2048]): 
PretrainedInit: load from torchvision://resnet50 

backbone.layer4.1.conv1.weight - torch.Size([512, 2048, 1, 1]): 
PretrainedInit: load from torchvision://resnet50 

backbone.layer4.1.bn1.weight - torch.Size([512]): 
PretrainedInit: load from torchvision://resnet50 

backbone.layer4.1.bn1.bias - torch.Size([512]): 
PretrainedInit: load from torchvision://resnet50 

backbone.layer4.1.conv2.weight - torch.Size([512, 512, 3, 3]): 
PretrainedInit: load from torchvision://resnet50 

backbone.layer4.1.bn2.weight - torch.Size([512]): 
PretrainedInit: load from torchvision://resnet50 

backbone.layer4.1.bn2.bias - torch.Size([512]): 
PretrainedInit: load from torchvision://resnet50 

backbone.layer4.1.conv3.weight - torch.Size([2048, 512, 1, 1]): 
PretrainedInit: load from torchvision://resnet50 

backbone.layer4.1.bn3.weight - torch.Size([2048]): 
PretrainedInit: load from torchvision://resnet50 

backbone.layer4.1.bn3.bias - torch.Size([2048]): 
PretrainedInit: load from torchvision://resnet50 

backbone.layer4.2.conv1.weight - torch.Size([512, 2048, 1, 1]): 
PretrainedInit: load from torchvision://resnet50 

backbone.layer4.2.bn1.weight - torch.Size([512]): 
PretrainedInit: load from torchvision://resnet50 

backbone.layer4.2.bn1.bias - torch.Size([512]): 
PretrainedInit: load from torchvision://resnet50 

backbone.layer4.2.conv2.weight - torch.Size([512, 512, 3, 3]): 
PretrainedInit: load from torchvision://resnet50 

backbone.layer4.2.bn2.weight - torch.Size([512]): 
PretrainedInit: load from torchvision://resnet50 

backbone.layer4.2.bn2.bias - torch.Size([512]): 
PretrainedInit: load from torchvision://resnet50 

backbone.layer4.2.conv3.weight - torch.Size([2048, 512, 1, 1]): 
PretrainedInit: load from torchvision://resnet50 

backbone.layer4.2.bn3.weight - torch.Size([2048]): 
PretrainedInit: load from torchvision://resnet50 

backbone.layer4.2.bn3.bias - torch.Size([2048]): 
PretrainedInit: load from torchvision://resnet50 

neck.lateral_convs.0.conv.weight - torch.Size([256, 256, 1, 1]): 
XavierInit: gain=1, distribution=uniform, bias=0 

neck.lateral_convs.0.conv.bias - torch.Size([256]): 
The value is the same before and after calling `init_weights` of CascadeRCNN  

neck.lateral_convs.1.conv.weight - torch.Size([256, 512, 1, 1]): 
XavierInit: gain=1, distribution=uniform, bias=0 

neck.lateral_convs.1.conv.bias - torch.Size([256]): 
The value is the same before and after calling `init_weights` of CascadeRCNN  

neck.lateral_convs.2.conv.weight - torch.Size([256, 1024, 1, 1]): 
XavierInit: gain=1, distribution=uniform, bias=0 

neck.lateral_convs.2.conv.bias - torch.Size([256]): 
The value is the same before and after calling `init_weights` of CascadeRCNN  

neck.lateral_convs.3.conv.weight - torch.Size([256, 2048, 1, 1]): 
XavierInit: gain=1, distribution=uniform, bias=0 

neck.lateral_convs.3.conv.bias - torch.Size([256]): 
The value is the same before and after calling `init_weights` of CascadeRCNN  

neck.fpn_convs.0.conv.weight - torch.Size([256, 256, 3, 3]): 
XavierInit: gain=1, distribution=uniform, bias=0 

neck.fpn_convs.0.conv.bias - torch.Size([256]): 
The value is the same before and after calling `init_weights` of CascadeRCNN  

neck.fpn_convs.1.conv.weight - torch.Size([256, 256, 3, 3]): 
XavierInit: gain=1, distribution=uniform, bias=0 

neck.fpn_convs.1.conv.bias - torch.Size([256]): 
The value is the same before and after calling `init_weights` of CascadeRCNN  

neck.fpn_convs.2.conv.weight - torch.Size([256, 256, 3, 3]): 
XavierInit: gain=1, distribution=uniform, bias=0 

neck.fpn_convs.2.conv.bias - torch.Size([256]): 
The value is the same before and after calling `init_weights` of CascadeRCNN  

neck.fpn_convs.3.conv.weight - torch.Size([256, 256, 3, 3]): 
XavierInit: gain=1, distribution=uniform, bias=0 

neck.fpn_convs.3.conv.bias - torch.Size([256]): 
The value is the same before and after calling `init_weights` of CascadeRCNN  

rpn_head.rpn_conv.weight - torch.Size([256, 256, 3, 3]): 
NormalInit: mean=0, std=0.01, bias=0 

rpn_head.rpn_conv.bias - torch.Size([256]): 
NormalInit: mean=0, std=0.01, bias=0 

rpn_head.rpn_cls.weight - torch.Size([3, 256, 1, 1]): 
NormalInit: mean=0, std=0.01, bias=0 

rpn_head.rpn_cls.bias - torch.Size([3]): 
NormalInit: mean=0, std=0.01, bias=0 

rpn_head.rpn_reg.weight - torch.Size([12, 256, 1, 1]): 
NormalInit: mean=0, std=0.01, bias=0 

rpn_head.rpn_reg.bias - torch.Size([12]): 
NormalInit: mean=0, std=0.01, bias=0 

roi_head.bbox_head.0.fc_cls.weight - torch.Size([2, 1024]): 
NormalInit: mean=0, std=0.01, bias=0 

roi_head.bbox_head.0.fc_cls.bias - torch.Size([2]): 
NormalInit: mean=0, std=0.01, bias=0 

roi_head.bbox_head.0.fc_reg.weight - torch.Size([4, 1024]): 
NormalInit: mean=0, std=0.001, bias=0 

roi_head.bbox_head.0.fc_reg.bias - torch.Size([4]): 
NormalInit: mean=0, std=0.001, bias=0 

roi_head.bbox_head.0.shared_fcs.0.weight - torch.Size([1024, 12544]): 
XavierInit: gain=1, distribution=uniform, bias=0 

roi_head.bbox_head.0.shared_fcs.0.bias - torch.Size([1024]): 
XavierInit: gain=1, distribution=uniform, bias=0 

roi_head.bbox_head.0.shared_fcs.1.weight - torch.Size([1024, 1024]): 
XavierInit: gain=1, distribution=uniform, bias=0 

roi_head.bbox_head.0.shared_fcs.1.bias - torch.Size([1024]): 
XavierInit: gain=1, distribution=uniform, bias=0 

roi_head.bbox_head.1.fc_cls.weight - torch.Size([2, 1024]): 
NormalInit: mean=0, std=0.01, bias=0 

roi_head.bbox_head.1.fc_cls.bias - torch.Size([2]): 
NormalInit: mean=0, std=0.01, bias=0 

roi_head.bbox_head.1.fc_reg.weight - torch.Size([4, 1024]): 
NormalInit: mean=0, std=0.001, bias=0 

roi_head.bbox_head.1.fc_reg.bias - torch.Size([4]): 
NormalInit: mean=0, std=0.001, bias=0 

roi_head.bbox_head.1.shared_fcs.0.weight - torch.Size([1024, 12544]): 
XavierInit: gain=1, distribution=uniform, bias=0 

roi_head.bbox_head.1.shared_fcs.0.bias - torch.Size([1024]): 
XavierInit: gain=1, distribution=uniform, bias=0 

roi_head.bbox_head.1.shared_fcs.1.weight - torch.Size([1024, 1024]): 
XavierInit: gain=1, distribution=uniform, bias=0 

roi_head.bbox_head.1.shared_fcs.1.bias - torch.Size([1024]): 
XavierInit: gain=1, distribution=uniform, bias=0 

roi_head.bbox_head.2.fc_cls.weight - torch.Size([2, 1024]): 
NormalInit: mean=0, std=0.01, bias=0 

roi_head.bbox_head.2.fc_cls.bias - torch.Size([2]): 
NormalInit: mean=0, std=0.01, bias=0 

roi_head.bbox_head.2.fc_reg.weight - torch.Size([4, 1024]): 
NormalInit: mean=0, std=0.001, bias=0 

roi_head.bbox_head.2.fc_reg.bias - torch.Size([4]): 
NormalInit: mean=0, std=0.001, bias=0 

roi_head.bbox_head.2.shared_fcs.0.weight - torch.Size([1024, 12544]): 
XavierInit: gain=1, distribution=uniform, bias=0 

roi_head.bbox_head.2.shared_fcs.0.bias - torch.Size([1024]): 
XavierInit: gain=1, distribution=uniform, bias=0 

roi_head.bbox_head.2.shared_fcs.1.weight - torch.Size([1024, 1024]): 
XavierInit: gain=1, distribution=uniform, bias=0 

roi_head.bbox_head.2.shared_fcs.1.bias - torch.Size([1024]): 
XavierInit: gain=1, distribution=uniform, bias=0 

roi_head.mask_head.0.convs.0.conv.weight - torch.Size([256, 256, 3, 3]): 
The value is the same before and after calling `init_weights` of CascadeRCNN  

roi_head.mask_head.0.convs.0.conv.bias - torch.Size([256]): 
The value is the same before and after calling `init_weights` of CascadeRCNN  

roi_head.mask_head.0.convs.1.conv.weight - torch.Size([256, 256, 3, 3]): 
The value is the same before and after calling `init_weights` of CascadeRCNN  

roi_head.mask_head.0.convs.1.conv.bias - torch.Size([256]): 
The value is the same before and after calling `init_weights` of CascadeRCNN  

roi_head.mask_head.0.convs.2.conv.weight - torch.Size([256, 256, 3, 3]): 
The value is the same before and after calling `init_weights` of CascadeRCNN  

roi_head.mask_head.0.convs.2.conv.bias - torch.Size([256]): 
The value is the same before and after calling `init_weights` of CascadeRCNN  

roi_head.mask_head.0.convs.3.conv.weight - torch.Size([256, 256, 3, 3]): 
The value is the same before and after calling `init_weights` of CascadeRCNN  

roi_head.mask_head.0.convs.3.conv.bias - torch.Size([256]): 
The value is the same before and after calling `init_weights` of CascadeRCNN  

roi_head.mask_head.0.upsample.weight - torch.Size([256, 256, 2, 2]): 
The value is the same before and after calling `init_weights` of CascadeRCNN  

roi_head.mask_head.0.upsample.bias - torch.Size([256]): 
The value is the same before and after calling `init_weights` of CascadeRCNN  

roi_head.mask_head.0.conv_logits.weight - torch.Size([1, 256, 1, 1]): 
The value is the same before and after calling `init_weights` of CascadeRCNN  

roi_head.mask_head.0.conv_logits.bias - torch.Size([1]): 
The value is the same before and after calling `init_weights` of CascadeRCNN  

roi_head.mask_head.1.convs.0.conv.weight - torch.Size([256, 256, 3, 3]): 
The value is the same before and after calling `init_weights` of CascadeRCNN  

roi_head.mask_head.1.convs.0.conv.bias - torch.Size([256]): 
The value is the same before and after calling `init_weights` of CascadeRCNN  

roi_head.mask_head.1.convs.1.conv.weight - torch.Size([256, 256, 3, 3]): 
The value is the same before and after calling `init_weights` of CascadeRCNN  

roi_head.mask_head.1.convs.1.conv.bias - torch.Size([256]): 
The value is the same before and after calling `init_weights` of CascadeRCNN  

roi_head.mask_head.1.convs.2.conv.weight - torch.Size([256, 256, 3, 3]): 
The value is the same before and after calling `init_weights` of CascadeRCNN  

roi_head.mask_head.1.convs.2.conv.bias - torch.Size([256]): 
The value is the same before and after calling `init_weights` of CascadeRCNN  

roi_head.mask_head.1.convs.3.conv.weight - torch.Size([256, 256, 3, 3]): 
The value is the same before and after calling `init_weights` of CascadeRCNN  

roi_head.mask_head.1.convs.3.conv.bias - torch.Size([256]): 
The value is the same before and after calling `init_weights` of CascadeRCNN  

roi_head.mask_head.1.upsample.weight - torch.Size([256, 256, 2, 2]): 
The value is the same before and after calling `init_weights` of CascadeRCNN  

roi_head.mask_head.1.upsample.bias - torch.Size([256]): 
The value is the same before and after calling `init_weights` of CascadeRCNN  

roi_head.mask_head.1.conv_logits.weight - torch.Size([1, 256, 1, 1]): 
The value is the same before and after calling `init_weights` of CascadeRCNN  

roi_head.mask_head.1.conv_logits.bias - torch.Size([1]): 
The value is the same before and after calling `init_weights` of CascadeRCNN  

roi_head.mask_head.2.convs.0.conv.weight - torch.Size([256, 256, 3, 3]): 
The value is the same before and after calling `init_weights` of CascadeRCNN  

roi_head.mask_head.2.convs.0.conv.bias - torch.Size([256]): 
The value is the same before and after calling `init_weights` of CascadeRCNN  

roi_head.mask_head.2.convs.1.conv.weight - torch.Size([256, 256, 3, 3]): 
The value is the same before and after calling `init_weights` of CascadeRCNN  

roi_head.mask_head.2.convs.1.conv.bias - torch.Size([256]): 
The value is the same before and after calling `init_weights` of CascadeRCNN  

roi_head.mask_head.2.convs.2.conv.weight - torch.Size([256, 256, 3, 3]): 
The value is the same before and after calling `init_weights` of CascadeRCNN  

roi_head.mask_head.2.convs.2.conv.bias - torch.Size([256]): 
The value is the same before and after calling `init_weights` of CascadeRCNN  

roi_head.mask_head.2.convs.3.conv.weight - torch.Size([256, 256, 3, 3]): 
The value is the same before and after calling `init_weights` of CascadeRCNN  

roi_head.mask_head.2.convs.3.conv.bias - torch.Size([256]): 
The value is the same before and after calling `init_weights` of CascadeRCNN  

roi_head.mask_head.2.upsample.weight - torch.Size([256, 256, 2, 2]): 
The value is the same before and after calling `init_weights` of CascadeRCNN  

roi_head.mask_head.2.upsample.bias - torch.Size([256]): 
The value is the same before and after calling `init_weights` of CascadeRCNN  

roi_head.mask_head.2.conv_logits.weight - torch.Size([1, 256, 1, 1]): 
The value is the same before and after calling `init_weights` of CascadeRCNN  

roi_head.mask_head.2.conv_logits.bias - torch.Size([1]): 
The value is the same before and after calling `init_weights` of CascadeRCNN  
2024/01/18 11:29:40 - mmengine - INFO - Auto resumed from the latest checkpoint None.
2024/01/18 11:29:40 - mmengine - WARNING - "FileClient" will be deprecated in future. Please use io functions in https://mmengine.readthedocs.io/en/latest/api/fileio.html#file-io
2024/01/18 11:29:40 - mmengine - WARNING - "HardDiskBackend" is the alias of "LocalBackend" and the former will be deprecated in future.
2024/01/18 11:29:40 - mmengine - INFO - Checkpoints will be saved to /home/hasnatpie/thesis01/results_default10.
2024/01/18 11:29:52 - mmengine - INFO - Epoch(train)  [1][  50/1713]  lr: 1.9820e-03  eta: 1:08:22  time: 0.2402  data_time: 0.0108  memory: 1863  loss: 2.2477  loss_rpn_cls: 0.4578  loss_rpn_bbox: 0.0680  s0.loss_cls: 0.2508  s0.acc: 95.7031  s0.loss_bbox: 0.0993  s0.loss_mask: 0.6829  s1.loss_cls: 0.1065  s1.acc: 98.4375  s1.loss_bbox: 0.0294  s1.loss_mask: 0.3307  s2.loss_cls: 0.0548  s2.acc: 99.0234  s2.loss_bbox: 0.0041  s2.loss_mask: 0.1634
2024/01/18 11:30:01 - mmengine - INFO - Epoch(train)  [1][ 100/1713]  lr: 3.9840e-03  eta: 0:59:04  time: 0.1761  data_time: 0.0064  memory: 1893  loss: 1.9165  loss_rpn_cls: 0.0754  loss_rpn_bbox: 0.0501  s0.loss_cls: 0.2485  s0.acc: 96.6797  s0.loss_bbox: 0.2563  s0.loss_mask: 0.6214  s1.loss_cls: 0.0848  s1.acc: 94.3359  s1.loss_bbox: 0.0872  s1.loss_mask: 0.3048  s2.loss_cls: 0.0248  s2.acc: 97.6562  s2.loss_bbox: 0.0133  s2.loss_mask: 0.1498
2024/01/18 11:30:10 - mmengine - INFO - Epoch(train)  [1][ 150/1713]  lr: 5.9860e-03  eta: 0:56:52  time: 0.1866  data_time: 0.0068  memory: 2108  loss: 1.8852  loss_rpn_cls: 0.0510  loss_rpn_bbox: 0.0563  s0.loss_cls: 0.2417  s0.acc: 77.7344  s0.loss_bbox: 0.2766  s0.loss_mask: 0.5391  s1.loss_cls: 0.1024  s1.acc: 83.5938  s1.loss_bbox: 0.1484  s1.loss_mask: 0.2708  s2.loss_cls: 0.0319  s2.acc: 93.5547  s2.loss_bbox: 0.0273  s2.loss_mask: 0.1397
2024/01/18 11:30:19 - mmengine - INFO - Epoch(train)  [1][ 200/1713]  lr: 7.9880e-03  eta: 0:55:34  time: 0.1850  data_time: 0.0070  memory: 2123  loss: 2.2539  loss_rpn_cls: 0.2298  loss_rpn_bbox: 0.0641  s0.loss_cls: 0.3409  s0.acc: 96.4844  s0.loss_bbox: 0.2408  s0.loss_mask: 0.5753  s1.loss_cls: 0.1154  s1.acc: 99.2188  s1.loss_bbox: 0.1485  s1.loss_mask: 0.3099  s2.loss_cls: 0.0448  s2.acc: 99.2188  s2.loss_bbox: 0.0404  s2.loss_mask: 0.1441
2024/01/18 11:30:26 - mmengine - INFO - Epoch(train)  [1][ 250/1713]  lr: 9.9900e-03  eta: 0:51:50  time: 0.1335  data_time: 0.0062  memory: 1806  loss: nan  loss_rpn_cls: nan  loss_rpn_bbox: nan  s0.loss_cls: nan  s0.acc: 100.0000  s0.loss_bbox: nan  s0.loss_mask: nan  s1.loss_cls: nan  s1.acc: 100.0000  s1.loss_bbox: nan  s1.loss_mask: nan  s2.loss_cls: nan  s2.acc: 100.0000  s2.loss_bbox: nan  s2.loss_mask: nan
2024/01/18 11:30:33 - mmengine - INFO - Epoch(train)  [1][ 300/1713]  lr: 1.1992e-02  eta: 0:49:23  time: 0.1350  data_time: 0.0076  memory: 1808  loss: nan  loss_rpn_cls: nan  loss_rpn_bbox: nan  s0.loss_cls: nan  s0.acc: 100.0000  s0.loss_bbox: nan  s0.loss_mask: nan  s1.loss_cls: nan  s1.acc: 100.0000  s1.loss_bbox: nan  s1.loss_mask: nan  s2.loss_cls: nan  s2.acc: 100.0000  s2.loss_bbox: nan  s2.loss_mask: nan
2024/01/18 11:30:39 - mmengine - INFO - Epoch(train)  [1][ 350/1713]  lr: 1.3994e-02  eta: 0:47:15  time: 0.1263  data_time: 0.0064  memory: 1808  loss: nan  loss_rpn_cls: nan  loss_rpn_bbox: nan  s0.loss_cls: nan  s0.acc: 100.0000  s0.loss_bbox: nan  s0.loss_mask: nan  s1.loss_cls: nan  s1.acc: 100.0000  s1.loss_bbox: nan  s1.loss_mask: nan  s2.loss_cls: nan  s2.acc: 100.0000  s2.loss_bbox: nan  s2.loss_mask: nan
2024/01/18 11:30:45 - mmengine - INFO - Epoch(train)  [1][ 400/1713]  lr: 1.5996e-02  eta: 0:45:44  time: 0.1297  data_time: 0.0065  memory: 1806  loss: nan  loss_rpn_cls: nan  loss_rpn_bbox: nan  s0.loss_cls: nan  s0.acc: 100.0000  s0.loss_bbox: nan  s0.loss_mask: nan  s1.loss_cls: nan  s1.acc: 100.0000  s1.loss_bbox: nan  s1.loss_mask: nan  s2.loss_cls: nan  s2.acc: 100.0000  s2.loss_bbox: nan  s2.loss_mask: nan
2024/01/18 11:30:52 - mmengine - INFO - Epoch(train)  [1][ 450/1713]  lr: 1.7998e-02  eta: 0:44:30  time: 0.1287  data_time: 0.0063  memory: 1806  loss: nan  loss_rpn_cls: nan  loss_rpn_bbox: nan  s0.loss_cls: nan  s0.acc: 100.0000  s0.loss_bbox: nan  s0.loss_mask: nan  s1.loss_cls: nan  s1.acc: 100.0000  s1.loss_bbox: nan  s1.loss_mask: nan  s2.loss_cls: nan  s2.acc: 100.0000  s2.loss_bbox: nan  s2.loss_mask: nan
2024/01/18 11:30:58 - mmengine - INFO - Epoch(train)  [1][ 500/1713]  lr: 2.0000e-02  eta: 0:43:32  time: 0.1300  data_time: 0.0063  memory: 1809  loss: nan  loss_rpn_cls: nan  loss_rpn_bbox: nan  s0.loss_cls: nan  s0.acc: 100.0000  s0.loss_bbox: nan  s0.loss_mask: nan  s1.loss_cls: nan  s1.acc: 100.0000  s1.loss_bbox: nan  s1.loss_mask: nan  s2.loss_cls: nan  s2.acc: 100.0000  s2.loss_bbox: nan  s2.loss_mask: nan
2024/01/18 11:31:05 - mmengine - INFO - Epoch(train)  [1][ 550/1713]  lr: 2.0000e-02  eta: 0:42:45  time: 0.1309  data_time: 0.0066  memory: 1805  loss: nan  loss_rpn_cls: nan  loss_rpn_bbox: nan  s0.loss_cls: nan  s0.acc: 100.0000  s0.loss_bbox: nan  s0.loss_mask: nan  s1.loss_cls: nan  s1.acc: 100.0000  s1.loss_bbox: nan  s1.loss_mask: nan  s2.loss_cls: nan  s2.acc: 100.0000  s2.loss_bbox: nan  s2.loss_mask: nan
2024/01/18 11:31:12 - mmengine - INFO - Epoch(train)  [1][ 600/1713]  lr: 2.0000e-02  eta: 0:42:14  time: 0.1380  data_time: 0.0075  memory: 1806  loss: nan  loss_rpn_cls: nan  loss_rpn_bbox: nan  s0.loss_cls: nan  s0.acc: 100.0000  s0.loss_bbox: nan  s0.loss_mask: nan  s1.loss_cls: nan  s1.acc: 100.0000  s1.loss_bbox: nan  s1.loss_mask: nan  s2.loss_cls: nan  s2.acc: 100.0000  s2.loss_bbox: nan  s2.loss_mask: nan
2024/01/18 11:31:20 - mmengine - INFO - Epoch(train)  [1][ 650/1713]  lr: 2.0000e-02  eta: 0:42:24  time: 0.1672  data_time: 0.0123  memory: 1808  loss: nan  loss_rpn_cls: nan  loss_rpn_bbox: nan  s0.loss_cls: nan  s0.acc: 100.0000  s0.loss_bbox: nan  s0.loss_mask: nan  s1.loss_cls: nan  s1.acc: 100.0000  s1.loss_bbox: nan  s1.loss_mask: nan  s2.loss_cls: nan  s2.acc: 100.0000  s2.loss_bbox: nan  s2.loss_mask: nan
2024/01/18 11:31:28 - mmengine - INFO - Epoch(train)  [1][ 700/1713]  lr: 2.0000e-02  eta: 0:42:29  time: 0.1655  data_time: 0.0104  memory: 1809  loss: nan  loss_rpn_cls: nan  loss_rpn_bbox: nan  s0.loss_cls: nan  s0.acc: 100.0000  s0.loss_bbox: nan  s0.loss_mask: nan  s1.loss_cls: nan  s1.acc: 100.0000  s1.loss_bbox: nan  s1.loss_mask: nan  s2.loss_cls: nan  s2.acc: 100.0000  s2.loss_bbox: nan  s2.loss_mask: nan
2024/01/18 11:31:37 - mmengine - INFO - Epoch(train)  [1][ 750/1713]  lr: 2.0000e-02  eta: 0:42:30  time: 0.1629  data_time: 0.0109  memory: 1808  loss: nan  loss_rpn_cls: nan  loss_rpn_bbox: nan  s0.loss_cls: nan  s0.acc: 100.0000  s0.loss_bbox: nan  s0.loss_mask: nan  s1.loss_cls: nan  s1.acc: 100.0000  s1.loss_bbox: nan  s1.loss_mask: nan  s2.loss_cls: nan  s2.acc: 100.0000  s2.loss_bbox: nan  s2.loss_mask: nan
2024/01/18 11:31:43 - mmengine - INFO - Epoch(train)  [1][ 800/1713]  lr: 2.0000e-02  eta: 0:41:59  time: 0.1327  data_time: 0.0070  memory: 1808  loss: nan  loss_rpn_cls: nan  loss_rpn_bbox: nan  s0.loss_cls: nan  s0.acc: 100.0000  s0.loss_bbox: nan  s0.loss_mask: nan  s1.loss_cls: nan  s1.acc: 100.0000  s1.loss_bbox: nan  s1.loss_mask: nan  s2.loss_cls: nan  s2.acc: 100.0000  s2.loss_bbox: nan  s2.loss_mask: nan
2024/01/18 11:31:50 - mmengine - INFO - Epoch(train)  [1][ 850/1713]  lr: 2.0000e-02  eta: 0:41:32  time: 0.1339  data_time: 0.0070  memory: 1807  loss: nan  loss_rpn_cls: nan  loss_rpn_bbox: nan  s0.loss_cls: nan  s0.acc: 100.0000  s0.loss_bbox: nan  s0.loss_mask: nan  s1.loss_cls: nan  s1.acc: 100.0000  s1.loss_bbox: nan  s1.loss_mask: nan  s2.loss_cls: nan  s2.acc: 100.0000  s2.loss_bbox: nan  s2.loss_mask: nan
2024/01/18 11:31:57 - mmengine - INFO - Epoch(train)  [1][ 900/1713]  lr: 2.0000e-02  eta: 0:41:07  time: 0.1345  data_time: 0.0073  memory: 1807  loss: nan  loss_rpn_cls: nan  loss_rpn_bbox: nan  s0.loss_cls: nan  s0.acc: 100.0000  s0.loss_bbox: nan  s0.loss_mask: nan  s1.loss_cls: nan  s1.acc: 100.0000  s1.loss_bbox: nan  s1.loss_mask: nan  s2.loss_cls: nan  s2.acc: 100.0000  s2.loss_bbox: nan  s2.loss_mask: nan
2024/01/18 11:32:03 - mmengine - INFO - Epoch(train)  [1][ 950/1713]  lr: 2.0000e-02  eta: 0:40:46  time: 0.1359  data_time: 0.0074  memory: 1808  loss: nan  loss_rpn_cls: nan  loss_rpn_bbox: nan  s0.loss_cls: nan  s0.acc: 100.0000  s0.loss_bbox: nan  s0.loss_mask: nan  s1.loss_cls: nan  s1.acc: 100.0000  s1.loss_bbox: nan  s1.loss_mask: nan  s2.loss_cls: nan  s2.acc: 100.0000  s2.loss_bbox: nan  s2.loss_mask: nan
2024/01/18 11:32:10 - mmengine - INFO - Exp name: instance_20240118_112932
2024/01/18 11:32:10 - mmengine - INFO - Epoch(train)  [1][1000/1713]  lr: 2.0000e-02  eta: 0:40:24  time: 0.1334  data_time: 0.0071  memory: 1807  loss: nan  loss_rpn_cls: nan  loss_rpn_bbox: nan  s0.loss_cls: nan  s0.acc: 100.0000  s0.loss_bbox: nan  s0.loss_mask: nan  s1.loss_cls: nan  s1.acc: 100.0000  s1.loss_bbox: nan  s1.loss_mask: nan  s2.loss_cls: nan  s2.acc: 100.0000  s2.loss_bbox: nan  s2.loss_mask: nan
2024/01/18 11:32:17 - mmengine - INFO - Epoch(train)  [1][1050/1713]  lr: 2.0000e-02  eta: 0:40:02  time: 0.1313  data_time: 0.0066  memory: 1806  loss: nan  loss_rpn_cls: nan  loss_rpn_bbox: nan  s0.loss_cls: nan  s0.acc: 100.0000  s0.loss_bbox: nan  s0.loss_mask: nan  s1.loss_cls: nan  s1.acc: 100.0000  s1.loss_bbox: nan  s1.loss_mask: nan  s2.loss_cls: nan  s2.acc: 100.0000  s2.loss_bbox: nan  s2.loss_mask: nan
2024/01/18 11:32:23 - mmengine - INFO - Epoch(train)  [1][1100/1713]  lr: 2.0000e-02  eta: 0:39:44  time: 0.1351  data_time: 0.0067  memory: 1806  loss: nan  loss_rpn_cls: nan  loss_rpn_bbox: nan  s0.loss_cls: nan  s0.acc: 100.0000  s0.loss_bbox: nan  s0.loss_mask: nan  s1.loss_cls: nan  s1.acc: 100.0000  s1.loss_bbox: nan  s1.loss_mask: nan  s2.loss_cls: nan  s2.acc: 100.0000  s2.loss_bbox: nan  s2.loss_mask: nan
2024/01/18 11:32:31 - mmengine - INFO - Epoch(train)  [1][1150/1713]  lr: 2.0000e-02  eta: 0:39:33  time: 0.1439  data_time: 0.0082  memory: 1808  loss: nan  loss_rpn_cls: nan  loss_rpn_bbox: nan  s0.loss_cls: nan  s0.acc: 100.0000  s0.loss_bbox: nan  s0.loss_mask: nan  s1.loss_cls: nan  s1.acc: 100.0000  s1.loss_bbox: nan  s1.loss_mask: nan  s2.loss_cls: nan  s2.acc: 100.0000  s2.loss_bbox: nan  s2.loss_mask: nan
2024/01/18 11:32:39 - mmengine - INFO - Epoch(train)  [1][1200/1713]  lr: 2.0000e-02  eta: 0:39:35  time: 0.1625  data_time: 0.0113  memory: 1808  loss: nan  loss_rpn_cls: nan  loss_rpn_bbox: nan  s0.loss_cls: nan  s0.acc: 100.0000  s0.loss_bbox: nan  s0.loss_mask: nan  s1.loss_cls: nan  s1.acc: 100.0000  s1.loss_bbox: nan  s1.loss_mask: nan  s2.loss_cls: nan  s2.acc: 100.0000  s2.loss_bbox: nan  s2.loss_mask: nan
2024/01/18 11:32:47 - mmengine - INFO - Epoch(train)  [1][1250/1713]  lr: 2.0000e-02  eta: 0:39:35  time: 0.1612  data_time: 0.0104  memory: 1809  loss: nan  loss_rpn_cls: nan  loss_rpn_bbox: nan  s0.loss_cls: nan  s0.acc: 100.0000  s0.loss_bbox: nan  s0.loss_mask: nan  s1.loss_cls: nan  s1.acc: 100.0000  s1.loss_bbox: nan  s1.loss_mask: nan  s2.loss_cls: nan  s2.acc: 100.0000  s2.loss_bbox: nan  s2.loss_mask: nan
2024/01/18 11:32:54 - mmengine - INFO - Epoch(train)  [1][1300/1713]  lr: 2.0000e-02  eta: 0:39:27  time: 0.1479  data_time: 0.0080  memory: 1809  loss: nan  loss_rpn_cls: nan  loss_rpn_bbox: nan  s0.loss_cls: nan  s0.acc: 100.0000  s0.loss_bbox: nan  s0.loss_mask: nan  s1.loss_cls: nan  s1.acc: 100.0000  s1.loss_bbox: nan  s1.loss_mask: nan  s2.loss_cls: nan  s2.acc: 100.0000  s2.loss_bbox: nan  s2.loss_mask: nan
2024/01/18 11:33:02 - mmengine - INFO - Epoch(train)  [1][1350/1713]  lr: 2.0000e-02  eta: 0:39:19  time: 0.1493  data_time: 0.0090  memory: 1807  loss: nan  loss_rpn_cls: nan  loss_rpn_bbox: nan  s0.loss_cls: nan  s0.acc: 100.0000  s0.loss_bbox: nan  s0.loss_mask: nan  s1.loss_cls: nan  s1.acc: 100.0000  s1.loss_bbox: nan  s1.loss_mask: nan  s2.loss_cls: nan  s2.acc: 100.0000  s2.loss_bbox: nan  s2.loss_mask: nan
2024/01/18 11:33:09 - mmengine - INFO - Epoch(train)  [1][1400/1713]  lr: 2.0000e-02  eta: 0:39:06  time: 0.1401  data_time: 0.0085  memory: 1807  loss: nan  loss_rpn_cls: nan  loss_rpn_bbox: nan  s0.loss_cls: nan  s0.acc: 100.0000  s0.loss_bbox: nan  s0.loss_mask: nan  s1.loss_cls: nan  s1.acc: 100.0000  s1.loss_bbox: nan  s1.loss_mask: nan  s2.loss_cls: nan  s2.acc: 100.0000  s2.loss_bbox: nan  s2.loss_mask: nan
2024/01/18 11:33:16 - mmengine - INFO - Epoch(train)  [1][1450/1713]  lr: 2.0000e-02  eta: 0:38:54  time: 0.1393  data_time: 0.0080  memory: 1811  loss: nan  loss_rpn_cls: nan  loss_rpn_bbox: nan  s0.loss_cls: nan  s0.acc: 100.0000  s0.loss_bbox: nan  s0.loss_mask: nan  s1.loss_cls: nan  s1.acc: 100.0000  s1.loss_bbox: nan  s1.loss_mask: nan  s2.loss_cls: nan  s2.acc: 100.0000  s2.loss_bbox: nan  s2.loss_mask: nan
2024/01/18 11:33:22 - mmengine - INFO - Epoch(train)  [1][1500/1713]  lr: 2.0000e-02  eta: 0:38:39  time: 0.1347  data_time: 0.0070  memory: 1808  loss: nan  loss_rpn_cls: nan  loss_rpn_bbox: nan  s0.loss_cls: nan  s0.acc: 100.0000  s0.loss_bbox: nan  s0.loss_mask: nan  s1.loss_cls: nan  s1.acc: 100.0000  s1.loss_bbox: nan  s1.loss_mask: nan  s2.loss_cls: nan  s2.acc: 100.0000  s2.loss_bbox: nan  s2.loss_mask: nan
2024/01/18 11:33:29 - mmengine - INFO - Epoch(train)  [1][1550/1713]  lr: 2.0000e-02  eta: 0:38:24  time: 0.1348  data_time: 0.0070  memory: 1808  loss: nan  loss_rpn_cls: nan  loss_rpn_bbox: nan  s0.loss_cls: nan  s0.acc: 100.0000  s0.loss_bbox: nan  s0.loss_mask: nan  s1.loss_cls: nan  s1.acc: 100.0000  s1.loss_bbox: nan  s1.loss_mask: nan  s2.loss_cls: nan  s2.acc: 100.0000  s2.loss_bbox: nan  s2.loss_mask: nan
2024/01/18 11:33:36 - mmengine - INFO - Epoch(train)  [1][1600/1713]  lr: 2.0000e-02  eta: 0:38:13  time: 0.1399  data_time: 0.0072  memory: 1808  loss: nan  loss_rpn_cls: nan  loss_rpn_bbox: nan  s0.loss_cls: nan  s0.acc: 100.0000  s0.loss_bbox: nan  s0.loss_mask: nan  s1.loss_cls: nan  s1.acc: 100.0000  s1.loss_bbox: nan  s1.loss_mask: nan  s2.loss_cls: nan  s2.acc: 100.0000  s2.loss_bbox: nan  s2.loss_mask: nan
2024/01/18 11:33:43 - mmengine - INFO - Epoch(train)  [1][1650/1713]  lr: 2.0000e-02  eta: 0:38:05  time: 0.1464  data_time: 0.0105  memory: 1809  loss: nan  loss_rpn_cls: nan  loss_rpn_bbox: nan  s0.loss_cls: nan  s0.acc: 100.0000  s0.loss_bbox: nan  s0.loss_mask: nan  s1.loss_cls: nan  s1.acc: 100.0000  s1.loss_bbox: nan  s1.loss_mask: nan  s2.loss_cls: nan  s2.acc: 100.0000  s2.loss_bbox: nan  s2.loss_mask: nan
2024/01/18 11:33:51 - mmengine - INFO - Epoch(train)  [1][1700/1713]  lr: 2.0000e-02  eta: 0:37:55  time: 0.1423  data_time: 0.0073  memory: 1808  loss: nan  loss_rpn_cls: nan  loss_rpn_bbox: nan  s0.loss_cls: nan  s0.acc: 100.0000  s0.loss_bbox: nan  s0.loss_mask: nan  s1.loss_cls: nan  s1.acc: 100.0000  s1.loss_bbox: nan  s1.loss_mask: nan  s2.loss_cls: nan  s2.acc: 100.0000  s2.loss_bbox: nan  s2.loss_mask: nan
2024/01/18 11:33:53 - mmengine - INFO - Exp name: instance_20240118_112932
2024/01/18 11:33:55 - mmengine - INFO - Epoch(val)  [1][50/71]    eta: 0:00:00  time: 0.0437  data_time: 0.0088  memory: 1804  
2024/01/18 11:33:56 - mmengine - INFO - Evaluating bbox...
2024/01/18 11:33:56 - mmengine - ERROR - /home/hasnatpie/thesis01/mmdetection/mmdet/evaluation/metrics/coco_metric.py - compute_metrics - 465 - The testing results of the whole dataset is empty.
2024/01/18 11:33:56 - mmengine - INFO - Epoch(val) [1][71/71]    data_time: 0.0077  time: 0.0420
2024/01/18 11:33:56 - mmengine - WARNING - Since `metrics` is an empty dict, the behavior to save the best checkpoint will be skipped in this evaluation.
2024/01/18 11:34:02 - mmengine - INFO - Epoch(train)  [2][  50/1713]  lr: 2.0000e-02  eta: 0:37:40  time: 0.1317  data_time: 0.0075  memory: 1806  loss: nan  loss_rpn_cls: nan  loss_rpn_bbox: nan  s0.loss_cls: nan  s0.acc: 100.0000  s0.loss_bbox: nan  s0.loss_mask: nan  s1.loss_cls: nan  s1.acc: 100.0000  s1.loss_bbox: nan  s1.loss_mask: nan  s2.loss_cls: nan  s2.acc: 100.0000  s2.loss_bbox: nan  s2.loss_mask: nan
2024/01/18 11:34:09 - mmengine - INFO - Epoch(train)  [2][ 100/1713]  lr: 2.0000e-02  eta: 0:37:26  time: 0.1332  data_time: 0.0070  memory: 1809  loss: nan  loss_rpn_cls: nan  loss_rpn_bbox: nan  s0.loss_cls: nan  s0.acc: 100.0000  s0.loss_bbox: nan  s0.loss_mask: nan  s1.loss_cls: nan  s1.acc: 100.0000  s1.loss_bbox: nan  s1.loss_mask: nan  s2.loss_cls: nan  s2.acc: 100.0000  s2.loss_bbox: nan  s2.loss_mask: nan
2024/01/18 11:34:16 - mmengine - INFO - Epoch(train)  [2][ 150/1713]  lr: 2.0000e-02  eta: 0:37:15  time: 0.1377  data_time: 0.0073  memory: 1811  loss: nan  loss_rpn_cls: nan  loss_rpn_bbox: nan  s0.loss_cls: nan  s0.acc: 100.0000  s0.loss_bbox: nan  s0.loss_mask: nan  s1.loss_cls: nan  s1.acc: 100.0000  s1.loss_bbox: nan  s1.loss_mask: nan  s2.loss_cls: nan  s2.acc: 100.0000  s2.loss_bbox: nan  s2.loss_mask: nan
2024/01/18 11:34:22 - mmengine - INFO - Epoch(train)  [2][ 200/1713]  lr: 2.0000e-02  eta: 0:37:01  time: 0.1289  data_time: 0.0073  memory: 1808  loss: nan  loss_rpn_cls: nan  loss_rpn_bbox: nan  s0.loss_cls: nan  s0.acc: 100.0000  s0.loss_bbox: nan  s0.loss_mask: nan  s1.loss_cls: nan  s1.acc: 100.0000  s1.loss_bbox: nan  s1.loss_mask: nan  s2.loss_cls: nan  s2.acc: 100.0000  s2.loss_bbox: nan  s2.loss_mask: nan
2024/01/18 11:34:28 - mmengine - INFO - Epoch(train)  [2][ 250/1713]  lr: 2.0000e-02  eta: 0:36:47  time: 0.1275  data_time: 0.0065  memory: 1807  loss: nan  loss_rpn_cls: nan  loss_rpn_bbox: nan  s0.loss_cls: nan  s0.acc: 100.0000  s0.loss_bbox: nan  s0.loss_mask: nan  s1.loss_cls: nan  s1.acc: 100.0000  s1.loss_bbox: nan  s1.loss_mask: nan  s2.loss_cls: nan  s2.acc: 100.0000  s2.loss_bbox: nan  s2.loss_mask: nan
2024/01/18 11:34:33 - mmengine - INFO - Exp name: instance_20240118_112932
2024/01/18 11:34:35 - mmengine - INFO - Epoch(train)  [2][ 300/1713]  lr: 2.0000e-02  eta: 0:36:32  time: 0.1269  data_time: 0.0066  memory: 1806  loss: nan  loss_rpn_cls: nan  loss_rpn_bbox: nan  s0.loss_cls: nan  s0.acc: 100.0000  s0.loss_bbox: nan  s0.loss_mask: nan  s1.loss_cls: nan  s1.acc: 100.0000  s1.loss_bbox: nan  s1.loss_mask: nan  s2.loss_cls: nan  s2.acc: 100.0000  s2.loss_bbox: nan  s2.loss_mask: nan
2024/01/18 11:34:41 - mmengine - INFO - Epoch(train)  [2][ 350/1713]  lr: 2.0000e-02  eta: 0:36:20  time: 0.1315  data_time: 0.0066  memory: 1807  loss: nan  loss_rpn_cls: nan  loss_rpn_bbox: nan  s0.loss_cls: nan  s0.acc: 100.0000  s0.loss_bbox: nan  s0.loss_mask: nan  s1.loss_cls: nan  s1.acc: 100.0000  s1.loss_bbox: nan  s1.loss_mask: nan  s2.loss_cls: nan  s2.acc: 100.0000  s2.loss_bbox: nan  s2.loss_mask: nan
2024/01/18 11:34:48 - mmengine - INFO - Epoch(train)  [2][ 400/1713]  lr: 2.0000e-02  eta: 0:36:08  time: 0.1304  data_time: 0.0066  memory: 1808  loss: nan  loss_rpn_cls: nan  loss_rpn_bbox: nan  s0.loss_cls: nan  s0.acc: 100.0000  s0.loss_bbox: nan  s0.loss_mask: nan  s1.loss_cls: nan  s1.acc: 100.0000  s1.loss_bbox: nan  s1.loss_mask: nan  s2.loss_cls: nan  s2.acc: 100.0000  s2.loss_bbox: nan  s2.loss_mask: nan
2024/01/18 11:34:54 - mmengine - INFO - Epoch(train)  [2][ 450/1713]  lr: 2.0000e-02  eta: 0:35:55  time: 0.1288  data_time: 0.0074  memory: 1806  loss: nan  loss_rpn_cls: nan  loss_rpn_bbox: nan  s0.loss_cls: nan  s0.acc: 100.0000  s0.loss_bbox: nan  s0.loss_mask: nan  s1.loss_cls: nan  s1.acc: 100.0000  s1.loss_bbox: nan  s1.loss_mask: nan  s2.loss_cls: nan  s2.acc: 100.0000  s2.loss_bbox: nan  s2.loss_mask: nan
2024/01/18 11:35:01 - mmengine - INFO - Epoch(train)  [2][ 500/1713]  lr: 2.0000e-02  eta: 0:35:42  time: 0.1269  data_time: 0.0063  memory: 1806  loss: nan  loss_rpn_cls: nan  loss_rpn_bbox: nan  s0.loss_cls: nan  s0.acc: 100.0000  s0.loss_bbox: nan  s0.loss_mask: nan  s1.loss_cls: nan  s1.acc: 100.0000  s1.loss_bbox: nan  s1.loss_mask: nan  s2.loss_cls: nan  s2.acc: 100.0000  s2.loss_bbox: nan  s2.loss_mask: nan
2024/01/18 11:35:07 - mmengine - INFO - Epoch(train)  [2][ 550/1713]  lr: 2.0000e-02  eta: 0:35:31  time: 0.1322  data_time: 0.0067  memory: 1808  loss: nan  loss_rpn_cls: nan  loss_rpn_bbox: nan  s0.loss_cls: nan  s0.acc: 100.0000  s0.loss_bbox: nan  s0.loss_mask: nan  s1.loss_cls: nan  s1.acc: 100.0000  s1.loss_bbox: nan  s1.loss_mask: nan  s2.loss_cls: nan  s2.acc: 100.0000  s2.loss_bbox: nan  s2.loss_mask: nan
2024/01/18 11:35:14 - mmengine - INFO - Epoch(train)  [2][ 600/1713]  lr: 2.0000e-02  eta: 0:35:21  time: 0.1328  data_time: 0.0076  memory: 1808  loss: nan  loss_rpn_cls: nan  loss_rpn_bbox: nan  s0.loss_cls: nan  s0.acc: 100.0000  s0.loss_bbox: nan  s0.loss_mask: nan  s1.loss_cls: nan  s1.acc: 100.0000  s1.loss_bbox: nan  s1.loss_mask: nan  s2.loss_cls: nan  s2.acc: 100.0000  s2.loss_bbox: nan  s2.loss_mask: nan
2024/01/18 11:35:20 - mmengine - INFO - Epoch(train)  [2][ 650/1713]  lr: 2.0000e-02  eta: 0:35:09  time: 0.1298  data_time: 0.0066  memory: 1806  loss: nan  loss_rpn_cls: nan  loss_rpn_bbox: nan  s0.loss_cls: nan  s0.acc: 100.0000  s0.loss_bbox: nan  s0.loss_mask: nan  s1.loss_cls: nan  s1.acc: 100.0000  s1.loss_bbox: nan  s1.loss_mask: nan  s2.loss_cls: nan  s2.acc: 100.0000  s2.loss_bbox: nan  s2.loss_mask: nan
2024/01/18 11:35:27 - mmengine - INFO - Epoch(train)  [2][ 700/1713]  lr: 2.0000e-02  eta: 0:34:58  time: 0.1302  data_time: 0.0068  memory: 1807  loss: nan  loss_rpn_cls: nan  loss_rpn_bbox: nan  s0.loss_cls: nan  s0.acc: 100.0000  s0.loss_bbox: nan  s0.loss_mask: nan  s1.loss_cls: nan  s1.acc: 100.0000  s1.loss_bbox: nan  s1.loss_mask: nan  s2.loss_cls: nan  s2.acc: 100.0000  s2.loss_bbox: nan  s2.loss_mask: nan
2024/01/18 11:35:34 - mmengine - INFO - Epoch(train)  [2][ 750/1713]  lr: 2.0000e-02  eta: 0:34:48  time: 0.1317  data_time: 0.0069  memory: 1806  loss: nan  loss_rpn_cls: nan  loss_rpn_bbox: nan  s0.loss_cls: nan  s0.acc: 100.0000  s0.loss_bbox: nan  s0.loss_mask: nan  s1.loss_cls: nan  s1.acc: 100.0000  s1.loss_bbox: nan  s1.loss_mask: nan  s2.loss_cls: nan  s2.acc: 100.0000  s2.loss_bbox: nan  s2.loss_mask: nan
2024/01/18 11:35:40 - mmengine - INFO - Epoch(train)  [2][ 800/1713]  lr: 2.0000e-02  eta: 0:34:38  time: 0.1308  data_time: 0.0073  memory: 1808  loss: nan  loss_rpn_cls: nan  loss_rpn_bbox: nan  s0.loss_cls: nan  s0.acc: 100.0000  s0.loss_bbox: nan  s0.loss_mask: nan  s1.loss_cls: nan  s1.acc: 100.0000  s1.loss_bbox: nan  s1.loss_mask: nan  s2.loss_cls: nan  s2.acc: 100.0000  s2.loss_bbox: nan  s2.loss_mask: nan
2024/01/18 11:35:47 - mmengine - INFO - Epoch(train)  [2][ 850/1713]  lr: 2.0000e-02  eta: 0:34:27  time: 0.1319  data_time: 0.0070  memory: 1806  loss: nan  loss_rpn_cls: nan  loss_rpn_bbox: nan  s0.loss_cls: nan  s0.acc: 100.0000  s0.loss_bbox: nan  s0.loss_mask: nan  s1.loss_cls: nan  s1.acc: 100.0000  s1.loss_bbox: nan  s1.loss_mask: nan  s2.loss_cls: nan  s2.acc: 100.0000  s2.loss_bbox: nan  s2.loss_mask: nan
2024/01/18 11:35:53 - mmengine - INFO - Epoch(train)  [2][ 900/1713]  lr: 2.0000e-02  eta: 0:34:16  time: 0.1264  data_time: 0.0065  memory: 1806  loss: nan  loss_rpn_cls: nan  loss_rpn_bbox: nan  s0.loss_cls: nan  s0.acc: 100.0000  s0.loss_bbox: nan  s0.loss_mask: nan  s1.loss_cls: nan  s1.acc: 100.0000  s1.loss_bbox: nan  s1.loss_mask: nan  s2.loss_cls: nan  s2.acc: 100.0000  s2.loss_bbox: nan  s2.loss_mask: nan
2024/01/18 11:35:59 - mmengine - INFO - Epoch(train)  [2][ 950/1713]  lr: 2.0000e-02  eta: 0:34:05  time: 0.1273  data_time: 0.0067  memory: 1807  loss: nan  loss_rpn_cls: nan  loss_rpn_bbox: nan  s0.loss_cls: nan  s0.acc: 100.0000  s0.loss_bbox: nan  s0.loss_mask: nan  s1.loss_cls: nan  s1.acc: 100.0000  s1.loss_bbox: nan  s1.loss_mask: nan  s2.loss_cls: nan  s2.acc: 100.0000  s2.loss_bbox: nan  s2.loss_mask: nan
2024/01/18 11:36:06 - mmengine - INFO - Epoch(train)  [2][1000/1713]  lr: 2.0000e-02  eta: 0:33:55  time: 0.1298  data_time: 0.0069  memory: 1809  loss: nan  loss_rpn_cls: nan  loss_rpn_bbox: nan  s0.loss_cls: nan  s0.acc: 100.0000  s0.loss_bbox: nan  s0.loss_mask: nan  s1.loss_cls: nan  s1.acc: 100.0000  s1.loss_bbox: nan  s1.loss_mask: nan  s2.loss_cls: nan  s2.acc: 100.0000  s2.loss_bbox: nan  s2.loss_mask: nan
2024/01/18 11:36:12 - mmengine - INFO - Epoch(train)  [2][1050/1713]  lr: 2.0000e-02  eta: 0:33:44  time: 0.1270  data_time: 0.0069  memory: 1808  loss: nan  loss_rpn_cls: nan  loss_rpn_bbox: nan  s0.loss_cls: nan  s0.acc: 100.0000  s0.loss_bbox: nan  s0.loss_mask: nan  s1.loss_cls: nan  s1.acc: 100.0000  s1.loss_bbox: nan  s1.loss_mask: nan  s2.loss_cls: nan  s2.acc: 100.0000  s2.loss_bbox: nan  s2.loss_mask: nan
2024/01/18 11:36:19 - mmengine - INFO - Epoch(train)  [2][1100/1713]  lr: 2.0000e-02  eta: 0:33:34  time: 0.1271  data_time: 0.0067  memory: 1808  loss: nan  loss_rpn_cls: nan  loss_rpn_bbox: nan  s0.loss_cls: nan  s0.acc: 100.0000  s0.loss_bbox: nan  s0.loss_mask: nan  s1.loss_cls: nan  s1.acc: 100.0000  s1.loss_bbox: nan  s1.loss_mask: nan  s2.loss_cls: nan  s2.acc: 100.0000  s2.loss_bbox: nan  s2.loss_mask: nan
2024/01/18 11:36:25 - mmengine - INFO - Epoch(train)  [2][1150/1713]  lr: 2.0000e-02  eta: 0:33:24  time: 0.1314  data_time: 0.0074  memory: 1809  loss: nan  loss_rpn_cls: nan  loss_rpn_bbox: nan  s0.loss_cls: nan  s0.acc: 100.0000  s0.loss_bbox: nan  s0.loss_mask: nan  s1.loss_cls: nan  s1.acc: 100.0000  s1.loss_bbox: nan  s1.loss_mask: nan  s2.loss_cls: nan  s2.acc: 100.0000  s2.loss_bbox: nan  s2.loss_mask: nan
2024/01/18 11:36:32 - mmengine - INFO - Epoch(train)  [2][1200/1713]  lr: 2.0000e-02  eta: 0:33:14  time: 0.1281  data_time: 0.0062  memory: 1806  loss: nan  loss_rpn_cls: nan  loss_rpn_bbox: nan  s0.loss_cls: nan  s0.acc: 100.0000  s0.loss_bbox: nan  s0.loss_mask: nan  s1.loss_cls: nan  s1.acc: 100.0000  s1.loss_bbox: nan  s1.loss_mask: nan  s2.loss_cls: nan  s2.acc: 100.0000  s2.loss_bbox: nan  s2.loss_mask: nan
2024/01/18 11:36:38 - mmengine - INFO - Epoch(train)  [2][1250/1713]  lr: 2.0000e-02  eta: 0:33:04  time: 0.1280  data_time: 0.0065  memory: 1808  loss: nan  loss_rpn_cls: nan  loss_rpn_bbox: nan  s0.loss_cls: nan  s0.acc: 100.0000  s0.loss_bbox: nan  s0.loss_mask: nan  s1.loss_cls: nan  s1.acc: 100.0000  s1.loss_bbox: nan  s1.loss_mask: nan  s2.loss_cls: nan  s2.acc: 100.0000  s2.loss_bbox: nan  s2.loss_mask: nan
2024/01/18 11:36:43 - mmengine - INFO - Exp name: instance_20240118_112932
2024/01/18 11:36:45 - mmengine - INFO - Epoch(train)  [2][1300/1713]  lr: 2.0000e-02  eta: 0:32:56  time: 0.1352  data_time: 0.0083  memory: 1809  loss: nan  loss_rpn_cls: nan  loss_rpn_bbox: nan  s0.loss_cls: nan  s0.acc: 100.0000  s0.loss_bbox: nan  s0.loss_mask: nan  s1.loss_cls: nan  s1.acc: 100.0000  s1.loss_bbox: nan  s1.loss_mask: nan  s2.loss_cls: nan  s2.acc: 100.0000  s2.loss_bbox: nan  s2.loss_mask: nan
2024/01/18 11:36:51 - mmengine - INFO - Epoch(train)  [2][1350/1713]  lr: 2.0000e-02  eta: 0:32:47  time: 0.1318  data_time: 0.0070  memory: 1808  loss: nan  loss_rpn_cls: nan  loss_rpn_bbox: nan  s0.loss_cls: nan  s0.acc: 100.0000  s0.loss_bbox: nan  s0.loss_mask: nan  s1.loss_cls: nan  s1.acc: 100.0000  s1.loss_bbox: nan  s1.loss_mask: nan  s2.loss_cls: nan  s2.acc: 100.0000  s2.loss_bbox: nan  s2.loss_mask: nan
2024/01/18 11:36:58 - mmengine - INFO - Epoch(train)  [2][1400/1713]  lr: 2.0000e-02  eta: 0:32:38  time: 0.1319  data_time: 0.0069  memory: 1808  loss: nan  loss_rpn_cls: nan  loss_rpn_bbox: nan  s0.loss_cls: nan  s0.acc: 100.0000  s0.loss_bbox: nan  s0.loss_mask: nan  s1.loss_cls: nan  s1.acc: 100.0000  s1.loss_bbox: nan  s1.loss_mask: nan  s2.loss_cls: nan  s2.acc: 100.0000  s2.loss_bbox: nan  s2.loss_mask: nan
2024/01/18 11:37:04 - mmengine - INFO - Epoch(train)  [2][1450/1713]  lr: 2.0000e-02  eta: 0:32:30  time: 0.1310  data_time: 0.0065  memory: 1808  loss: nan  loss_rpn_cls: nan  loss_rpn_bbox: nan  s0.loss_cls: nan  s0.acc: 100.0000  s0.loss_bbox: nan  s0.loss_mask: nan  s1.loss_cls: nan  s1.acc: 100.0000  s1.loss_bbox: nan  s1.loss_mask: nan  s2.loss_cls: nan  s2.acc: 100.0000  s2.loss_bbox: nan  s2.loss_mask: nan
2024/01/18 11:37:11 - mmengine - INFO - Epoch(train)  [2][1500/1713]  lr: 2.0000e-02  eta: 0:32:21  time: 0.1320  data_time: 0.0072  memory: 1808  loss: nan  loss_rpn_cls: nan  loss_rpn_bbox: nan  s0.loss_cls: nan  s0.acc: 100.0000  s0.loss_bbox: nan  s0.loss_mask: nan  s1.loss_cls: nan  s1.acc: 100.0000  s1.loss_bbox: nan  s1.loss_mask: nan  s2.loss_cls: nan  s2.acc: 100.0000  s2.loss_bbox: nan  s2.loss_mask: nan
2024/01/18 11:37:18 - mmengine - INFO - Epoch(train)  [2][1550/1713]  lr: 2.0000e-02  eta: 0:32:12  time: 0.1306  data_time: 0.0074  memory: 1808  loss: nan  loss_rpn_cls: nan  loss_rpn_bbox: nan  s0.loss_cls: nan  s0.acc: 100.0000  s0.loss_bbox: nan  s0.loss_mask: nan  s1.loss_cls: nan  s1.acc: 100.0000  s1.loss_bbox: nan  s1.loss_mask: nan  s2.loss_cls: nan  s2.acc: 100.0000  s2.loss_bbox: nan  s2.loss_mask: nan
2024/01/18 11:37:24 - mmengine - INFO - Epoch(train)  [2][1600/1713]  lr: 2.0000e-02  eta: 0:32:03  time: 0.1304  data_time: 0.0065  memory: 1808  loss: nan  loss_rpn_cls: nan  loss_rpn_bbox: nan  s0.loss_cls: nan  s0.acc: 100.0000  s0.loss_bbox: nan  s0.loss_mask: nan  s1.loss_cls: nan  s1.acc: 100.0000  s1.loss_bbox: nan  s1.loss_mask: nan  s2.loss_cls: nan  s2.acc: 100.0000  s2.loss_bbox: nan  s2.loss_mask: nan
2024/01/18 11:37:31 - mmengine - INFO - Epoch(train)  [2][1650/1713]  lr: 2.0000e-02  eta: 0:31:55  time: 0.1324  data_time: 0.0071  memory: 1809  loss: nan  loss_rpn_cls: nan  loss_rpn_bbox: nan  s0.loss_cls: nan  s0.acc: 100.0000  s0.loss_bbox: nan  s0.loss_mask: nan  s1.loss_cls: nan  s1.acc: 100.0000  s1.loss_bbox: nan  s1.loss_mask: nan  s2.loss_cls: nan  s2.acc: 100.0000  s2.loss_bbox: nan  s2.loss_mask: nan
2024/01/18 11:37:37 - mmengine - INFO - Epoch(train)  [2][1700/1713]  lr: 2.0000e-02  eta: 0:31:47  time: 0.1355  data_time: 0.0072  memory: 1806  loss: nan  loss_rpn_cls: nan  loss_rpn_bbox: nan  s0.loss_cls: nan  s0.acc: 100.0000  s0.loss_bbox: nan  s0.loss_mask: nan  s1.loss_cls: nan  s1.acc: 100.0000  s1.loss_bbox: nan  s1.loss_mask: nan  s2.loss_cls: nan  s2.acc: 100.0000  s2.loss_bbox: nan  s2.loss_mask: nan
2024/01/18 11:37:39 - mmengine - INFO - Exp name: instance_20240118_112932
2024/01/18 11:37:41 - mmengine - INFO - Epoch(val)  [2][50/71]    eta: 0:00:00  time: 0.0391  data_time: 0.0062  memory: 1808  
2024/01/18 11:37:42 - mmengine - INFO - Evaluating bbox...
2024/01/18 11:37:42 - mmengine - ERROR - /home/hasnatpie/thesis01/mmdetection/mmdet/evaluation/metrics/coco_metric.py - compute_metrics - 465 - The testing results of the whole dataset is empty.
2024/01/18 11:37:42 - mmengine - INFO - Epoch(val) [2][71/71]    data_time: 0.0065  time: 0.0395
2024/01/18 11:37:49 - mmengine - INFO - Epoch(train)  [3][  50/1713]  lr: 2.0000e-02  eta: 0:31:37  time: 0.1332  data_time: 0.0076  memory: 1808  loss: nan  loss_rpn_cls: nan  loss_rpn_bbox: nan  s0.loss_cls: nan  s0.acc: 100.0000  s0.loss_bbox: nan  s0.loss_mask: nan  s1.loss_cls: nan  s1.acc: 100.0000  s1.loss_bbox: nan  s1.loss_mask: nan  s2.loss_cls: nan  s2.acc: 100.0000  s2.loss_bbox: nan  s2.loss_mask: nan
2024/01/18 11:37:55 - mmengine - INFO - Epoch(train)  [3][ 100/1713]  lr: 2.0000e-02  eta: 0:31:29  time: 0.1333  data_time: 0.0073  memory: 1809  loss: nan  loss_rpn_cls: nan  loss_rpn_bbox: nan  s0.loss_cls: nan  s0.acc: 100.0000  s0.loss_bbox: nan  s0.loss_mask: nan  s1.loss_cls: nan  s1.acc: 100.0000  s1.loss_bbox: nan  s1.loss_mask: nan  s2.loss_cls: nan  s2.acc: 100.0000  s2.loss_bbox: nan  s2.loss_mask: nan
2024/01/18 11:38:02 - mmengine - INFO - Epoch(train)  [3][ 150/1713]  lr: 2.0000e-02  eta: 0:31:20  time: 0.1304  data_time: 0.0064  memory: 1806  loss: nan  loss_rpn_cls: nan  loss_rpn_bbox: nan  s0.loss_cls: nan  s0.acc: 100.0000  s0.loss_bbox: nan  s0.loss_mask: nan  s1.loss_cls: nan  s1.acc: 100.0000  s1.loss_bbox: nan  s1.loss_mask: nan  s2.loss_cls: nan  s2.acc: 100.0000  s2.loss_bbox: nan  s2.loss_mask: nan
2024/01/18 11:38:08 - mmengine - INFO - Epoch(train)  [3][ 200/1713]  lr: 2.0000e-02  eta: 0:31:12  time: 0.1320  data_time: 0.0076  memory: 1809  loss: nan  loss_rpn_cls: nan  loss_rpn_bbox: nan  s0.loss_cls: nan  s0.acc: 100.0000  s0.loss_bbox: nan  s0.loss_mask: nan  s1.loss_cls: nan  s1.acc: 100.0000  s1.loss_bbox: nan  s1.loss_mask: nan  s2.loss_cls: nan  s2.acc: 100.0000  s2.loss_bbox: nan  s2.loss_mask: nan
2024/01/18 11:38:15 - mmengine - INFO - Epoch(train)  [3][ 250/1713]  lr: 2.0000e-02  eta: 0:31:04  time: 0.1327  data_time: 0.0073  memory: 1808  loss: nan  loss_rpn_cls: nan  loss_rpn_bbox: nan  s0.loss_cls: nan  s0.acc: 100.0000  s0.loss_bbox: nan  s0.loss_mask: nan  s1.loss_cls: nan  s1.acc: 100.0000  s1.loss_bbox: nan  s1.loss_mask: nan  s2.loss_cls: nan  s2.acc: 100.0000  s2.loss_bbox: nan  s2.loss_mask: nan
2024/01/18 11:38:22 - mmengine - INFO - Epoch(train)  [3][ 300/1713]  lr: 2.0000e-02  eta: 0:30:55  time: 0.1291  data_time: 0.0066  memory: 1807  loss: nan  loss_rpn_cls: nan  loss_rpn_bbox: nan  s0.loss_cls: nan  s0.acc: 100.0000  s0.loss_bbox: nan  s0.loss_mask: nan  s1.loss_cls: nan  s1.acc: 100.0000  s1.loss_bbox: nan  s1.loss_mask: nan  s2.loss_cls: nan  s2.acc: 100.0000  s2.loss_bbox: nan  s2.loss_mask: nan
2024/01/18 11:38:28 - mmengine - INFO - Epoch(train)  [3][ 350/1713]  lr: 2.0000e-02  eta: 0:30:48  time: 0.1368  data_time: 0.0074  memory: 1808  loss: nan  loss_rpn_cls: nan  loss_rpn_bbox: nan  s0.loss_cls: nan  s0.acc: 100.0000  s0.loss_bbox: nan  s0.loss_mask: nan  s1.loss_cls: nan  s1.acc: 100.0000  s1.loss_bbox: nan  s1.loss_mask: nan  s2.loss_cls: nan  s2.acc: 100.0000  s2.loss_bbox: nan  s2.loss_mask: nan
2024/01/18 11:38:35 - mmengine - INFO - Epoch(train)  [3][ 400/1713]  lr: 2.0000e-02  eta: 0:30:42  time: 0.1418  data_time: 0.0080  memory: 1811  loss: nan  loss_rpn_cls: nan  loss_rpn_bbox: nan  s0.loss_cls: nan  s0.acc: 100.0000  s0.loss_bbox: nan  s0.loss_mask: nan  s1.loss_cls: nan  s1.acc: 100.0000  s1.loss_bbox: nan  s1.loss_mask: nan  s2.loss_cls: nan  s2.acc: 100.0000  s2.loss_bbox: nan  s2.loss_mask: nan
2024/01/18 11:38:42 - mmengine - INFO - Epoch(train)  [3][ 450/1713]  lr: 2.0000e-02  eta: 0:30:35  time: 0.1373  data_time: 0.0074  memory: 1808  loss: nan  loss_rpn_cls: nan  loss_rpn_bbox: nan  s0.loss_cls: nan  s0.acc: 100.0000  s0.loss_bbox: nan  s0.loss_mask: nan  s1.loss_cls: nan  s1.acc: 100.0000  s1.loss_bbox: nan  s1.loss_mask: nan  s2.loss_cls: nan  s2.acc: 100.0000  s2.loss_bbox: nan  s2.loss_mask: nan
2024/01/18 11:38:49 - mmengine - INFO - Epoch(train)  [3][ 500/1713]  lr: 2.0000e-02  eta: 0:30:28  time: 0.1370  data_time: 0.0076  memory: 1807  loss: nan  loss_rpn_cls: nan  loss_rpn_bbox: nan  s0.loss_cls: nan  s0.acc: 100.0000  s0.loss_bbox: nan  s0.loss_mask: nan  s1.loss_cls: nan  s1.acc: 100.0000  s1.loss_bbox: nan  s1.loss_mask: nan  s2.loss_cls: nan  s2.acc: 100.0000  s2.loss_bbox: nan  s2.loss_mask: nan
2024/01/18 11:38:56 - mmengine - INFO - Epoch(train)  [3][ 550/1713]  lr: 2.0000e-02  eta: 0:30:21  time: 0.1387  data_time: 0.0079  memory: 1811  loss: nan  loss_rpn_cls: nan  loss_rpn_bbox: nan  s0.loss_cls: nan  s0.acc: 100.0000  s0.loss_bbox: nan  s0.loss_mask: nan  s1.loss_cls: nan  s1.acc: 100.0000  s1.loss_bbox: nan  s1.loss_mask: nan  s2.loss_cls: nan  s2.acc: 100.0000  s2.loss_bbox: nan  s2.loss_mask: nan
2024/01/18 11:39:00 - mmengine - INFO - Exp name: instance_20240118_112932
2024/01/18 11:39:03 - mmengine - INFO - Epoch(train)  [3][ 600/1713]  lr: 2.0000e-02  eta: 0:30:14  time: 0.1398  data_time: 0.0076  memory: 1806  loss: nan  loss_rpn_cls: nan  loss_rpn_bbox: nan  s0.loss_cls: nan  s0.acc: 100.0000  s0.loss_bbox: nan  s0.loss_mask: nan  s1.loss_cls: nan  s1.acc: 100.0000  s1.loss_bbox: nan  s1.loss_mask: nan  s2.loss_cls: nan  s2.acc: 100.0000  s2.loss_bbox: nan  s2.loss_mask: nan
2024/01/18 11:39:10 - mmengine - INFO - Epoch(train)  [3][ 650/1713]  lr: 2.0000e-02  eta: 0:30:07  time: 0.1362  data_time: 0.0075  memory: 1807  loss: nan  loss_rpn_cls: nan  loss_rpn_bbox: nan  s0.loss_cls: nan  s0.acc: 100.0000  s0.loss_bbox: nan  s0.loss_mask: nan  s1.loss_cls: nan  s1.acc: 100.0000  s1.loss_bbox: nan  s1.loss_mask: nan  s2.loss_cls: nan  s2.acc: 100.0000  s2.loss_bbox: nan  s2.loss_mask: nan
2024/01/18 11:39:17 - mmengine - INFO - Epoch(train)  [3][ 700/1713]  lr: 2.0000e-02  eta: 0:29:59  time: 0.1346  data_time: 0.0065  memory: 1808  loss: nan  loss_rpn_cls: nan  loss_rpn_bbox: nan  s0.loss_cls: nan  s0.acc: 100.0000  s0.loss_bbox: nan  s0.loss_mask: nan  s1.loss_cls: nan  s1.acc: 100.0000  s1.loss_bbox: nan  s1.loss_mask: nan  s2.loss_cls: nan  s2.acc: 100.0000  s2.loss_bbox: nan  s2.loss_mask: nan
2024/01/18 11:39:23 - mmengine - INFO - Epoch(train)  [3][ 750/1713]  lr: 2.0000e-02  eta: 0:29:52  time: 0.1347  data_time: 0.0068  memory: 1805  loss: nan  loss_rpn_cls: nan  loss_rpn_bbox: nan  s0.loss_cls: nan  s0.acc: 100.0000  s0.loss_bbox: nan  s0.loss_mask: nan  s1.loss_cls: nan  s1.acc: 100.0000  s1.loss_bbox: nan  s1.loss_mask: nan  s2.loss_cls: nan  s2.acc: 100.0000  s2.loss_bbox: nan  s2.loss_mask: nan
2024/01/18 11:39:30 - mmengine - INFO - Epoch(train)  [3][ 800/1713]  lr: 2.0000e-02  eta: 0:29:44  time: 0.1365  data_time: 0.0070  memory: 1806  loss: nan  loss_rpn_cls: nan  loss_rpn_bbox: nan  s0.loss_cls: nan  s0.acc: 100.0000  s0.loss_bbox: nan  s0.loss_mask: nan  s1.loss_cls: nan  s1.acc: 100.0000  s1.loss_bbox: nan  s1.loss_mask: nan  s2.loss_cls: nan  s2.acc: 100.0000  s2.loss_bbox: nan  s2.loss_mask: nan
2024/01/18 11:39:37 - mmengine - INFO - Epoch(train)  [3][ 850/1713]  lr: 2.0000e-02  eta: 0:29:37  time: 0.1374  data_time: 0.0069  memory: 1808  loss: nan  loss_rpn_cls: nan  loss_rpn_bbox: nan  s0.loss_cls: nan  s0.acc: 100.0000  s0.loss_bbox: nan  s0.loss_mask: nan  s1.loss_cls: nan  s1.acc: 100.0000  s1.loss_bbox: nan  s1.loss_mask: nan  s2.loss_cls: nan  s2.acc: 100.0000  s2.loss_bbox: nan  s2.loss_mask: nan
2024/01/18 11:39:44 - mmengine - INFO - Epoch(train)  [3][ 900/1713]  lr: 2.0000e-02  eta: 0:29:30  time: 0.1375  data_time: 0.0069  memory: 1807  loss: nan  loss_rpn_cls: nan  loss_rpn_bbox: nan  s0.loss_cls: nan  s0.acc: 100.0000  s0.loss_bbox: nan  s0.loss_mask: nan  s1.loss_cls: nan  s1.acc: 100.0000  s1.loss_bbox: nan  s1.loss_mask: nan  s2.loss_cls: nan  s2.acc: 100.0000  s2.loss_bbox: nan  s2.loss_mask: nan
2024/01/18 11:39:52 - mmengine - INFO - Epoch(train)  [3][ 950/1713]  lr: 2.0000e-02  eta: 0:29:26  time: 0.1522  data_time: 0.0095  memory: 1808  loss: nan  loss_rpn_cls: nan  loss_rpn_bbox: nan  s0.loss_cls: nan  s0.acc: 100.0000  s0.loss_bbox: nan  s0.loss_mask: nan  s1.loss_cls: nan  s1.acc: 100.0000  s1.loss_bbox: nan  s1.loss_mask: nan  s2.loss_cls: nan  s2.acc: 100.0000  s2.loss_bbox: nan  s2.loss_mask: nan
2024/01/18 11:39:59 - mmengine - INFO - Epoch(train)  [3][1000/1713]  lr: 2.0000e-02  eta: 0:29:19  time: 0.1402  data_time: 0.0082  memory: 1808  loss: nan  loss_rpn_cls: nan  loss_rpn_bbox: nan  s0.loss_cls: nan  s0.acc: 100.0000  s0.loss_bbox: nan  s0.loss_mask: nan  s1.loss_cls: nan  s1.acc: 100.0000  s1.loss_bbox: nan  s1.loss_mask: nan  s2.loss_cls: nan  s2.acc: 100.0000  s2.loss_bbox: nan  s2.loss_mask: nan
2024/01/18 11:40:05 - mmengine - INFO - Epoch(train)  [3][1050/1713]  lr: 2.0000e-02  eta: 0:29:12  time: 0.1362  data_time: 0.0072  memory: 1808  loss: nan  loss_rpn_cls: nan  loss_rpn_bbox: nan  s0.loss_cls: nan  s0.acc: 100.0000  s0.loss_bbox: nan  s0.loss_mask: nan  s1.loss_cls: nan  s1.acc: 100.0000  s1.loss_bbox: nan  s1.loss_mask: nan  s2.loss_cls: nan  s2.acc: 100.0000  s2.loss_bbox: nan  s2.loss_mask: nan
2024/01/18 11:40:12 - mmengine - INFO - Epoch(train)  [3][1100/1713]  lr: 2.0000e-02  eta: 0:29:04  time: 0.1346  data_time: 0.0063  memory: 1809  loss: nan  loss_rpn_cls: nan  loss_rpn_bbox: nan  s0.loss_cls: nan  s0.acc: 100.0000  s0.loss_bbox: nan  s0.loss_mask: nan  s1.loss_cls: nan  s1.acc: 100.0000  s1.loss_bbox: nan  s1.loss_mask: nan  s2.loss_cls: nan  s2.acc: 100.0000  s2.loss_bbox: nan  s2.loss_mask: nan
2024/01/18 11:40:19 - mmengine - INFO - Epoch(train)  [3][1150/1713]  lr: 2.0000e-02  eta: 0:28:57  time: 0.1357  data_time: 0.0068  memory: 1807  loss: nan  loss_rpn_cls: nan  loss_rpn_bbox: nan  s0.loss_cls: nan  s0.acc: 100.0000  s0.loss_bbox: nan  s0.loss_mask: nan  s1.loss_cls: nan  s1.acc: 100.0000  s1.loss_bbox: nan  s1.loss_mask: nan  s2.loss_cls: nan  s2.acc: 100.0000  s2.loss_bbox: nan  s2.loss_mask: nan
2024/01/18 11:40:26 - mmengine - INFO - Epoch(train)  [3][1200/1713]  lr: 2.0000e-02  eta: 0:28:50  time: 0.1362  data_time: 0.0079  memory: 1806  loss: nan  loss_rpn_cls: nan  loss_rpn_bbox: nan  s0.loss_cls: nan  s0.acc: 100.0000  s0.loss_bbox: nan  s0.loss_mask: nan  s1.loss_cls: nan  s1.acc: 100.0000  s1.loss_bbox: nan  s1.loss_mask: nan  s2.loss_cls: nan  s2.acc: 100.0000  s2.loss_bbox: nan  s2.loss_mask: nan
2024/01/18 11:40:33 - mmengine - INFO - Epoch(train)  [3][1250/1713]  lr: 2.0000e-02  eta: 0:28:43  time: 0.1385  data_time: 0.0071  memory: 1808  loss: nan  loss_rpn_cls: nan  loss_rpn_bbox: nan  s0.loss_cls: nan  s0.acc: 100.0000  s0.loss_bbox: nan  s0.loss_mask: nan  s1.loss_cls: nan  s1.acc: 100.0000  s1.loss_bbox: nan  s1.loss_mask: nan  s2.loss_cls: nan  s2.acc: 100.0000  s2.loss_bbox: nan  s2.loss_mask: nan
2024/01/18 11:40:40 - mmengine - INFO - Epoch(train)  [3][1300/1713]  lr: 2.0000e-02  eta: 0:28:36  time: 0.1392  data_time: 0.0073  memory: 1808  loss: nan  loss_rpn_cls: nan  loss_rpn_bbox: nan  s0.loss_cls: nan  s0.acc: 100.0000  s0.loss_bbox: nan  s0.loss_mask: nan  s1.loss_cls: nan  s1.acc: 100.0000  s1.loss_bbox: nan  s1.loss_mask: nan  s2.loss_cls: nan  s2.acc: 100.0000  s2.loss_bbox: nan  s2.loss_mask: nan
2024/01/18 11:40:46 - mmengine - INFO - Epoch(train)  [3][1350/1713]  lr: 2.0000e-02  eta: 0:28:29  time: 0.1365  data_time: 0.0078  memory: 1808  loss: nan  loss_rpn_cls: nan  loss_rpn_bbox: nan  s0.loss_cls: nan  s0.acc: 100.0000  s0.loss_bbox: nan  s0.loss_mask: nan  s1.loss_cls: nan  s1.acc: 100.0000  s1.loss_bbox: nan  s1.loss_mask: nan  s2.loss_cls: nan  s2.acc: 100.0000  s2.loss_bbox: nan  s2.loss_mask: nan
2024/01/18 11:40:53 - mmengine - INFO - Epoch(train)  [3][1400/1713]  lr: 2.0000e-02  eta: 0:28:21  time: 0.1298  data_time: 0.0072  memory: 1807  loss: nan  loss_rpn_cls: nan  loss_rpn_bbox: nan  s0.loss_cls: nan  s0.acc: 100.0000  s0.loss_bbox: nan  s0.loss_mask: nan  s1.loss_cls: nan  s1.acc: 100.0000  s1.loss_bbox: nan  s1.loss_mask: nan  s2.loss_cls: nan  s2.acc: 100.0000  s2.loss_bbox: nan  s2.loss_mask: nan
2024/01/18 11:40:59 - mmengine - INFO - Epoch(train)  [3][1450/1713]  lr: 2.0000e-02  eta: 0:28:12  time: 0.1261  data_time: 0.0064  memory: 1806  loss: nan  loss_rpn_cls: nan  loss_rpn_bbox: nan  s0.loss_cls: nan  s0.acc: 100.0000  s0.loss_bbox: nan  s0.loss_mask: nan  s1.loss_cls: nan  s1.acc: 100.0000  s1.loss_bbox: nan  s1.loss_mask: nan  s2.loss_cls: nan  s2.acc: 100.0000  s2.loss_bbox: nan  s2.loss_mask: nan
2024/01/18 11:41:06 - mmengine - INFO - Epoch(train)  [3][1500/1713]  lr: 2.0000e-02  eta: 0:28:04  time: 0.1287  data_time: 0.0068  memory: 1809  loss: nan  loss_rpn_cls: nan  loss_rpn_bbox: nan  s0.loss_cls: nan  s0.acc: 100.0000  s0.loss_bbox: nan  s0.loss_mask: nan  s1.loss_cls: nan  s1.acc: 100.0000  s1.loss_bbox: nan  s1.loss_mask: nan  s2.loss_cls: nan  s2.acc: 100.0000  s2.loss_bbox: nan  s2.loss_mask: nan
2024/01/18 11:41:12 - mmengine - INFO - Epoch(train)  [3][1550/1713]  lr: 2.0000e-02  eta: 0:27:57  time: 0.1320  data_time: 0.0078  memory: 1809  loss: nan  loss_rpn_cls: nan  loss_rpn_bbox: nan  s0.loss_cls: nan  s0.acc: 100.0000  s0.loss_bbox: nan  s0.loss_mask: nan  s1.loss_cls: nan  s1.acc: 100.0000  s1.loss_bbox: nan  s1.loss_mask: nan  s2.loss_cls: nan  s2.acc: 100.0000  s2.loss_bbox: nan  s2.loss_mask: nan
2024/01/18 11:41:15 - mmengine - INFO - Exp name: instance_20240118_112932
2024/01/18 11:41:19 - mmengine - INFO - Epoch(train)  [3][1600/1713]  lr: 2.0000e-02  eta: 0:27:48  time: 0.1259  data_time: 0.0063  memory: 1808  loss: nan  loss_rpn_cls: nan  loss_rpn_bbox: nan  s0.loss_cls: nan  s0.acc: 100.0000  s0.loss_bbox: nan  s0.loss_mask: nan  s1.loss_cls: nan  s1.acc: 100.0000  s1.loss_bbox: nan  s1.loss_mask: nan  s2.loss_cls: nan  s2.acc: 100.0000  s2.loss_bbox: nan  s2.loss_mask: nan
2024/01/18 11:41:25 - mmengine - INFO - Epoch(train)  [3][1650/1713]  lr: 2.0000e-02  eta: 0:27:40  time: 0.1279  data_time: 0.0069  memory: 1806  loss: nan  loss_rpn_cls: nan  loss_rpn_bbox: nan  s0.loss_cls: nan  s0.acc: 100.0000  s0.loss_bbox: nan  s0.loss_mask: nan  s1.loss_cls: nan  s1.acc: 100.0000  s1.loss_bbox: nan  s1.loss_mask: nan  s2.loss_cls: nan  s2.acc: 100.0000  s2.loss_bbox: nan  s2.loss_mask: nan
2024/01/18 11:41:31 - mmengine - INFO - Epoch(train)  [3][1700/1713]  lr: 2.0000e-02  eta: 0:27:32  time: 0.1265  data_time: 0.0064  memory: 1806  loss: nan  loss_rpn_cls: nan  loss_rpn_bbox: nan  s0.loss_cls: nan  s0.acc: 100.0000  s0.loss_bbox: nan  s0.loss_mask: nan  s1.loss_cls: nan  s1.acc: 100.0000  s1.loss_bbox: nan  s1.loss_mask: nan  s2.loss_cls: nan  s2.acc: 100.0000  s2.loss_bbox: nan  s2.loss_mask: nan
2024/01/18 11:41:33 - mmengine - INFO - Exp name: instance_20240118_112932
2024/01/18 11:41:35 - mmengine - INFO - Epoch(val)  [3][50/71]    eta: 0:00:00  time: 0.0380  data_time: 0.0058  memory: 1808  
2024/01/18 11:41:36 - mmengine - INFO - Evaluating bbox...
2024/01/18 11:41:36 - mmengine - ERROR - /home/hasnatpie/thesis01/mmdetection/mmdet/evaluation/metrics/coco_metric.py - compute_metrics - 465 - The testing results of the whole dataset is empty.
2024/01/18 11:41:36 - mmengine - INFO - Epoch(val) [3][71/71]    data_time: 0.0055  time: 0.0376
2024/01/18 11:41:42 - mmengine - INFO - Epoch(train)  [4][  50/1713]  lr: 2.0000e-02  eta: 0:27:22  time: 0.1270  data_time: 0.0070  memory: 1809  loss: nan  loss_rpn_cls: nan  loss_rpn_bbox: nan  s0.loss_cls: nan  s0.acc: 100.0000  s0.loss_bbox: nan  s0.loss_mask: nan  s1.loss_cls: nan  s1.acc: 100.0000  s1.loss_bbox: nan  s1.loss_mask: nan  s2.loss_cls: nan  s2.acc: 100.0000  s2.loss_bbox: nan  s2.loss_mask: nan
2024/01/18 11:41:48 - mmengine - INFO - Epoch(train)  [4][ 100/1713]  lr: 2.0000e-02  eta: 0:27:13  time: 0.1251  data_time: 0.0068  memory: 1806  loss: nan  loss_rpn_cls: nan  loss_rpn_bbox: nan  s0.loss_cls: nan  s0.acc: 100.0000  s0.loss_bbox: nan  s0.loss_mask: nan  s1.loss_cls: nan  s1.acc: 100.0000  s1.loss_bbox: nan  s1.loss_mask: nan  s2.loss_cls: nan  s2.acc: 100.0000  s2.loss_bbox: nan  s2.loss_mask: nan
2024/01/18 11:41:55 - mmengine - INFO - Epoch(train)  [4][ 150/1713]  lr: 2.0000e-02  eta: 0:27:06  time: 0.1295  data_time: 0.0076  memory: 1809  loss: nan  loss_rpn_cls: nan  loss_rpn_bbox: nan  s0.loss_cls: nan  s0.acc: 100.0000  s0.loss_bbox: nan  s0.loss_mask: nan  s1.loss_cls: nan  s1.acc: 100.0000  s1.loss_bbox: nan  s1.loss_mask: nan  s2.loss_cls: nan  s2.acc: 100.0000  s2.loss_bbox: nan  s2.loss_mask: nan
2024/01/18 11:42:01 - mmengine - INFO - Epoch(train)  [4][ 200/1713]  lr: 2.0000e-02  eta: 0:26:58  time: 0.1291  data_time: 0.0074  memory: 1811  loss: nan  loss_rpn_cls: nan  loss_rpn_bbox: nan  s0.loss_cls: nan  s0.acc: 100.0000  s0.loss_bbox: nan  s0.loss_mask: nan  s1.loss_cls: nan  s1.acc: 100.0000  s1.loss_bbox: nan  s1.loss_mask: nan  s2.loss_cls: nan  s2.acc: 100.0000  s2.loss_bbox: nan  s2.loss_mask: nan
2024/01/18 11:42:08 - mmengine - INFO - Epoch(train)  [4][ 250/1713]  lr: 2.0000e-02  eta: 0:26:50  time: 0.1281  data_time: 0.0069  memory: 1807  loss: nan  loss_rpn_cls: nan  loss_rpn_bbox: nan  s0.loss_cls: nan  s0.acc: 100.0000  s0.loss_bbox: nan  s0.loss_mask: nan  s1.loss_cls: nan  s1.acc: 100.0000  s1.loss_bbox: nan  s1.loss_mask: nan  s2.loss_cls: nan  s2.acc: 100.0000  s2.loss_bbox: nan  s2.loss_mask: nan
2024/01/18 11:42:14 - mmengine - INFO - Epoch(train)  [4][ 300/1713]  lr: 2.0000e-02  eta: 0:26:42  time: 0.1300  data_time: 0.0071  memory: 1808  loss: nan  loss_rpn_cls: nan  loss_rpn_bbox: nan  s0.loss_cls: nan  s0.acc: 100.0000  s0.loss_bbox: nan  s0.loss_mask: nan  s1.loss_cls: nan  s1.acc: 100.0000  s1.loss_bbox: nan  s1.loss_mask: nan  s2.loss_cls: nan  s2.acc: 100.0000  s2.loss_bbox: nan  s2.loss_mask: nan
2024/01/18 11:42:21 - mmengine - INFO - Epoch(train)  [4][ 350/1713]  lr: 2.0000e-02  eta: 0:26:35  time: 0.1282  data_time: 0.0066  memory: 1808  loss: nan  loss_rpn_cls: nan  loss_rpn_bbox: nan  s0.loss_cls: nan  s0.acc: 100.0000  s0.loss_bbox: nan  s0.loss_mask: nan  s1.loss_cls: nan  s1.acc: 100.0000  s1.loss_bbox: nan  s1.loss_mask: nan  s2.loss_cls: nan  s2.acc: 100.0000  s2.loss_bbox: nan  s2.loss_mask: nan
2024/01/18 11:42:27 - mmengine - INFO - Epoch(train)  [4][ 400/1713]  lr: 2.0000e-02  eta: 0:26:27  time: 0.1276  data_time: 0.0070  memory: 1808  loss: nan  loss_rpn_cls: nan  loss_rpn_bbox: nan  s0.loss_cls: nan  s0.acc: 100.0000  s0.loss_bbox: nan  s0.loss_mask: nan  s1.loss_cls: nan  s1.acc: 100.0000  s1.loss_bbox: nan  s1.loss_mask: nan  s2.loss_cls: nan  s2.acc: 100.0000  s2.loss_bbox: nan  s2.loss_mask: nan
2024/01/18 11:42:33 - mmengine - INFO - Epoch(train)  [4][ 450/1713]  lr: 2.0000e-02  eta: 0:26:19  time: 0.1274  data_time: 0.0069  memory: 1807  loss: nan  loss_rpn_cls: nan  loss_rpn_bbox: nan  s0.loss_cls: nan  s0.acc: 100.0000  s0.loss_bbox: nan  s0.loss_mask: nan  s1.loss_cls: nan  s1.acc: 100.0000  s1.loss_bbox: nan  s1.loss_mask: nan  s2.loss_cls: nan  s2.acc: 100.0000  s2.loss_bbox: nan  s2.loss_mask: nan
2024/01/18 11:42:39 - mmengine - INFO - Epoch(train)  [4][ 500/1713]  lr: 2.0000e-02  eta: 0:26:11  time: 0.1238  data_time: 0.0062  memory: 1806  loss: nan  loss_rpn_cls: nan  loss_rpn_bbox: nan  s0.loss_cls: nan  s0.acc: 100.0000  s0.loss_bbox: nan  s0.loss_mask: nan  s1.loss_cls: nan  s1.acc: 100.0000  s1.loss_bbox: nan  s1.loss_mask: nan  s2.loss_cls: nan  s2.acc: 100.0000  s2.loss_bbox: nan  s2.loss_mask: nan
2024/01/18 11:42:46 - mmengine - INFO - Epoch(train)  [4][ 550/1713]  lr: 2.0000e-02  eta: 0:26:03  time: 0.1288  data_time: 0.0076  memory: 1809  loss: nan  loss_rpn_cls: nan  loss_rpn_bbox: nan  s0.loss_cls: nan  s0.acc: 100.0000  s0.loss_bbox: nan  s0.loss_mask: nan  s1.loss_cls: nan  s1.acc: 100.0000  s1.loss_bbox: nan  s1.loss_mask: nan  s2.loss_cls: nan  s2.acc: 100.0000  s2.loss_bbox: nan  s2.loss_mask: nan
2024/01/18 11:42:52 - mmengine - INFO - Epoch(train)  [4][ 600/1713]  lr: 2.0000e-02  eta: 0:25:55  time: 0.1282  data_time: 0.0068  memory: 1805  loss: nan  loss_rpn_cls: nan  loss_rpn_bbox: nan  s0.loss_cls: nan  s0.acc: 100.0000  s0.loss_bbox: nan  s0.loss_mask: nan  s1.loss_cls: nan  s1.acc: 100.0000  s1.loss_bbox: nan  s1.loss_mask: nan  s2.loss_cls: nan  s2.acc: 100.0000  s2.loss_bbox: nan  s2.loss_mask: nan
2024/01/18 11:42:59 - mmengine - INFO - Epoch(train)  [4][ 650/1713]  lr: 2.0000e-02  eta: 0:25:48  time: 0.1278  data_time: 0.0068  memory: 1809  loss: nan  loss_rpn_cls: nan  loss_rpn_bbox: nan  s0.loss_cls: nan  s0.acc: 100.0000  s0.loss_bbox: nan  s0.loss_mask: nan  s1.loss_cls: nan  s1.acc: 100.0000  s1.loss_bbox: nan  s1.loss_mask: nan  s2.loss_cls: nan  s2.acc: 100.0000  s2.loss_bbox: nan  s2.loss_mask: nan
2024/01/18 11:43:05 - mmengine - INFO - Epoch(train)  [4][ 700/1713]  lr: 2.0000e-02  eta: 0:25:40  time: 0.1287  data_time: 0.0071  memory: 1811  loss: nan  loss_rpn_cls: nan  loss_rpn_bbox: nan  s0.loss_cls: nan  s0.acc: 100.0000  s0.loss_bbox: nan  s0.loss_mask: nan  s1.loss_cls: nan  s1.acc: 100.0000  s1.loss_bbox: nan  s1.loss_mask: nan  s2.loss_cls: nan  s2.acc: 100.0000  s2.loss_bbox: nan  s2.loss_mask: nan
2024/01/18 11:43:12 - mmengine - INFO - Epoch(train)  [4][ 750/1713]  lr: 2.0000e-02  eta: 0:25:33  time: 0.1282  data_time: 0.0068  memory: 1811  loss: nan  loss_rpn_cls: nan  loss_rpn_bbox: nan  s0.loss_cls: nan  s0.acc: 100.0000  s0.loss_bbox: nan  s0.loss_mask: nan  s1.loss_cls: nan  s1.acc: 100.0000  s1.loss_bbox: nan  s1.loss_mask: nan  s2.loss_cls: nan  s2.acc: 100.0000  s2.loss_bbox: nan  s2.loss_mask: nan
2024/01/18 11:43:18 - mmengine - INFO - Epoch(train)  [4][ 800/1713]  lr: 2.0000e-02  eta: 0:25:25  time: 0.1298  data_time: 0.0067  memory: 1808  loss: nan  loss_rpn_cls: nan  loss_rpn_bbox: nan  s0.loss_cls: nan  s0.acc: 100.0000  s0.loss_bbox: nan  s0.loss_mask: nan  s1.loss_cls: nan  s1.acc: 100.0000  s1.loss_bbox: nan  s1.loss_mask: nan  s2.loss_cls: nan  s2.acc: 100.0000  s2.loss_bbox: nan  s2.loss_mask: nan
2024/01/18 11:43:25 - mmengine - INFO - Epoch(train)  [4][ 850/1713]  lr: 2.0000e-02  eta: 0:25:19  time: 0.1404  data_time: 0.0075  memory: 1808  loss: nan  loss_rpn_cls: nan  loss_rpn_bbox: nan  s0.loss_cls: nan  s0.acc: 100.0000  s0.loss_bbox: nan  s0.loss_mask: nan  s1.loss_cls: nan  s1.acc: 100.0000  s1.loss_bbox: nan  s1.loss_mask: nan  s2.loss_cls: nan  s2.acc: 100.0000  s2.loss_bbox: nan  s2.loss_mask: nan
2024/01/18 11:43:27 - mmengine - INFO - Exp name: instance_20240118_112932
2024/01/18 11:43:32 - mmengine - INFO - Epoch(train)  [4][ 900/1713]  lr: 2.0000e-02  eta: 0:25:12  time: 0.1363  data_time: 0.0075  memory: 1807  loss: nan  loss_rpn_cls: nan  loss_rpn_bbox: nan  s0.loss_cls: nan  s0.acc: 100.0000  s0.loss_bbox: nan  s0.loss_mask: nan  s1.loss_cls: nan  s1.acc: 100.0000  s1.loss_bbox: nan  s1.loss_mask: nan  s2.loss_cls: nan  s2.acc: 100.0000  s2.loss_bbox: nan  s2.loss_mask: nan
2024/01/18 11:43:39 - mmengine - INFO - Epoch(train)  [4][ 950/1713]  lr: 2.0000e-02  eta: 0:25:05  time: 0.1354  data_time: 0.0071  memory: 1806  loss: nan  loss_rpn_cls: nan  loss_rpn_bbox: nan  s0.loss_cls: nan  s0.acc: 100.0000  s0.loss_bbox: nan  s0.loss_mask: nan  s1.loss_cls: nan  s1.acc: 100.0000  s1.loss_bbox: nan  s1.loss_mask: nan  s2.loss_cls: nan  s2.acc: 100.0000  s2.loss_bbox: nan  s2.loss_mask: nan
2024/01/18 11:43:45 - mmengine - INFO - Epoch(train)  [4][1000/1713]  lr: 2.0000e-02  eta: 0:24:58  time: 0.1353  data_time: 0.0069  memory: 1807  loss: nan  loss_rpn_cls: nan  loss_rpn_bbox: nan  s0.loss_cls: nan  s0.acc: 100.0000  s0.loss_bbox: nan  s0.loss_mask: nan  s1.loss_cls: nan  s1.acc: 100.0000  s1.loss_bbox: nan  s1.loss_mask: nan  s2.loss_cls: nan  s2.acc: 100.0000  s2.loss_bbox: nan  s2.loss_mask: nan
2024/01/18 11:43:53 - mmengine - INFO - Epoch(train)  [4][1050/1713]  lr: 2.0000e-02  eta: 0:24:53  time: 0.1566  data_time: 0.0092  memory: 1807  loss: nan  loss_rpn_cls: nan  loss_rpn_bbox: nan  s0.loss_cls: nan  s0.acc: 100.0000  s0.loss_bbox: nan  s0.loss_mask: nan  s1.loss_cls: nan  s1.acc: 100.0000  s1.loss_bbox: nan  s1.loss_mask: nan  s2.loss_cls: nan  s2.acc: 100.0000  s2.loss_bbox: nan  s2.loss_mask: nan
2024/01/18 11:44:01 - mmengine - INFO - Epoch(train)  [4][1100/1713]  lr: 2.0000e-02  eta: 0:24:47  time: 0.1460  data_time: 0.0083  memory: 1807  loss: nan  loss_rpn_cls: nan  loss_rpn_bbox: nan  s0.loss_cls: nan  s0.acc: 100.0000  s0.loss_bbox: nan  s0.loss_mask: nan  s1.loss_cls: nan  s1.acc: 100.0000  s1.loss_bbox: nan  s1.loss_mask: nan  s2.loss_cls: nan  s2.acc: 100.0000  s2.loss_bbox: nan  s2.loss_mask: nan
2024/01/18 11:44:08 - mmengine - INFO - Epoch(train)  [4][1150/1713]  lr: 2.0000e-02  eta: 0:24:41  time: 0.1404  data_time: 0.0077  memory: 1808  loss: nan  loss_rpn_cls: nan  loss_rpn_bbox: nan  s0.loss_cls: nan  s0.acc: 100.0000  s0.loss_bbox: nan  s0.loss_mask: nan  s1.loss_cls: nan  s1.acc: 100.0000  s1.loss_bbox: nan  s1.loss_mask: nan  s2.loss_cls: nan  s2.acc: 100.0000  s2.loss_bbox: nan  s2.loss_mask: nan
2024/01/18 11:44:15 - mmengine - INFO - Epoch(train)  [4][1200/1713]  lr: 2.0000e-02  eta: 0:24:34  time: 0.1442  data_time: 0.0080  memory: 1809  loss: nan  loss_rpn_cls: nan  loss_rpn_bbox: nan  s0.loss_cls: nan  s0.acc: 100.0000  s0.loss_bbox: nan  s0.loss_mask: nan  s1.loss_cls: nan  s1.acc: 100.0000  s1.loss_bbox: nan  s1.loss_mask: nan  s2.loss_cls: nan  s2.acc: 100.0000  s2.loss_bbox: nan  s2.loss_mask: nan
2024/01/18 11:44:22 - mmengine - INFO - Epoch(train)  [4][1250/1713]  lr: 2.0000e-02  eta: 0:24:29  time: 0.1527  data_time: 0.0090  memory: 1809  loss: nan  loss_rpn_cls: nan  loss_rpn_bbox: nan  s0.loss_cls: nan  s0.acc: 100.0000  s0.loss_bbox: nan  s0.loss_mask: nan  s1.loss_cls: nan  s1.acc: 100.0000  s1.loss_bbox: nan  s1.loss_mask: nan  s2.loss_cls: nan  s2.acc: 100.0000  s2.loss_bbox: nan  s2.loss_mask: nan
2024/01/18 11:44:30 - mmengine - INFO - Epoch(train)  [4][1300/1713]  lr: 2.0000e-02  eta: 0:24:23  time: 0.1527  data_time: 0.0090  memory: 1808  loss: nan  loss_rpn_cls: nan  loss_rpn_bbox: nan  s0.loss_cls: nan  s0.acc: 100.0000  s0.loss_bbox: nan  s0.loss_mask: nan  s1.loss_cls: nan  s1.acc: 100.0000  s1.loss_bbox: nan  s1.loss_mask: nan  s2.loss_cls: nan  s2.acc: 100.0000  s2.loss_bbox: nan  s2.loss_mask: nan
2024/01/18 11:44:38 - mmengine - INFO - Epoch(train)  [4][1350/1713]  lr: 2.0000e-02  eta: 0:24:18  time: 0.1556  data_time: 0.0097  memory: 1809  loss: nan  loss_rpn_cls: nan  loss_rpn_bbox: nan  s0.loss_cls: nan  s0.acc: 100.0000  s0.loss_bbox: nan  s0.loss_mask: nan  s1.loss_cls: nan  s1.acc: 100.0000  s1.loss_bbox: nan  s1.loss_mask: nan  s2.loss_cls: nan  s2.acc: 100.0000  s2.loss_bbox: nan  s2.loss_mask: nan
2024/01/18 11:44:46 - mmengine - INFO - Epoch(train)  [4][1400/1713]  lr: 2.0000e-02  eta: 0:24:13  time: 0.1585  data_time: 0.0105  memory: 1808  loss: nan  loss_rpn_cls: nan  loss_rpn_bbox: nan  s0.loss_cls: nan  s0.acc: 100.0000  s0.loss_bbox: nan  s0.loss_mask: nan  s1.loss_cls: nan  s1.acc: 100.0000  s1.loss_bbox: nan  s1.loss_mask: nan  s2.loss_cls: nan  s2.acc: 100.0000  s2.loss_bbox: nan  s2.loss_mask: nan
2024/01/18 11:44:53 - mmengine - INFO - Epoch(train)  [4][1450/1713]  lr: 2.0000e-02  eta: 0:24:07  time: 0.1469  data_time: 0.0084  memory: 1808  loss: nan  loss_rpn_cls: nan  loss_rpn_bbox: nan  s0.loss_cls: nan  s0.acc: 100.0000  s0.loss_bbox: nan  s0.loss_mask: nan  s1.loss_cls: nan  s1.acc: 100.0000  s1.loss_bbox: nan  s1.loss_mask: nan  s2.loss_cls: nan  s2.acc: 100.0000  s2.loss_bbox: nan  s2.loss_mask: nan
2024/01/18 11:45:00 - mmengine - INFO - Epoch(train)  [4][1500/1713]  lr: 2.0000e-02  eta: 0:24:00  time: 0.1360  data_time: 0.0072  memory: 1808  loss: nan  loss_rpn_cls: nan  loss_rpn_bbox: nan  s0.loss_cls: nan  s0.acc: 100.0000  s0.loss_bbox: nan  s0.loss_mask: nan  s1.loss_cls: nan  s1.acc: 100.0000  s1.loss_bbox: nan  s1.loss_mask: nan  s2.loss_cls: nan  s2.acc: 100.0000  s2.loss_bbox: nan  s2.loss_mask: nan
2024/01/18 11:45:07 - mmengine - INFO - Epoch(train)  [4][1550/1713]  lr: 2.0000e-02  eta: 0:23:53  time: 0.1346  data_time: 0.0074  memory: 1808  loss: nan  loss_rpn_cls: nan  loss_rpn_bbox: nan  s0.loss_cls: nan  s0.acc: 100.0000  s0.loss_bbox: nan  s0.loss_mask: nan  s1.loss_cls: nan  s1.acc: 100.0000  s1.loss_bbox: nan  s1.loss_mask: nan  s2.loss_cls: nan  s2.acc: 100.0000  s2.loss_bbox: nan  s2.loss_mask: nan
2024/01/18 11:45:14 - mmengine - INFO - Epoch(train)  [4][1600/1713]  lr: 2.0000e-02  eta: 0:23:46  time: 0.1410  data_time: 0.0079  memory: 1808  loss: nan  loss_rpn_cls: nan  loss_rpn_bbox: nan  s0.loss_cls: nan  s0.acc: 100.0000  s0.loss_bbox: nan  s0.loss_mask: nan  s1.loss_cls: nan  s1.acc: 100.0000  s1.loss_bbox: nan  s1.loss_mask: nan  s2.loss_cls: nan  s2.acc: 100.0000  s2.loss_bbox: nan  s2.loss_mask: nan
2024/01/18 11:45:21 - mmengine - INFO - Epoch(train)  [4][1650/1713]  lr: 2.0000e-02  eta: 0:23:39  time: 0.1372  data_time: 0.0076  memory: 1807  loss: nan  loss_rpn_cls: nan  loss_rpn_bbox: nan  s0.loss_cls: nan  s0.acc: 100.0000  s0.loss_bbox: nan  s0.loss_mask: nan  s1.loss_cls: nan  s1.acc: 100.0000  s1.loss_bbox: nan  s1.loss_mask: nan  s2.loss_cls: nan  s2.acc: 100.0000  s2.loss_bbox: nan  s2.loss_mask: nan
2024/01/18 11:45:27 - mmengine - INFO - Epoch(train)  [4][1700/1713]  lr: 2.0000e-02  eta: 0:23:32  time: 0.1375  data_time: 0.0074  memory: 1807  loss: nan  loss_rpn_cls: nan  loss_rpn_bbox: nan  s0.loss_cls: nan  s0.acc: 100.0000  s0.loss_bbox: nan  s0.loss_mask: nan  s1.loss_cls: nan  s1.acc: 100.0000  s1.loss_bbox: nan  s1.loss_mask: nan  s2.loss_cls: nan  s2.acc: 100.0000  s2.loss_bbox: nan  s2.loss_mask: nan
2024/01/18 11:45:29 - mmengine - INFO - Exp name: instance_20240118_112932
2024/01/18 11:45:31 - mmengine - INFO - Epoch(val)  [4][50/71]    eta: 0:00:00  time: 0.0410  data_time: 0.0067  memory: 1808  
2024/01/18 11:45:32 - mmengine - INFO - Evaluating bbox...
2024/01/18 11:45:32 - mmengine - ERROR - /home/hasnatpie/thesis01/mmdetection/mmdet/evaluation/metrics/coco_metric.py - compute_metrics - 465 - The testing results of the whole dataset is empty.
2024/01/18 11:45:32 - mmengine - INFO - Epoch(val) [4][71/71]    data_time: 0.0072  time: 0.0415
2024/01/18 11:45:40 - mmengine - INFO - Epoch(train)  [5][  50/1713]  lr: 2.0000e-02  eta: 0:23:25  time: 0.1588  data_time: 0.0104  memory: 1808  loss: nan  loss_rpn_cls: nan  loss_rpn_bbox: nan  s0.loss_cls: nan  s0.acc: 100.0000  s0.loss_bbox: nan  s0.loss_mask: nan  s1.loss_cls: nan  s1.acc: 100.0000  s1.loss_bbox: nan  s1.loss_mask: nan  s2.loss_cls: nan  s2.acc: 100.0000  s2.loss_bbox: nan  s2.loss_mask: nan
2024/01/18 11:45:47 - mmengine - INFO - Epoch(train)  [5][ 100/1713]  lr: 2.0000e-02  eta: 0:23:19  time: 0.1469  data_time: 0.0074  memory: 1808  loss: nan  loss_rpn_cls: nan  loss_rpn_bbox: nan  s0.loss_cls: nan  s0.acc: 100.0000  s0.loss_bbox: nan  s0.loss_mask: nan  s1.loss_cls: nan  s1.acc: 100.0000  s1.loss_bbox: nan  s1.loss_mask: nan  s2.loss_cls: nan  s2.acc: 100.0000  s2.loss_bbox: nan  s2.loss_mask: nan
2024/01/18 11:45:54 - mmengine - INFO - Exp name: instance_20240118_112932
2024/01/18 11:45:55 - mmengine - INFO - Epoch(train)  [5][ 150/1713]  lr: 2.0000e-02  eta: 0:23:13  time: 0.1440  data_time: 0.0082  memory: 1806  loss: nan  loss_rpn_cls: nan  loss_rpn_bbox: nan  s0.loss_cls: nan  s0.acc: 100.0000  s0.loss_bbox: nan  s0.loss_mask: nan  s1.loss_cls: nan  s1.acc: 100.0000  s1.loss_bbox: nan  s1.loss_mask: nan  s2.loss_cls: nan  s2.acc: 100.0000  s2.loss_bbox: nan  s2.loss_mask: nan
2024/01/18 11:46:02 - mmengine - INFO - Epoch(train)  [5][ 200/1713]  lr: 2.0000e-02  eta: 0:23:07  time: 0.1464  data_time: 0.0086  memory: 1809  loss: nan  loss_rpn_cls: nan  loss_rpn_bbox: nan  s0.loss_cls: nan  s0.acc: 100.0000  s0.loss_bbox: nan  s0.loss_mask: nan  s1.loss_cls: nan  s1.acc: 100.0000  s1.loss_bbox: nan  s1.loss_mask: nan  s2.loss_cls: nan  s2.acc: 100.0000  s2.loss_bbox: nan  s2.loss_mask: nan
2024/01/18 11:46:09 - mmengine - INFO - Epoch(train)  [5][ 250/1713]  lr: 2.0000e-02  eta: 0:23:00  time: 0.1463  data_time: 0.0081  memory: 1808  loss: nan  loss_rpn_cls: nan  loss_rpn_bbox: nan  s0.loss_cls: nan  s0.acc: 100.0000  s0.loss_bbox: nan  s0.loss_mask: nan  s1.loss_cls: nan  s1.acc: 100.0000  s1.loss_bbox: nan  s1.loss_mask: nan  s2.loss_cls: nan  s2.acc: 100.0000  s2.loss_bbox: nan  s2.loss_mask: nan
2024/01/18 11:46:17 - mmengine - INFO - Epoch(train)  [5][ 300/1713]  lr: 2.0000e-02  eta: 0:22:54  time: 0.1495  data_time: 0.0088  memory: 1809  loss: nan  loss_rpn_cls: nan  loss_rpn_bbox: nan  s0.loss_cls: nan  s0.acc: 100.0000  s0.loss_bbox: nan  s0.loss_mask: nan  s1.loss_cls: nan  s1.acc: 100.0000  s1.loss_bbox: nan  s1.loss_mask: nan  s2.loss_cls: nan  s2.acc: 100.0000  s2.loss_bbox: nan  s2.loss_mask: nan
2024/01/18 11:46:24 - mmengine - INFO - Epoch(train)  [5][ 350/1713]  lr: 2.0000e-02  eta: 0:22:47  time: 0.1353  data_time: 0.0080  memory: 1808  loss: nan  loss_rpn_cls: nan  loss_rpn_bbox: nan  s0.loss_cls: nan  s0.acc: 100.0000  s0.loss_bbox: nan  s0.loss_mask: nan  s1.loss_cls: nan  s1.acc: 100.0000  s1.loss_bbox: nan  s1.loss_mask: nan  s2.loss_cls: nan  s2.acc: 100.0000  s2.loss_bbox: nan  s2.loss_mask: nan
2024/01/18 11:46:30 - mmengine - INFO - Epoch(train)  [5][ 400/1713]  lr: 2.0000e-02  eta: 0:22:40  time: 0.1303  data_time: 0.0073  memory: 1811  loss: nan  loss_rpn_cls: nan  loss_rpn_bbox: nan  s0.loss_cls: nan  s0.acc: 100.0000  s0.loss_bbox: nan  s0.loss_mask: nan  s1.loss_cls: nan  s1.acc: 100.0000  s1.loss_bbox: nan  s1.loss_mask: nan  s2.loss_cls: nan  s2.acc: 100.0000  s2.loss_bbox: nan  s2.loss_mask: nan
2024/01/18 11:46:37 - mmengine - INFO - Epoch(train)  [5][ 450/1713]  lr: 2.0000e-02  eta: 0:22:33  time: 0.1323  data_time: 0.0071  memory: 1806  loss: nan  loss_rpn_cls: nan  loss_rpn_bbox: nan  s0.loss_cls: nan  s0.acc: 100.0000  s0.loss_bbox: nan  s0.loss_mask: nan  s1.loss_cls: nan  s1.acc: 100.0000  s1.loss_bbox: nan  s1.loss_mask: nan  s2.loss_cls: nan  s2.acc: 100.0000  s2.loss_bbox: nan  s2.loss_mask: nan
2024/01/18 11:46:44 - mmengine - INFO - Epoch(train)  [5][ 500/1713]  lr: 2.0000e-02  eta: 0:22:26  time: 0.1372  data_time: 0.0076  memory: 1806  loss: nan  loss_rpn_cls: nan  loss_rpn_bbox: nan  s0.loss_cls: nan  s0.acc: 100.0000  s0.loss_bbox: nan  s0.loss_mask: nan  s1.loss_cls: nan  s1.acc: 100.0000  s1.loss_bbox: nan  s1.loss_mask: nan  s2.loss_cls: nan  s2.acc: 100.0000  s2.loss_bbox: nan  s2.loss_mask: nan
2024/01/18 11:46:50 - mmengine - INFO - Epoch(train)  [5][ 550/1713]  lr: 2.0000e-02  eta: 0:22:19  time: 0.1351  data_time: 0.0074  memory: 1809  loss: nan  loss_rpn_cls: nan  loss_rpn_bbox: nan  s0.loss_cls: nan  s0.acc: 100.0000  s0.loss_bbox: nan  s0.loss_mask: nan  s1.loss_cls: nan  s1.acc: 100.0000  s1.loss_bbox: nan  s1.loss_mask: nan  s2.loss_cls: nan  s2.acc: 100.0000  s2.loss_bbox: nan  s2.loss_mask: nan
2024/01/18 11:46:57 - mmengine - INFO - Epoch(train)  [5][ 600/1713]  lr: 2.0000e-02  eta: 0:22:12  time: 0.1350  data_time: 0.0077  memory: 1808  loss: nan  loss_rpn_cls: nan  loss_rpn_bbox: nan  s0.loss_cls: nan  s0.acc: 100.0000  s0.loss_bbox: nan  s0.loss_mask: nan  s1.loss_cls: nan  s1.acc: 100.0000  s1.loss_bbox: nan  s1.loss_mask: nan  s2.loss_cls: nan  s2.acc: 100.0000  s2.loss_bbox: nan  s2.loss_mask: nan
2024/01/18 11:47:03 - mmengine - INFO - Epoch(train)  [5][ 650/1713]  lr: 2.0000e-02  eta: 0:22:04  time: 0.1289  data_time: 0.0063  memory: 1806  loss: nan  loss_rpn_cls: nan  loss_rpn_bbox: nan  s0.loss_cls: nan  s0.acc: 100.0000  s0.loss_bbox: nan  s0.loss_mask: nan  s1.loss_cls: nan  s1.acc: 100.0000  s1.loss_bbox: nan  s1.loss_mask: nan  s2.loss_cls: nan  s2.acc: 100.0000  s2.loss_bbox: nan  s2.loss_mask: nan
2024/01/18 11:47:10 - mmengine - INFO - Epoch(train)  [5][ 700/1713]  lr: 2.0000e-02  eta: 0:21:57  time: 0.1319  data_time: 0.0066  memory: 1806  loss: nan  loss_rpn_cls: nan  loss_rpn_bbox: nan  s0.loss_cls: nan  s0.acc: 100.0000  s0.loss_bbox: nan  s0.loss_mask: nan  s1.loss_cls: nan  s1.acc: 100.0000  s1.loss_bbox: nan  s1.loss_mask: nan  s2.loss_cls: nan  s2.acc: 100.0000  s2.loss_bbox: nan  s2.loss_mask: nan
2024/01/18 11:47:17 - mmengine - INFO - Epoch(train)  [5][ 750/1713]  lr: 2.0000e-02  eta: 0:21:50  time: 0.1359  data_time: 0.0078  memory: 1806  loss: nan  loss_rpn_cls: nan  loss_rpn_bbox: nan  s0.loss_cls: nan  s0.acc: 100.0000  s0.loss_bbox: nan  s0.loss_mask: nan  s1.loss_cls: nan  s1.acc: 100.0000  s1.loss_bbox: nan  s1.loss_mask: nan  s2.loss_cls: nan  s2.acc: 100.0000  s2.loss_bbox: nan  s2.loss_mask: nan
2024/01/18 11:47:24 - mmengine - INFO - Epoch(train)  [5][ 800/1713]  lr: 2.0000e-02  eta: 0:21:43  time: 0.1348  data_time: 0.0076  memory: 1808  loss: nan  loss_rpn_cls: nan  loss_rpn_bbox: nan  s0.loss_cls: nan  s0.acc: 100.0000  s0.loss_bbox: nan  s0.loss_mask: nan  s1.loss_cls: nan  s1.acc: 100.0000  s1.loss_bbox: nan  s1.loss_mask: nan  s2.loss_cls: nan  s2.acc: 100.0000  s2.loss_bbox: nan  s2.loss_mask: nan
2024/01/18 11:47:30 - mmengine - INFO - Epoch(train)  [5][ 850/1713]  lr: 2.0000e-02  eta: 0:21:36  time: 0.1347  data_time: 0.0083  memory: 1807  loss: nan  loss_rpn_cls: nan  loss_rpn_bbox: nan  s0.loss_cls: nan  s0.acc: 100.0000  s0.loss_bbox: nan  s0.loss_mask: nan  s1.loss_cls: nan  s1.acc: 100.0000  s1.loss_bbox: nan  s1.loss_mask: nan  s2.loss_cls: nan  s2.acc: 100.0000  s2.loss_bbox: nan  s2.loss_mask: nan
2024/01/18 11:47:37 - mmengine - INFO - Epoch(train)  [5][ 900/1713]  lr: 2.0000e-02  eta: 0:21:29  time: 0.1342  data_time: 0.0076  memory: 1808  loss: nan  loss_rpn_cls: nan  loss_rpn_bbox: nan  s0.loss_cls: nan  s0.acc: 100.0000  s0.loss_bbox: nan  s0.loss_mask: nan  s1.loss_cls: nan  s1.acc: 100.0000  s1.loss_bbox: nan  s1.loss_mask: nan  s2.loss_cls: nan  s2.acc: 100.0000  s2.loss_bbox: nan  s2.loss_mask: nan
2024/01/18 11:47:44 - mmengine - INFO - Epoch(train)  [5][ 950/1713]  lr: 2.0000e-02  eta: 0:21:21  time: 0.1308  data_time: 0.0065  memory: 1808  loss: nan  loss_rpn_cls: nan  loss_rpn_bbox: nan  s0.loss_cls: nan  s0.acc: 100.0000  s0.loss_bbox: nan  s0.loss_mask: nan  s1.loss_cls: nan  s1.acc: 100.0000  s1.loss_bbox: nan  s1.loss_mask: nan  s2.loss_cls: nan  s2.acc: 100.0000  s2.loss_bbox: nan  s2.loss_mask: nan
2024/01/18 11:47:50 - mmengine - INFO - Epoch(train)  [5][1000/1713]  lr: 2.0000e-02  eta: 0:21:14  time: 0.1341  data_time: 0.0076  memory: 1806  loss: nan  loss_rpn_cls: nan  loss_rpn_bbox: nan  s0.loss_cls: nan  s0.acc: 100.0000  s0.loss_bbox: nan  s0.loss_mask: nan  s1.loss_cls: nan  s1.acc: 100.0000  s1.loss_bbox: nan  s1.loss_mask: nan  s2.loss_cls: nan  s2.acc: 100.0000  s2.loss_bbox: nan  s2.loss_mask: nan
2024/01/18 11:47:57 - mmengine - INFO - Epoch(train)  [5][1050/1713]  lr: 2.0000e-02  eta: 0:21:07  time: 0.1308  data_time: 0.0069  memory: 1809  loss: nan  loss_rpn_cls: nan  loss_rpn_bbox: nan  s0.loss_cls: nan  s0.acc: 100.0000  s0.loss_bbox: nan  s0.loss_mask: nan  s1.loss_cls: nan  s1.acc: 100.0000  s1.loss_bbox: nan  s1.loss_mask: nan  s2.loss_cls: nan  s2.acc: 100.0000  s2.loss_bbox: nan  s2.loss_mask: nan
2024/01/18 11:48:03 - mmengine - INFO - Epoch(train)  [5][1100/1713]  lr: 2.0000e-02  eta: 0:21:00  time: 0.1326  data_time: 0.0078  memory: 1806  loss: nan  loss_rpn_cls: nan  loss_rpn_bbox: nan  s0.loss_cls: nan  s0.acc: 100.0000  s0.loss_bbox: nan  s0.loss_mask: nan  s1.loss_cls: nan  s1.acc: 100.0000  s1.loss_bbox: nan  s1.loss_mask: nan  s2.loss_cls: nan  s2.acc: 100.0000  s2.loss_bbox: nan  s2.loss_mask: nan
2024/01/18 11:48:10 - mmengine - INFO - Exp name: instance_20240118_112932
2024/01/18 11:48:10 - mmengine - INFO - Epoch(train)  [5][1150/1713]  lr: 2.0000e-02  eta: 0:20:53  time: 0.1319  data_time: 0.0073  memory: 1808  loss: nan  loss_rpn_cls: nan  loss_rpn_bbox: nan  s0.loss_cls: nan  s0.acc: 100.0000  s0.loss_bbox: nan  s0.loss_mask: nan  s1.loss_cls: nan  s1.acc: 100.0000  s1.loss_bbox: nan  s1.loss_mask: nan  s2.loss_cls: nan  s2.acc: 100.0000  s2.loss_bbox: nan  s2.loss_mask: nan
2024/01/18 11:48:17 - mmengine - INFO - Epoch(train)  [5][1200/1713]  lr: 2.0000e-02  eta: 0:20:46  time: 0.1313  data_time: 0.0069  memory: 1807  loss: nan  loss_rpn_cls: nan  loss_rpn_bbox: nan  s0.loss_cls: nan  s0.acc: 100.0000  s0.loss_bbox: nan  s0.loss_mask: nan  s1.loss_cls: nan  s1.acc: 100.0000  s1.loss_bbox: nan  s1.loss_mask: nan  s2.loss_cls: nan  s2.acc: 100.0000  s2.loss_bbox: nan  s2.loss_mask: nan
2024/01/18 11:48:23 - mmengine - INFO - Epoch(train)  [5][1250/1713]  lr: 2.0000e-02  eta: 0:20:39  time: 0.1338  data_time: 0.0076  memory: 1806  loss: nan  loss_rpn_cls: nan  loss_rpn_bbox: nan  s0.loss_cls: nan  s0.acc: 100.0000  s0.loss_bbox: nan  s0.loss_mask: nan  s1.loss_cls: nan  s1.acc: 100.0000  s1.loss_bbox: nan  s1.loss_mask: nan  s2.loss_cls: nan  s2.acc: 100.0000  s2.loss_bbox: nan  s2.loss_mask: nan
2024/01/18 11:48:30 - mmengine - INFO - Epoch(train)  [5][1300/1713]  lr: 2.0000e-02  eta: 0:20:31  time: 0.1284  data_time: 0.0065  memory: 1808  loss: nan  loss_rpn_cls: nan  loss_rpn_bbox: nan  s0.loss_cls: nan  s0.acc: 100.0000  s0.loss_bbox: nan  s0.loss_mask: nan  s1.loss_cls: nan  s1.acc: 100.0000  s1.loss_bbox: nan  s1.loss_mask: nan  s2.loss_cls: nan  s2.acc: 100.0000  s2.loss_bbox: nan  s2.loss_mask: nan
2024/01/18 11:48:36 - mmengine - INFO - Epoch(train)  [5][1350/1713]  lr: 2.0000e-02  eta: 0:20:24  time: 0.1317  data_time: 0.0070  memory: 1808  loss: nan  loss_rpn_cls: nan  loss_rpn_bbox: nan  s0.loss_cls: nan  s0.acc: 100.0000  s0.loss_bbox: nan  s0.loss_mask: nan  s1.loss_cls: nan  s1.acc: 100.0000  s1.loss_bbox: nan  s1.loss_mask: nan  s2.loss_cls: nan  s2.acc: 100.0000  s2.loss_bbox: nan  s2.loss_mask: nan
2024/01/18 11:48:43 - mmengine - INFO - Epoch(train)  [5][1400/1713]  lr: 2.0000e-02  eta: 0:20:17  time: 0.1342  data_time: 0.0074  memory: 1808  loss: nan  loss_rpn_cls: nan  loss_rpn_bbox: nan  s0.loss_cls: nan  s0.acc: 100.0000  s0.loss_bbox: nan  s0.loss_mask: nan  s1.loss_cls: nan  s1.acc: 100.0000  s1.loss_bbox: nan  s1.loss_mask: nan  s2.loss_cls: nan  s2.acc: 100.0000  s2.loss_bbox: nan  s2.loss_mask: nan
2024/01/18 11:48:50 - mmengine - INFO - Epoch(train)  [5][1450/1713]  lr: 2.0000e-02  eta: 0:20:10  time: 0.1376  data_time: 0.0072  memory: 1808  loss: nan  loss_rpn_cls: nan  loss_rpn_bbox: nan  s0.loss_cls: nan  s0.acc: 100.0000  s0.loss_bbox: nan  s0.loss_mask: nan  s1.loss_cls: nan  s1.acc: 100.0000  s1.loss_bbox: nan  s1.loss_mask: nan  s2.loss_cls: nan  s2.acc: 100.0000  s2.loss_bbox: nan  s2.loss_mask: nan
2024/01/18 11:48:57 - mmengine - INFO - Epoch(train)  [5][1500/1713]  lr: 2.0000e-02  eta: 0:20:04  time: 0.1415  data_time: 0.0082  memory: 1811  loss: nan  loss_rpn_cls: nan  loss_rpn_bbox: nan  s0.loss_cls: nan  s0.acc: 100.0000  s0.loss_bbox: nan  s0.loss_mask: nan  s1.loss_cls: nan  s1.acc: 100.0000  s1.loss_bbox: nan  s1.loss_mask: nan  s2.loss_cls: nan  s2.acc: 100.0000  s2.loss_bbox: nan  s2.loss_mask: nan
2024/01/18 11:49:04 - mmengine - INFO - Epoch(train)  [5][1550/1713]  lr: 2.0000e-02  eta: 0:19:57  time: 0.1390  data_time: 0.0080  memory: 1803  loss: nan  loss_rpn_cls: nan  loss_rpn_bbox: nan  s0.loss_cls: nan  s0.acc: 100.0000  s0.loss_bbox: nan  s0.loss_mask: nan  s1.loss_cls: nan  s1.acc: 100.0000  s1.loss_bbox: nan  s1.loss_mask: nan  s2.loss_cls: nan  s2.acc: 100.0000  s2.loss_bbox: nan  s2.loss_mask: nan
2024/01/18 11:49:11 - mmengine - INFO - Epoch(train)  [5][1600/1713]  lr: 2.0000e-02  eta: 0:19:50  time: 0.1350  data_time: 0.0079  memory: 1806  loss: nan  loss_rpn_cls: nan  loss_rpn_bbox: nan  s0.loss_cls: nan  s0.acc: 100.0000  s0.loss_bbox: nan  s0.loss_mask: nan  s1.loss_cls: nan  s1.acc: 100.0000  s1.loss_bbox: nan  s1.loss_mask: nan  s2.loss_cls: nan  s2.acc: 100.0000  s2.loss_bbox: nan  s2.loss_mask: nan
2024/01/18 11:49:17 - mmengine - INFO - Epoch(train)  [5][1650/1713]  lr: 2.0000e-02  eta: 0:19:43  time: 0.1306  data_time: 0.0070  memory: 1808  loss: nan  loss_rpn_cls: nan  loss_rpn_bbox: nan  s0.loss_cls: nan  s0.acc: 100.0000  s0.loss_bbox: nan  s0.loss_mask: nan  s1.loss_cls: nan  s1.acc: 100.0000  s1.loss_bbox: nan  s1.loss_mask: nan  s2.loss_cls: nan  s2.acc: 100.0000  s2.loss_bbox: nan  s2.loss_mask: nan
2024/01/18 11:49:24 - mmengine - INFO - Epoch(train)  [5][1700/1713]  lr: 2.0000e-02  eta: 0:19:35  time: 0.1312  data_time: 0.0079  memory: 1806  loss: nan  loss_rpn_cls: nan  loss_rpn_bbox: nan  s0.loss_cls: nan  s0.acc: 100.0000  s0.loss_bbox: nan  s0.loss_mask: nan  s1.loss_cls: nan  s1.acc: 100.0000  s1.loss_bbox: nan  s1.loss_mask: nan  s2.loss_cls: nan  s2.acc: 100.0000  s2.loss_bbox: nan  s2.loss_mask: nan
2024/01/18 11:49:25 - mmengine - INFO - Exp name: instance_20240118_112932
2024/01/18 11:49:27 - mmengine - INFO - Epoch(val)  [5][50/71]    eta: 0:00:00  time: 0.0387  data_time: 0.0062  memory: 1806  
2024/01/18 11:49:28 - mmengine - INFO - Evaluating bbox...
2024/01/18 11:49:28 - mmengine - ERROR - /home/hasnatpie/thesis01/mmdetection/mmdet/evaluation/metrics/coco_metric.py - compute_metrics - 465 - The testing results of the whole dataset is empty.
2024/01/18 11:49:28 - mmengine - INFO - Epoch(val) [5][71/71]    data_time: 0.0059  time: 0.0384
2024/01/18 11:49:35 - mmengine - INFO - Epoch(train)  [6][  50/1713]  lr: 2.0000e-02  eta: 0:19:26  time: 0.1300  data_time: 0.0072  memory: 1806  loss: nan  loss_rpn_cls: nan  loss_rpn_bbox: nan  s0.loss_cls: nan  s0.acc: 100.0000  s0.loss_bbox: nan  s0.loss_mask: nan  s1.loss_cls: nan  s1.acc: 100.0000  s1.loss_bbox: nan  s1.loss_mask: nan  s2.loss_cls: nan  s2.acc: 100.0000  s2.loss_bbox: nan  s2.loss_mask: nan
2024/01/18 11:49:41 - mmengine - INFO - Epoch(train)  [6][ 100/1713]  lr: 2.0000e-02  eta: 0:19:19  time: 0.1284  data_time: 0.0067  memory: 1807  loss: nan  loss_rpn_cls: nan  loss_rpn_bbox: nan  s0.loss_cls: nan  s0.acc: 100.0000  s0.loss_bbox: nan  s0.loss_mask: nan  s1.loss_cls: nan  s1.acc: 100.0000  s1.loss_bbox: nan  s1.loss_mask: nan  s2.loss_cls: nan  s2.acc: 100.0000  s2.loss_bbox: nan  s2.loss_mask: nan
2024/01/18 11:49:48 - mmengine - INFO - Epoch(train)  [6][ 150/1713]  lr: 2.0000e-02  eta: 0:19:12  time: 0.1329  data_time: 0.0080  memory: 1808  loss: nan  loss_rpn_cls: nan  loss_rpn_bbox: nan  s0.loss_cls: nan  s0.acc: 100.0000  s0.loss_bbox: nan  s0.loss_mask: nan  s1.loss_cls: nan  s1.acc: 100.0000  s1.loss_bbox: nan  s1.loss_mask: nan  s2.loss_cls: nan  s2.acc: 100.0000  s2.loss_bbox: nan  s2.loss_mask: nan
2024/01/18 11:49:54 - mmengine - INFO - Epoch(train)  [6][ 200/1713]  lr: 2.0000e-02  eta: 0:19:05  time: 0.1295  data_time: 0.0067  memory: 1807  loss: nan  loss_rpn_cls: nan  loss_rpn_bbox: nan  s0.loss_cls: nan  s0.acc: 100.0000  s0.loss_bbox: nan  s0.loss_mask: nan  s1.loss_cls: nan  s1.acc: 100.0000  s1.loss_bbox: nan  s1.loss_mask: nan  s2.loss_cls: nan  s2.acc: 100.0000  s2.loss_bbox: nan  s2.loss_mask: nan
2024/01/18 11:50:01 - mmengine - INFO - Epoch(train)  [6][ 250/1713]  lr: 2.0000e-02  eta: 0:18:58  time: 0.1297  data_time: 0.0068  memory: 1807  loss: nan  loss_rpn_cls: nan  loss_rpn_bbox: nan  s0.loss_cls: nan  s0.acc: 100.0000  s0.loss_bbox: nan  s0.loss_mask: nan  s1.loss_cls: nan  s1.acc: 100.0000  s1.loss_bbox: nan  s1.loss_mask: nan  s2.loss_cls: nan  s2.acc: 100.0000  s2.loss_bbox: nan  s2.loss_mask: nan
2024/01/18 11:50:07 - mmengine - INFO - Epoch(train)  [6][ 300/1713]  lr: 2.0000e-02  eta: 0:18:50  time: 0.1292  data_time: 0.0070  memory: 1806  loss: nan  loss_rpn_cls: nan  loss_rpn_bbox: nan  s0.loss_cls: nan  s0.acc: 100.0000  s0.loss_bbox: nan  s0.loss_mask: nan  s1.loss_cls: nan  s1.acc: 100.0000  s1.loss_bbox: nan  s1.loss_mask: nan  s2.loss_cls: nan  s2.acc: 100.0000  s2.loss_bbox: nan  s2.loss_mask: nan
2024/01/18 11:50:14 - mmengine - INFO - Epoch(train)  [6][ 350/1713]  lr: 2.0000e-02  eta: 0:18:43  time: 0.1322  data_time: 0.0077  memory: 1808  loss: nan  loss_rpn_cls: nan  loss_rpn_bbox: nan  s0.loss_cls: nan  s0.acc: 100.0000  s0.loss_bbox: nan  s0.loss_mask: nan  s1.loss_cls: nan  s1.acc: 100.0000  s1.loss_bbox: nan  s1.loss_mask: nan  s2.loss_cls: nan  s2.acc: 100.0000  s2.loss_bbox: nan  s2.loss_mask: nan
2024/01/18 11:50:20 - mmengine - INFO - Epoch(train)  [6][ 400/1713]  lr: 2.0000e-02  eta: 0:18:36  time: 0.1314  data_time: 0.0073  memory: 1807  loss: nan  loss_rpn_cls: nan  loss_rpn_bbox: nan  s0.loss_cls: nan  s0.acc: 100.0000  s0.loss_bbox: nan  s0.loss_mask: nan  s1.loss_cls: nan  s1.acc: 100.0000  s1.loss_bbox: nan  s1.loss_mask: nan  s2.loss_cls: nan  s2.acc: 100.0000  s2.loss_bbox: nan  s2.loss_mask: nan
2024/01/18 11:50:25 - mmengine - INFO - Exp name: instance_20240118_112932
2024/01/18 11:50:27 - mmengine - INFO - Epoch(train)  [6][ 450/1713]  lr: 2.0000e-02  eta: 0:18:29  time: 0.1288  data_time: 0.0073  memory: 1805  loss: nan  loss_rpn_cls: nan  loss_rpn_bbox: nan  s0.loss_cls: nan  s0.acc: 100.0000  s0.loss_bbox: nan  s0.loss_mask: nan  s1.loss_cls: nan  s1.acc: 100.0000  s1.loss_bbox: nan  s1.loss_mask: nan  s2.loss_cls: nan  s2.acc: 100.0000  s2.loss_bbox: nan  s2.loss_mask: nan
2024/01/18 11:50:33 - mmengine - INFO - Epoch(train)  [6][ 500/1713]  lr: 2.0000e-02  eta: 0:18:22  time: 0.1291  data_time: 0.0072  memory: 1808  loss: nan  loss_rpn_cls: nan  loss_rpn_bbox: nan  s0.loss_cls: nan  s0.acc: 100.0000  s0.loss_bbox: nan  s0.loss_mask: nan  s1.loss_cls: nan  s1.acc: 100.0000  s1.loss_bbox: nan  s1.loss_mask: nan  s2.loss_cls: nan  s2.acc: 100.0000  s2.loss_bbox: nan  s2.loss_mask: nan
2024/01/18 11:50:40 - mmengine - INFO - Epoch(train)  [6][ 550/1713]  lr: 2.0000e-02  eta: 0:18:15  time: 0.1299  data_time: 0.0068  memory: 1806  loss: nan  loss_rpn_cls: nan  loss_rpn_bbox: nan  s0.loss_cls: nan  s0.acc: 100.0000  s0.loss_bbox: nan  s0.loss_mask: nan  s1.loss_cls: nan  s1.acc: 100.0000  s1.loss_bbox: nan  s1.loss_mask: nan  s2.loss_cls: nan  s2.acc: 100.0000  s2.loss_bbox: nan  s2.loss_mask: nan
2024/01/18 11:50:46 - mmengine - INFO - Epoch(train)  [6][ 600/1713]  lr: 2.0000e-02  eta: 0:18:08  time: 0.1289  data_time: 0.0067  memory: 1808  loss: nan  loss_rpn_cls: nan  loss_rpn_bbox: nan  s0.loss_cls: nan  s0.acc: 100.0000  s0.loss_bbox: nan  s0.loss_mask: nan  s1.loss_cls: nan  s1.acc: 100.0000  s1.loss_bbox: nan  s1.loss_mask: nan  s2.loss_cls: nan  s2.acc: 100.0000  s2.loss_bbox: nan  s2.loss_mask: nan
2024/01/18 11:50:53 - mmengine - INFO - Epoch(train)  [6][ 650/1713]  lr: 2.0000e-02  eta: 0:18:01  time: 0.1320  data_time: 0.0076  memory: 1808  loss: nan  loss_rpn_cls: nan  loss_rpn_bbox: nan  s0.loss_cls: nan  s0.acc: 100.0000  s0.loss_bbox: nan  s0.loss_mask: nan  s1.loss_cls: nan  s1.acc: 100.0000  s1.loss_bbox: nan  s1.loss_mask: nan  s2.loss_cls: nan  s2.acc: 100.0000  s2.loss_bbox: nan  s2.loss_mask: nan
2024/01/18 11:51:00 - mmengine - INFO - Epoch(train)  [6][ 700/1713]  lr: 2.0000e-02  eta: 0:17:54  time: 0.1389  data_time: 0.0077  memory: 1808  loss: nan  loss_rpn_cls: nan  loss_rpn_bbox: nan  s0.loss_cls: nan  s0.acc: 100.0000  s0.loss_bbox: nan  s0.loss_mask: nan  s1.loss_cls: nan  s1.acc: 100.0000  s1.loss_bbox: nan  s1.loss_mask: nan  s2.loss_cls: nan  s2.acc: 100.0000  s2.loss_bbox: nan  s2.loss_mask: nan
2024/01/18 11:51:07 - mmengine - INFO - Epoch(train)  [6][ 750/1713]  lr: 2.0000e-02  eta: 0:17:47  time: 0.1398  data_time: 0.0083  memory: 1808  loss: nan  loss_rpn_cls: nan  loss_rpn_bbox: nan  s0.loss_cls: nan  s0.acc: 100.0000  s0.loss_bbox: nan  s0.loss_mask: nan  s1.loss_cls: nan  s1.acc: 100.0000  s1.loss_bbox: nan  s1.loss_mask: nan  s2.loss_cls: nan  s2.acc: 100.0000  s2.loss_bbox: nan  s2.loss_mask: nan
2024/01/18 11:51:14 - mmengine - INFO - Epoch(train)  [6][ 800/1713]  lr: 2.0000e-02  eta: 0:17:41  time: 0.1446  data_time: 0.0084  memory: 1807  loss: nan  loss_rpn_cls: nan  loss_rpn_bbox: nan  s0.loss_cls: nan  s0.acc: 100.0000  s0.loss_bbox: nan  s0.loss_mask: nan  s1.loss_cls: nan  s1.acc: 100.0000  s1.loss_bbox: nan  s1.loss_mask: nan  s2.loss_cls: nan  s2.acc: 100.0000  s2.loss_bbox: nan  s2.loss_mask: nan
2024/01/18 11:51:21 - mmengine - INFO - Epoch(train)  [6][ 850/1713]  lr: 2.0000e-02  eta: 0:17:34  time: 0.1330  data_time: 0.0077  memory: 1809  loss: nan  loss_rpn_cls: nan  loss_rpn_bbox: nan  s0.loss_cls: nan  s0.acc: 100.0000  s0.loss_bbox: nan  s0.loss_mask: nan  s1.loss_cls: nan  s1.acc: 100.0000  s1.loss_bbox: nan  s1.loss_mask: nan  s2.loss_cls: nan  s2.acc: 100.0000  s2.loss_bbox: nan  s2.loss_mask: nan
2024/01/18 11:51:27 - mmengine - INFO - Epoch(train)  [6][ 900/1713]  lr: 2.0000e-02  eta: 0:17:27  time: 0.1309  data_time: 0.0069  memory: 1809  loss: nan  loss_rpn_cls: nan  loss_rpn_bbox: nan  s0.loss_cls: nan  s0.acc: 100.0000  s0.loss_bbox: nan  s0.loss_mask: nan  s1.loss_cls: nan  s1.acc: 100.0000  s1.loss_bbox: nan  s1.loss_mask: nan  s2.loss_cls: nan  s2.acc: 100.0000  s2.loss_bbox: nan  s2.loss_mask: nan
2024/01/18 11:51:34 - mmengine - INFO - Epoch(train)  [6][ 950/1713]  lr: 2.0000e-02  eta: 0:17:20  time: 0.1297  data_time: 0.0065  memory: 1806  loss: nan  loss_rpn_cls: nan  loss_rpn_bbox: nan  s0.loss_cls: nan  s0.acc: 100.0000  s0.loss_bbox: nan  s0.loss_mask: nan  s1.loss_cls: nan  s1.acc: 100.0000  s1.loss_bbox: nan  s1.loss_mask: nan  s2.loss_cls: nan  s2.acc: 100.0000  s2.loss_bbox: nan  s2.loss_mask: nan
2024/01/18 11:51:40 - mmengine - INFO - Epoch(train)  [6][1000/1713]  lr: 2.0000e-02  eta: 0:17:12  time: 0.1318  data_time: 0.0072  memory: 1807  loss: nan  loss_rpn_cls: nan  loss_rpn_bbox: nan  s0.loss_cls: nan  s0.acc: 100.0000  s0.loss_bbox: nan  s0.loss_mask: nan  s1.loss_cls: nan  s1.acc: 100.0000  s1.loss_bbox: nan  s1.loss_mask: nan  s2.loss_cls: nan  s2.acc: 100.0000  s2.loss_bbox: nan  s2.loss_mask: nan
2024/01/18 11:51:47 - mmengine - INFO - Epoch(train)  [6][1050/1713]  lr: 2.0000e-02  eta: 0:17:05  time: 0.1301  data_time: 0.0073  memory: 1807  loss: nan  loss_rpn_cls: nan  loss_rpn_bbox: nan  s0.loss_cls: nan  s0.acc: 100.0000  s0.loss_bbox: nan  s0.loss_mask: nan  s1.loss_cls: nan  s1.acc: 100.0000  s1.loss_bbox: nan  s1.loss_mask: nan  s2.loss_cls: nan  s2.acc: 100.0000  s2.loss_bbox: nan  s2.loss_mask: nan
2024/01/18 11:51:53 - mmengine - INFO - Epoch(train)  [6][1100/1713]  lr: 2.0000e-02  eta: 0:16:58  time: 0.1295  data_time: 0.0068  memory: 1808  loss: nan  loss_rpn_cls: nan  loss_rpn_bbox: nan  s0.loss_cls: nan  s0.acc: 100.0000  s0.loss_bbox: nan  s0.loss_mask: nan  s1.loss_cls: nan  s1.acc: 100.0000  s1.loss_bbox: nan  s1.loss_mask: nan  s2.loss_cls: nan  s2.acc: 100.0000  s2.loss_bbox: nan  s2.loss_mask: nan
2024/01/18 11:52:00 - mmengine - INFO - Epoch(train)  [6][1150/1713]  lr: 2.0000e-02  eta: 0:16:51  time: 0.1336  data_time: 0.0077  memory: 1811  loss: nan  loss_rpn_cls: nan  loss_rpn_bbox: nan  s0.loss_cls: nan  s0.acc: 100.0000  s0.loss_bbox: nan  s0.loss_mask: nan  s1.loss_cls: nan  s1.acc: 100.0000  s1.loss_bbox: nan  s1.loss_mask: nan  s2.loss_cls: nan  s2.acc: 100.0000  s2.loss_bbox: nan  s2.loss_mask: nan
2024/01/18 11:52:07 - mmengine - INFO - Epoch(train)  [6][1200/1713]  lr: 2.0000e-02  eta: 0:16:44  time: 0.1322  data_time: 0.0076  memory: 1809  loss: nan  loss_rpn_cls: nan  loss_rpn_bbox: nan  s0.loss_cls: nan  s0.acc: 100.0000  s0.loss_bbox: nan  s0.loss_mask: nan  s1.loss_cls: nan  s1.acc: 100.0000  s1.loss_bbox: nan  s1.loss_mask: nan  s2.loss_cls: nan  s2.acc: 100.0000  s2.loss_bbox: nan  s2.loss_mask: nan
2024/01/18 11:52:13 - mmengine - INFO - Epoch(train)  [6][1250/1713]  lr: 2.0000e-02  eta: 0:16:37  time: 0.1305  data_time: 0.0067  memory: 1809  loss: nan  loss_rpn_cls: nan  loss_rpn_bbox: nan  s0.loss_cls: nan  s0.acc: 100.0000  s0.loss_bbox: nan  s0.loss_mask: nan  s1.loss_cls: nan  s1.acc: 100.0000  s1.loss_bbox: nan  s1.loss_mask: nan  s2.loss_cls: nan  s2.acc: 100.0000  s2.loss_bbox: nan  s2.loss_mask: nan
2024/01/18 11:52:20 - mmengine - INFO - Epoch(train)  [6][1300/1713]  lr: 2.0000e-02  eta: 0:16:30  time: 0.1301  data_time: 0.0070  memory: 1808  loss: nan  loss_rpn_cls: nan  loss_rpn_bbox: nan  s0.loss_cls: nan  s0.acc: 100.0000  s0.loss_bbox: nan  s0.loss_mask: nan  s1.loss_cls: nan  s1.acc: 100.0000  s1.loss_bbox: nan  s1.loss_mask: nan  s2.loss_cls: nan  s2.acc: 100.0000  s2.loss_bbox: nan  s2.loss_mask: nan
2024/01/18 11:52:26 - mmengine - INFO - Epoch(train)  [6][1350/1713]  lr: 2.0000e-02  eta: 0:16:23  time: 0.1305  data_time: 0.0068  memory: 1811  loss: nan  loss_rpn_cls: nan  loss_rpn_bbox: nan  s0.loss_cls: nan  s0.acc: 100.0000  s0.loss_bbox: nan  s0.loss_mask: nan  s1.loss_cls: nan  s1.acc: 100.0000  s1.loss_bbox: nan  s1.loss_mask: nan  s2.loss_cls: nan  s2.acc: 100.0000  s2.loss_bbox: nan  s2.loss_mask: nan
2024/01/18 11:52:33 - mmengine - INFO - Epoch(train)  [6][1400/1713]  lr: 2.0000e-02  eta: 0:16:16  time: 0.1312  data_time: 0.0069  memory: 1808  loss: nan  loss_rpn_cls: nan  loss_rpn_bbox: nan  s0.loss_cls: nan  s0.acc: 100.0000  s0.loss_bbox: nan  s0.loss_mask: nan  s1.loss_cls: nan  s1.acc: 100.0000  s1.loss_bbox: nan  s1.loss_mask: nan  s2.loss_cls: nan  s2.acc: 100.0000  s2.loss_bbox: nan  s2.loss_mask: nan
2024/01/18 11:52:37 - mmengine - INFO - Exp name: instance_20240118_112932
2024/01/18 11:52:39 - mmengine - INFO - Epoch(train)  [6][1450/1713]  lr: 2.0000e-02  eta: 0:16:09  time: 0.1298  data_time: 0.0070  memory: 1808  loss: nan  loss_rpn_cls: nan  loss_rpn_bbox: nan  s0.loss_cls: nan  s0.acc: 100.0000  s0.loss_bbox: nan  s0.loss_mask: nan  s1.loss_cls: nan  s1.acc: 100.0000  s1.loss_bbox: nan  s1.loss_mask: nan  s2.loss_cls: nan  s2.acc: 100.0000  s2.loss_bbox: nan  s2.loss_mask: nan
2024/01/18 11:52:46 - mmengine - INFO - Epoch(train)  [6][1500/1713]  lr: 2.0000e-02  eta: 0:16:02  time: 0.1292  data_time: 0.0066  memory: 1806  loss: nan  loss_rpn_cls: nan  loss_rpn_bbox: nan  s0.loss_cls: nan  s0.acc: 100.0000  s0.loss_bbox: nan  s0.loss_mask: nan  s1.loss_cls: nan  s1.acc: 100.0000  s1.loss_bbox: nan  s1.loss_mask: nan  s2.loss_cls: nan  s2.acc: 100.0000  s2.loss_bbox: nan  s2.loss_mask: nan
2024/01/18 11:52:52 - mmengine - INFO - Epoch(train)  [6][1550/1713]  lr: 2.0000e-02  eta: 0:15:55  time: 0.1289  data_time: 0.0069  memory: 1806  loss: nan  loss_rpn_cls: nan  loss_rpn_bbox: nan  s0.loss_cls: nan  s0.acc: 100.0000  s0.loss_bbox: nan  s0.loss_mask: nan  s1.loss_cls: nan  s1.acc: 100.0000  s1.loss_bbox: nan  s1.loss_mask: nan  s2.loss_cls: nan  s2.acc: 100.0000  s2.loss_bbox: nan  s2.loss_mask: nan
2024/01/18 11:52:59 - mmengine - INFO - Epoch(train)  [6][1600/1713]  lr: 2.0000e-02  eta: 0:15:48  time: 0.1292  data_time: 0.0076  memory: 1805  loss: nan  loss_rpn_cls: nan  loss_rpn_bbox: nan  s0.loss_cls: nan  s0.acc: 100.0000  s0.loss_bbox: nan  s0.loss_mask: nan  s1.loss_cls: nan  s1.acc: 100.0000  s1.loss_bbox: nan  s1.loss_mask: nan  s2.loss_cls: nan  s2.acc: 100.0000  s2.loss_bbox: nan  s2.loss_mask: nan
2024/01/18 11:53:05 - mmengine - INFO - Epoch(train)  [6][1650/1713]  lr: 2.0000e-02  eta: 0:15:41  time: 0.1389  data_time: 0.0074  memory: 1808  loss: nan  loss_rpn_cls: nan  loss_rpn_bbox: nan  s0.loss_cls: nan  s0.acc: 100.0000  s0.loss_bbox: nan  s0.loss_mask: nan  s1.loss_cls: nan  s1.acc: 100.0000  s1.loss_bbox: nan  s1.loss_mask: nan  s2.loss_cls: nan  s2.acc: 100.0000  s2.loss_bbox: nan  s2.loss_mask: nan
2024/01/18 11:53:12 - mmengine - INFO - Epoch(train)  [6][1700/1713]  lr: 2.0000e-02  eta: 0:15:35  time: 0.1366  data_time: 0.0066  memory: 1807  loss: nan  loss_rpn_cls: nan  loss_rpn_bbox: nan  s0.loss_cls: nan  s0.acc: 100.0000  s0.loss_bbox: nan  s0.loss_mask: nan  s1.loss_cls: nan  s1.acc: 100.0000  s1.loss_bbox: nan  s1.loss_mask: nan  s2.loss_cls: nan  s2.acc: 100.0000  s2.loss_bbox: nan  s2.loss_mask: nan
2024/01/18 11:53:14 - mmengine - INFO - Exp name: instance_20240118_112932
2024/01/18 11:53:16 - mmengine - INFO - Epoch(val)  [6][50/71]    eta: 0:00:00  time: 0.0408  data_time: 0.0063  memory: 1805  
2024/01/18 11:53:17 - mmengine - INFO - Evaluating bbox...
2024/01/18 11:53:17 - mmengine - ERROR - /home/hasnatpie/thesis01/mmdetection/mmdet/evaluation/metrics/coco_metric.py - compute_metrics - 465 - The testing results of the whole dataset is empty.
2024/01/18 11:53:17 - mmengine - INFO - Epoch(val) [6][71/71]    data_time: 0.0060  time: 0.0401
2024/01/18 11:53:24 - mmengine - INFO - Epoch(train)  [7][  50/1713]  lr: 2.0000e-02  eta: 0:15:26  time: 0.1387  data_time: 0.0082  memory: 1808  loss: nan  loss_rpn_cls: nan  loss_rpn_bbox: nan  s0.loss_cls: nan  s0.acc: 100.0000  s0.loss_bbox: nan  s0.loss_mask: nan  s1.loss_cls: nan  s1.acc: 100.0000  s1.loss_bbox: nan  s1.loss_mask: nan  s2.loss_cls: nan  s2.acc: 100.0000  s2.loss_bbox: nan  s2.loss_mask: nan
2024/01/18 11:53:30 - mmengine - INFO - Epoch(train)  [7][ 100/1713]  lr: 2.0000e-02  eta: 0:15:19  time: 0.1283  data_time: 0.0067  memory: 1808  loss: nan  loss_rpn_cls: nan  loss_rpn_bbox: nan  s0.loss_cls: nan  s0.acc: 100.0000  s0.loss_bbox: nan  s0.loss_mask: nan  s1.loss_cls: nan  s1.acc: 100.0000  s1.loss_bbox: nan  s1.loss_mask: nan  s2.loss_cls: nan  s2.acc: 100.0000  s2.loss_bbox: nan  s2.loss_mask: nan
2024/01/18 11:53:37 - mmengine - INFO - Epoch(train)  [7][ 150/1713]  lr: 2.0000e-02  eta: 0:15:12  time: 0.1277  data_time: 0.0063  memory: 1808  loss: nan  loss_rpn_cls: nan  loss_rpn_bbox: nan  s0.loss_cls: nan  s0.acc: 100.0000  s0.loss_bbox: nan  s0.loss_mask: nan  s1.loss_cls: nan  s1.acc: 100.0000  s1.loss_bbox: nan  s1.loss_mask: nan  s2.loss_cls: nan  s2.acc: 100.0000  s2.loss_bbox: nan  s2.loss_mask: nan
2024/01/18 11:53:43 - mmengine - INFO - Epoch(train)  [7][ 200/1713]  lr: 2.0000e-02  eta: 0:15:05  time: 0.1325  data_time: 0.0066  memory: 1808  loss: nan  loss_rpn_cls: nan  loss_rpn_bbox: nan  s0.loss_cls: nan  s0.acc: 100.0000  s0.loss_bbox: nan  s0.loss_mask: nan  s1.loss_cls: nan  s1.acc: 100.0000  s1.loss_bbox: nan  s1.loss_mask: nan  s2.loss_cls: nan  s2.acc: 100.0000  s2.loss_bbox: nan  s2.loss_mask: nan
2024/01/18 11:53:50 - mmengine - INFO - Epoch(train)  [7][ 250/1713]  lr: 2.0000e-02  eta: 0:14:58  time: 0.1305  data_time: 0.0067  memory: 1808  loss: nan  loss_rpn_cls: nan  loss_rpn_bbox: nan  s0.loss_cls: nan  s0.acc: 100.0000  s0.loss_bbox: nan  s0.loss_mask: nan  s1.loss_cls: nan  s1.acc: 100.0000  s1.loss_bbox: nan  s1.loss_mask: nan  s2.loss_cls: nan  s2.acc: 100.0000  s2.loss_bbox: nan  s2.loss_mask: nan
2024/01/18 11:53:57 - mmengine - INFO - Epoch(train)  [7][ 300/1713]  lr: 2.0000e-02  eta: 0:14:51  time: 0.1358  data_time: 0.0071  memory: 1809  loss: nan  loss_rpn_cls: nan  loss_rpn_bbox: nan  s0.loss_cls: nan  s0.acc: 100.0000  s0.loss_bbox: nan  s0.loss_mask: nan  s1.loss_cls: nan  s1.acc: 100.0000  s1.loss_bbox: nan  s1.loss_mask: nan  s2.loss_cls: nan  s2.acc: 100.0000  s2.loss_bbox: nan  s2.loss_mask: nan
2024/01/18 11:54:03 - mmengine - INFO - Epoch(train)  [7][ 350/1713]  lr: 2.0000e-02  eta: 0:14:44  time: 0.1339  data_time: 0.0076  memory: 1808  loss: nan  loss_rpn_cls: nan  loss_rpn_bbox: nan  s0.loss_cls: nan  s0.acc: 100.0000  s0.loss_bbox: nan  s0.loss_mask: nan  s1.loss_cls: nan  s1.acc: 100.0000  s1.loss_bbox: nan  s1.loss_mask: nan  s2.loss_cls: nan  s2.acc: 100.0000  s2.loss_bbox: nan  s2.loss_mask: nan
2024/01/18 11:54:10 - mmengine - INFO - Epoch(train)  [7][ 400/1713]  lr: 2.0000e-02  eta: 0:14:37  time: 0.1299  data_time: 0.0066  memory: 1807  loss: nan  loss_rpn_cls: nan  loss_rpn_bbox: nan  s0.loss_cls: nan  s0.acc: 100.0000  s0.loss_bbox: nan  s0.loss_mask: nan  s1.loss_cls: nan  s1.acc: 100.0000  s1.loss_bbox: nan  s1.loss_mask: nan  s2.loss_cls: nan  s2.acc: 100.0000  s2.loss_bbox: nan  s2.loss_mask: nan
2024/01/18 11:54:17 - mmengine - INFO - Epoch(train)  [7][ 450/1713]  lr: 2.0000e-02  eta: 0:14:30  time: 0.1310  data_time: 0.0074  memory: 1808  loss: nan  loss_rpn_cls: nan  loss_rpn_bbox: nan  s0.loss_cls: nan  s0.acc: 100.0000  s0.loss_bbox: nan  s0.loss_mask: nan  s1.loss_cls: nan  s1.acc: 100.0000  s1.loss_bbox: nan  s1.loss_mask: nan  s2.loss_cls: nan  s2.acc: 100.0000  s2.loss_bbox: nan  s2.loss_mask: nan
2024/01/18 11:54:23 - mmengine - INFO - Epoch(train)  [7][ 500/1713]  lr: 2.0000e-02  eta: 0:14:23  time: 0.1280  data_time: 0.0069  memory: 1808  loss: nan  loss_rpn_cls: nan  loss_rpn_bbox: nan  s0.loss_cls: nan  s0.acc: 100.0000  s0.loss_bbox: nan  s0.loss_mask: nan  s1.loss_cls: nan  s1.acc: 100.0000  s1.loss_bbox: nan  s1.loss_mask: nan  s2.loss_cls: nan  s2.acc: 100.0000  s2.loss_bbox: nan  s2.loss_mask: nan
2024/01/18 11:54:29 - mmengine - INFO - Epoch(train)  [7][ 550/1713]  lr: 2.0000e-02  eta: 0:14:16  time: 0.1258  data_time: 0.0065  memory: 1807  loss: nan  loss_rpn_cls: nan  loss_rpn_bbox: nan  s0.loss_cls: nan  s0.acc: 100.0000  s0.loss_bbox: nan  s0.loss_mask: nan  s1.loss_cls: nan  s1.acc: 100.0000  s1.loss_bbox: nan  s1.loss_mask: nan  s2.loss_cls: nan  s2.acc: 100.0000  s2.loss_bbox: nan  s2.loss_mask: nan
2024/01/18 11:54:36 - mmengine - INFO - Epoch(train)  [7][ 600/1713]  lr: 2.0000e-02  eta: 0:14:09  time: 0.1295  data_time: 0.0068  memory: 1808  loss: nan  loss_rpn_cls: nan  loss_rpn_bbox: nan  s0.loss_cls: nan  s0.acc: 100.0000  s0.loss_bbox: nan  s0.loss_mask: nan  s1.loss_cls: nan  s1.acc: 100.0000  s1.loss_bbox: nan  s1.loss_mask: nan  s2.loss_cls: nan  s2.acc: 100.0000  s2.loss_bbox: nan  s2.loss_mask: nan
2024/01/18 11:54:42 - mmengine - INFO - Epoch(train)  [7][ 650/1713]  lr: 2.0000e-02  eta: 0:14:02  time: 0.1309  data_time: 0.0073  memory: 1809  loss: nan  loss_rpn_cls: nan  loss_rpn_bbox: nan  s0.loss_cls: nan  s0.acc: 100.0000  s0.loss_bbox: nan  s0.loss_mask: nan  s1.loss_cls: nan  s1.acc: 100.0000  s1.loss_bbox: nan  s1.loss_mask: nan  s2.loss_cls: nan  s2.acc: 100.0000  s2.loss_bbox: nan  s2.loss_mask: nan
2024/01/18 11:54:49 - mmengine - INFO - Epoch(train)  [7][ 700/1713]  lr: 2.0000e-02  eta: 0:13:55  time: 0.1260  data_time: 0.0065  memory: 1806  loss: nan  loss_rpn_cls: nan  loss_rpn_bbox: nan  s0.loss_cls: nan  s0.acc: 100.0000  s0.loss_bbox: nan  s0.loss_mask: nan  s1.loss_cls: nan  s1.acc: 100.0000  s1.loss_bbox: nan  s1.loss_mask: nan  s2.loss_cls: nan  s2.acc: 100.0000  s2.loss_bbox: nan  s2.loss_mask: nan
2024/01/18 11:54:51 - mmengine - INFO - Exp name: instance_20240118_112932
2024/01/18 11:54:55 - mmengine - INFO - Epoch(train)  [7][ 750/1713]  lr: 2.0000e-02  eta: 0:13:48  time: 0.1273  data_time: 0.0068  memory: 1809  loss: nan  loss_rpn_cls: nan  loss_rpn_bbox: nan  s0.loss_cls: nan  s0.acc: 100.0000  s0.loss_bbox: nan  s0.loss_mask: nan  s1.loss_cls: nan  s1.acc: 100.0000  s1.loss_bbox: nan  s1.loss_mask: nan  s2.loss_cls: nan  s2.acc: 100.0000  s2.loss_bbox: nan  s2.loss_mask: nan
2024/01/18 11:55:01 - mmengine - INFO - Epoch(train)  [7][ 800/1713]  lr: 2.0000e-02  eta: 0:13:41  time: 0.1263  data_time: 0.0063  memory: 1808  loss: nan  loss_rpn_cls: nan  loss_rpn_bbox: nan  s0.loss_cls: nan  s0.acc: 100.0000  s0.loss_bbox: nan  s0.loss_mask: nan  s1.loss_cls: nan  s1.acc: 100.0000  s1.loss_bbox: nan  s1.loss_mask: nan  s2.loss_cls: nan  s2.acc: 100.0000  s2.loss_bbox: nan  s2.loss_mask: nan
2024/01/18 11:55:08 - mmengine - INFO - Epoch(train)  [7][ 850/1713]  lr: 2.0000e-02  eta: 0:13:34  time: 0.1298  data_time: 0.0072  memory: 1809  loss: nan  loss_rpn_cls: nan  loss_rpn_bbox: nan  s0.loss_cls: nan  s0.acc: 100.0000  s0.loss_bbox: nan  s0.loss_mask: nan  s1.loss_cls: nan  s1.acc: 100.0000  s1.loss_bbox: nan  s1.loss_mask: nan  s2.loss_cls: nan  s2.acc: 100.0000  s2.loss_bbox: nan  s2.loss_mask: nan
2024/01/18 11:55:14 - mmengine - INFO - Epoch(train)  [7][ 900/1713]  lr: 2.0000e-02  eta: 0:13:27  time: 0.1256  data_time: 0.0063  memory: 1808  loss: nan  loss_rpn_cls: nan  loss_rpn_bbox: nan  s0.loss_cls: nan  s0.acc: 100.0000  s0.loss_bbox: nan  s0.loss_mask: nan  s1.loss_cls: nan  s1.acc: 100.0000  s1.loss_bbox: nan  s1.loss_mask: nan  s2.loss_cls: nan  s2.acc: 100.0000  s2.loss_bbox: nan  s2.loss_mask: nan
2024/01/18 11:55:20 - mmengine - INFO - Epoch(train)  [7][ 950/1713]  lr: 2.0000e-02  eta: 0:13:20  time: 0.1288  data_time: 0.0069  memory: 1809  loss: nan  loss_rpn_cls: nan  loss_rpn_bbox: nan  s0.loss_cls: nan  s0.acc: 100.0000  s0.loss_bbox: nan  s0.loss_mask: nan  s1.loss_cls: nan  s1.acc: 100.0000  s1.loss_bbox: nan  s1.loss_mask: nan  s2.loss_cls: nan  s2.acc: 100.0000  s2.loss_bbox: nan  s2.loss_mask: nan
2024/01/18 11:55:27 - mmengine - INFO - Epoch(train)  [7][1000/1713]  lr: 2.0000e-02  eta: 0:13:13  time: 0.1304  data_time: 0.0067  memory: 1806  loss: nan  loss_rpn_cls: nan  loss_rpn_bbox: nan  s0.loss_cls: nan  s0.acc: 100.0000  s0.loss_bbox: nan  s0.loss_mask: nan  s1.loss_cls: nan  s1.acc: 100.0000  s1.loss_bbox: nan  s1.loss_mask: nan  s2.loss_cls: nan  s2.acc: 100.0000  s2.loss_bbox: nan  s2.loss_mask: nan
2024/01/18 11:55:33 - mmengine - INFO - Epoch(train)  [7][1050/1713]  lr: 2.0000e-02  eta: 0:13:06  time: 0.1294  data_time: 0.0075  memory: 1809  loss: nan  loss_rpn_cls: nan  loss_rpn_bbox: nan  s0.loss_cls: nan  s0.acc: 100.0000  s0.loss_bbox: nan  s0.loss_mask: nan  s1.loss_cls: nan  s1.acc: 100.0000  s1.loss_bbox: nan  s1.loss_mask: nan  s2.loss_cls: nan  s2.acc: 100.0000  s2.loss_bbox: nan  s2.loss_mask: nan
2024/01/18 11:55:40 - mmengine - INFO - Epoch(train)  [7][1100/1713]  lr: 2.0000e-02  eta: 0:12:59  time: 0.1300  data_time: 0.0068  memory: 1806  loss: nan  loss_rpn_cls: nan  loss_rpn_bbox: nan  s0.loss_cls: nan  s0.acc: 100.0000  s0.loss_bbox: nan  s0.loss_mask: nan  s1.loss_cls: nan  s1.acc: 100.0000  s1.loss_bbox: nan  s1.loss_mask: nan  s2.loss_cls: nan  s2.acc: 100.0000  s2.loss_bbox: nan  s2.loss_mask: nan
2024/01/18 11:55:46 - mmengine - INFO - Epoch(train)  [7][1150/1713]  lr: 2.0000e-02  eta: 0:12:53  time: 0.1291  data_time: 0.0073  memory: 1808  loss: nan  loss_rpn_cls: nan  loss_rpn_bbox: nan  s0.loss_cls: nan  s0.acc: 100.0000  s0.loss_bbox: nan  s0.loss_mask: nan  s1.loss_cls: nan  s1.acc: 100.0000  s1.loss_bbox: nan  s1.loss_mask: nan  s2.loss_cls: nan  s2.acc: 100.0000  s2.loss_bbox: nan  s2.loss_mask: nan
2024/01/18 11:55:53 - mmengine - INFO - Epoch(train)  [7][1200/1713]  lr: 2.0000e-02  eta: 0:12:46  time: 0.1269  data_time: 0.0069  memory: 1811  loss: nan  loss_rpn_cls: nan  loss_rpn_bbox: nan  s0.loss_cls: nan  s0.acc: 100.0000  s0.loss_bbox: nan  s0.loss_mask: nan  s1.loss_cls: nan  s1.acc: 100.0000  s1.loss_bbox: nan  s1.loss_mask: nan  s2.loss_cls: nan  s2.acc: 100.0000  s2.loss_bbox: nan  s2.loss_mask: nan
2024/01/18 11:55:59 - mmengine - INFO - Epoch(train)  [7][1250/1713]  lr: 2.0000e-02  eta: 0:12:39  time: 0.1274  data_time: 0.0066  memory: 1807  loss: nan  loss_rpn_cls: nan  loss_rpn_bbox: nan  s0.loss_cls: nan  s0.acc: 100.0000  s0.loss_bbox: nan  s0.loss_mask: nan  s1.loss_cls: nan  s1.acc: 100.0000  s1.loss_bbox: nan  s1.loss_mask: nan  s2.loss_cls: nan  s2.acc: 100.0000  s2.loss_bbox: nan  s2.loss_mask: nan
2024/01/18 11:56:06 - mmengine - INFO - Epoch(train)  [7][1300/1713]  lr: 2.0000e-02  eta: 0:12:32  time: 0.1312  data_time: 0.0077  memory: 1811  loss: nan  loss_rpn_cls: nan  loss_rpn_bbox: nan  s0.loss_cls: nan  s0.acc: 100.0000  s0.loss_bbox: nan  s0.loss_mask: nan  s1.loss_cls: nan  s1.acc: 100.0000  s1.loss_bbox: nan  s1.loss_mask: nan  s2.loss_cls: nan  s2.acc: 100.0000  s2.loss_bbox: nan  s2.loss_mask: nan
2024/01/18 11:56:12 - mmengine - INFO - Epoch(train)  [7][1350/1713]  lr: 2.0000e-02  eta: 0:12:25  time: 0.1268  data_time: 0.0067  memory: 1806  loss: nan  loss_rpn_cls: nan  loss_rpn_bbox: nan  s0.loss_cls: nan  s0.acc: 100.0000  s0.loss_bbox: nan  s0.loss_mask: nan  s1.loss_cls: nan  s1.acc: 100.0000  s1.loss_bbox: nan  s1.loss_mask: nan  s2.loss_cls: nan  s2.acc: 100.0000  s2.loss_bbox: nan  s2.loss_mask: nan
2024/01/18 11:56:18 - mmengine - INFO - Epoch(train)  [7][1400/1713]  lr: 2.0000e-02  eta: 0:12:18  time: 0.1264  data_time: 0.0068  memory: 1809  loss: nan  loss_rpn_cls: nan  loss_rpn_bbox: nan  s0.loss_cls: nan  s0.acc: 100.0000  s0.loss_bbox: nan  s0.loss_mask: nan  s1.loss_cls: nan  s1.acc: 100.0000  s1.loss_bbox: nan  s1.loss_mask: nan  s2.loss_cls: nan  s2.acc: 100.0000  s2.loss_bbox: nan  s2.loss_mask: nan
2024/01/18 11:56:25 - mmengine - INFO - Epoch(train)  [7][1450/1713]  lr: 2.0000e-02  eta: 0:12:11  time: 0.1280  data_time: 0.0070  memory: 1807  loss: nan  loss_rpn_cls: nan  loss_rpn_bbox: nan  s0.loss_cls: nan  s0.acc: 100.0000  s0.loss_bbox: nan  s0.loss_mask: nan  s1.loss_cls: nan  s1.acc: 100.0000  s1.loss_bbox: nan  s1.loss_mask: nan  s2.loss_cls: nan  s2.acc: 100.0000  s2.loss_bbox: nan  s2.loss_mask: nan
2024/01/18 11:56:31 - mmengine - INFO - Epoch(train)  [7][1500/1713]  lr: 2.0000e-02  eta: 0:12:04  time: 0.1301  data_time: 0.0065  memory: 1808  loss: nan  loss_rpn_cls: nan  loss_rpn_bbox: nan  s0.loss_cls: nan  s0.acc: 100.0000  s0.loss_bbox: nan  s0.loss_mask: nan  s1.loss_cls: nan  s1.acc: 100.0000  s1.loss_bbox: nan  s1.loss_mask: nan  s2.loss_cls: nan  s2.acc: 100.0000  s2.loss_bbox: nan  s2.loss_mask: nan
2024/01/18 11:56:38 - mmengine - INFO - Epoch(train)  [7][1550/1713]  lr: 2.0000e-02  eta: 0:11:57  time: 0.1294  data_time: 0.0075  memory: 1807  loss: nan  loss_rpn_cls: nan  loss_rpn_bbox: nan  s0.loss_cls: nan  s0.acc: 100.0000  s0.loss_bbox: nan  s0.loss_mask: nan  s1.loss_cls: nan  s1.acc: 100.0000  s1.loss_bbox: nan  s1.loss_mask: nan  s2.loss_cls: nan  s2.acc: 100.0000  s2.loss_bbox: nan  s2.loss_mask: nan
2024/01/18 11:56:44 - mmengine - INFO - Epoch(train)  [7][1600/1713]  lr: 2.0000e-02  eta: 0:11:50  time: 0.1289  data_time: 0.0065  memory: 1808  loss: nan  loss_rpn_cls: nan  loss_rpn_bbox: nan  s0.loss_cls: nan  s0.acc: 100.0000  s0.loss_bbox: nan  s0.loss_mask: nan  s1.loss_cls: nan  s1.acc: 100.0000  s1.loss_bbox: nan  s1.loss_mask: nan  s2.loss_cls: nan  s2.acc: 100.0000  s2.loss_bbox: nan  s2.loss_mask: nan
2024/01/18 11:56:51 - mmengine - INFO - Epoch(train)  [7][1650/1713]  lr: 2.0000e-02  eta: 0:11:43  time: 0.1281  data_time: 0.0065  memory: 1807  loss: nan  loss_rpn_cls: nan  loss_rpn_bbox: nan  s0.loss_cls: nan  s0.acc: 100.0000  s0.loss_bbox: nan  s0.loss_mask: nan  s1.loss_cls: nan  s1.acc: 100.0000  s1.loss_bbox: nan  s1.loss_mask: nan  s2.loss_cls: nan  s2.acc: 100.0000  s2.loss_bbox: nan  s2.loss_mask: nan
2024/01/18 11:56:57 - mmengine - INFO - Epoch(train)  [7][1700/1713]  lr: 2.0000e-02  eta: 0:11:36  time: 0.1343  data_time: 0.0072  memory: 1809  loss: nan  loss_rpn_cls: nan  loss_rpn_bbox: nan  s0.loss_cls: nan  s0.acc: 100.0000  s0.loss_bbox: nan  s0.loss_mask: nan  s1.loss_cls: nan  s1.acc: 100.0000  s1.loss_bbox: nan  s1.loss_mask: nan  s2.loss_cls: nan  s2.acc: 100.0000  s2.loss_bbox: nan  s2.loss_mask: nan
2024/01/18 11:56:59 - mmengine - INFO - Exp name: instance_20240118_112932
2024/01/18 11:57:01 - mmengine - INFO - Epoch(val)  [7][50/71]    eta: 0:00:00  time: 0.0401  data_time: 0.0067  memory: 1806  
2024/01/18 11:57:02 - mmengine - INFO - Evaluating bbox...
2024/01/18 11:57:02 - mmengine - ERROR - /home/hasnatpie/thesis01/mmdetection/mmdet/evaluation/metrics/coco_metric.py - compute_metrics - 465 - The testing results of the whole dataset is empty.
2024/01/18 11:57:02 - mmengine - INFO - Epoch(val) [7][71/71]    data_time: 0.0070  time: 0.0408
2024/01/18 11:57:03 - mmengine - INFO - Exp name: instance_20240118_112932
2024/01/18 11:57:09 - mmengine - INFO - Epoch(train)  [8][  50/1713]  lr: 2.0000e-02  eta: 0:11:28  time: 0.1321  data_time: 0.0069  memory: 1808  loss: nan  loss_rpn_cls: nan  loss_rpn_bbox: nan  s0.loss_cls: nan  s0.acc: 100.0000  s0.loss_bbox: nan  s0.loss_mask: nan  s1.loss_cls: nan  s1.acc: 100.0000  s1.loss_bbox: nan  s1.loss_mask: nan  s2.loss_cls: nan  s2.acc: 100.0000  s2.loss_bbox: nan  s2.loss_mask: nan
2024/01/18 11:57:16 - mmengine - INFO - Epoch(train)  [8][ 100/1713]  lr: 2.0000e-02  eta: 0:11:21  time: 0.1439  data_time: 0.0085  memory: 1806  loss: nan  loss_rpn_cls: nan  loss_rpn_bbox: nan  s0.loss_cls: nan  s0.acc: 100.0000  s0.loss_bbox: nan  s0.loss_mask: nan  s1.loss_cls: nan  s1.acc: 100.0000  s1.loss_bbox: nan  s1.loss_mask: nan  s2.loss_cls: nan  s2.acc: 100.0000  s2.loss_bbox: nan  s2.loss_mask: nan
2024/01/18 11:57:23 - mmengine - INFO - Epoch(train)  [8][ 150/1713]  lr: 2.0000e-02  eta: 0:11:15  time: 0.1403  data_time: 0.0078  memory: 1808  loss: nan  loss_rpn_cls: nan  loss_rpn_bbox: nan  s0.loss_cls: nan  s0.acc: 100.0000  s0.loss_bbox: nan  s0.loss_mask: nan  s1.loss_cls: nan  s1.acc: 100.0000  s1.loss_bbox: nan  s1.loss_mask: nan  s2.loss_cls: nan  s2.acc: 100.0000  s2.loss_bbox: nan  s2.loss_mask: nan
2024/01/18 11:57:30 - mmengine - INFO - Epoch(train)  [8][ 200/1713]  lr: 2.0000e-02  eta: 0:11:08  time: 0.1359  data_time: 0.0072  memory: 1808  loss: nan  loss_rpn_cls: nan  loss_rpn_bbox: nan  s0.loss_cls: nan  s0.acc: 100.0000  s0.loss_bbox: nan  s0.loss_mask: nan  s1.loss_cls: nan  s1.acc: 100.0000  s1.loss_bbox: nan  s1.loss_mask: nan  s2.loss_cls: nan  s2.acc: 100.0000  s2.loss_bbox: nan  s2.loss_mask: nan
2024/01/18 11:57:37 - mmengine - INFO - Epoch(train)  [8][ 250/1713]  lr: 2.0000e-02  eta: 0:11:01  time: 0.1374  data_time: 0.0073  memory: 1809  loss: nan  loss_rpn_cls: nan  loss_rpn_bbox: nan  s0.loss_cls: nan  s0.acc: 100.0000  s0.loss_bbox: nan  s0.loss_mask: nan  s1.loss_cls: nan  s1.acc: 100.0000  s1.loss_bbox: nan  s1.loss_mask: nan  s2.loss_cls: nan  s2.acc: 100.0000  s2.loss_bbox: nan  s2.loss_mask: nan
2024/01/18 11:57:43 - mmengine - INFO - Epoch(train)  [8][ 300/1713]  lr: 2.0000e-02  eta: 0:10:54  time: 0.1355  data_time: 0.0075  memory: 1807  loss: nan  loss_rpn_cls: nan  loss_rpn_bbox: nan  s0.loss_cls: nan  s0.acc: 100.0000  s0.loss_bbox: nan  s0.loss_mask: nan  s1.loss_cls: nan  s1.acc: 100.0000  s1.loss_bbox: nan  s1.loss_mask: nan  s2.loss_cls: nan  s2.acc: 100.0000  s2.loss_bbox: nan  s2.loss_mask: nan
2024/01/18 11:57:50 - mmengine - INFO - Epoch(train)  [8][ 350/1713]  lr: 2.0000e-02  eta: 0:10:47  time: 0.1311  data_time: 0.0071  memory: 1809  loss: nan  loss_rpn_cls: nan  loss_rpn_bbox: nan  s0.loss_cls: nan  s0.acc: 100.0000  s0.loss_bbox: nan  s0.loss_mask: nan  s1.loss_cls: nan  s1.acc: 100.0000  s1.loss_bbox: nan  s1.loss_mask: nan  s2.loss_cls: nan  s2.acc: 100.0000  s2.loss_bbox: nan  s2.loss_mask: nan
2024/01/18 11:57:56 - mmengine - INFO - Epoch(train)  [8][ 400/1713]  lr: 2.0000e-02  eta: 0:10:41  time: 0.1271  data_time: 0.0060  memory: 1808  loss: nan  loss_rpn_cls: nan  loss_rpn_bbox: nan  s0.loss_cls: nan  s0.acc: 100.0000  s0.loss_bbox: nan  s0.loss_mask: nan  s1.loss_cls: nan  s1.acc: 100.0000  s1.loss_bbox: nan  s1.loss_mask: nan  s2.loss_cls: nan  s2.acc: 100.0000  s2.loss_bbox: nan  s2.loss_mask: nan
2024/01/18 11:58:03 - mmengine - INFO - Epoch(train)  [8][ 450/1713]  lr: 2.0000e-02  eta: 0:10:34  time: 0.1273  data_time: 0.0068  memory: 1805  loss: nan  loss_rpn_cls: nan  loss_rpn_bbox: nan  s0.loss_cls: nan  s0.acc: 100.0000  s0.loss_bbox: nan  s0.loss_mask: nan  s1.loss_cls: nan  s1.acc: 100.0000  s1.loss_bbox: nan  s1.loss_mask: nan  s2.loss_cls: nan  s2.acc: 100.0000  s2.loss_bbox: nan  s2.loss_mask: nan
2024/01/18 11:58:09 - mmengine - INFO - Epoch(train)  [8][ 500/1713]  lr: 2.0000e-02  eta: 0:10:27  time: 0.1297  data_time: 0.0072  memory: 1809  loss: nan  loss_rpn_cls: nan  loss_rpn_bbox: nan  s0.loss_cls: nan  s0.acc: 100.0000  s0.loss_bbox: nan  s0.loss_mask: nan  s1.loss_cls: nan  s1.acc: 100.0000  s1.loss_bbox: nan  s1.loss_mask: nan  s2.loss_cls: nan  s2.acc: 100.0000  s2.loss_bbox: nan  s2.loss_mask: nan
2024/01/18 11:58:15 - mmengine - INFO - Epoch(train)  [8][ 550/1713]  lr: 2.0000e-02  eta: 0:10:20  time: 0.1287  data_time: 0.0069  memory: 1808  loss: nan  loss_rpn_cls: nan  loss_rpn_bbox: nan  s0.loss_cls: nan  s0.acc: 100.0000  s0.loss_bbox: nan  s0.loss_mask: nan  s1.loss_cls: nan  s1.acc: 100.0000  s1.loss_bbox: nan  s1.loss_mask: nan  s2.loss_cls: nan  s2.acc: 100.0000  s2.loss_bbox: nan  s2.loss_mask: nan
2024/01/18 11:58:22 - mmengine - INFO - Epoch(train)  [8][ 600/1713]  lr: 2.0000e-02  eta: 0:10:13  time: 0.1285  data_time: 0.0069  memory: 1807  loss: nan  loss_rpn_cls: nan  loss_rpn_bbox: nan  s0.loss_cls: nan  s0.acc: 100.0000  s0.loss_bbox: nan  s0.loss_mask: nan  s1.loss_cls: nan  s1.acc: 100.0000  s1.loss_bbox: nan  s1.loss_mask: nan  s2.loss_cls: nan  s2.acc: 100.0000  s2.loss_bbox: nan  s2.loss_mask: nan
2024/01/18 11:58:28 - mmengine - INFO - Epoch(train)  [8][ 650/1713]  lr: 2.0000e-02  eta: 0:10:06  time: 0.1258  data_time: 0.0062  memory: 1805  loss: nan  loss_rpn_cls: nan  loss_rpn_bbox: nan  s0.loss_cls: nan  s0.acc: 100.0000  s0.loss_bbox: nan  s0.loss_mask: nan  s1.loss_cls: nan  s1.acc: 100.0000  s1.loss_bbox: nan  s1.loss_mask: nan  s2.loss_cls: nan  s2.acc: 100.0000  s2.loss_bbox: nan  s2.loss_mask: nan
2024/01/18 11:58:35 - mmengine - INFO - Epoch(train)  [8][ 700/1713]  lr: 2.0000e-02  eta: 0:09:59  time: 0.1303  data_time: 0.0068  memory: 1809  loss: nan  loss_rpn_cls: nan  loss_rpn_bbox: nan  s0.loss_cls: nan  s0.acc: 100.0000  s0.loss_bbox: nan  s0.loss_mask: nan  s1.loss_cls: nan  s1.acc: 100.0000  s1.loss_bbox: nan  s1.loss_mask: nan  s2.loss_cls: nan  s2.acc: 100.0000  s2.loss_bbox: nan  s2.loss_mask: nan
2024/01/18 11:58:41 - mmengine - INFO - Epoch(train)  [8][ 750/1713]  lr: 2.0000e-02  eta: 0:09:52  time: 0.1261  data_time: 0.0064  memory: 1806  loss: nan  loss_rpn_cls: nan  loss_rpn_bbox: nan  s0.loss_cls: nan  s0.acc: 100.0000  s0.loss_bbox: nan  s0.loss_mask: nan  s1.loss_cls: nan  s1.acc: 100.0000  s1.loss_bbox: nan  s1.loss_mask: nan  s2.loss_cls: nan  s2.acc: 100.0000  s2.loss_bbox: nan  s2.loss_mask: nan
2024/01/18 11:58:48 - mmengine - INFO - Epoch(train)  [8][ 800/1713]  lr: 2.0000e-02  eta: 0:09:46  time: 0.1308  data_time: 0.0079  memory: 1808  loss: nan  loss_rpn_cls: nan  loss_rpn_bbox: nan  s0.loss_cls: nan  s0.acc: 100.0000  s0.loss_bbox: nan  s0.loss_mask: nan  s1.loss_cls: nan  s1.acc: 100.0000  s1.loss_bbox: nan  s1.loss_mask: nan  s2.loss_cls: nan  s2.acc: 100.0000  s2.loss_bbox: nan  s2.loss_mask: nan
2024/01/18 11:58:54 - mmengine - INFO - Epoch(train)  [8][ 850/1713]  lr: 2.0000e-02  eta: 0:09:39  time: 0.1342  data_time: 0.0072  memory: 1810  loss: nan  loss_rpn_cls: nan  loss_rpn_bbox: nan  s0.loss_cls: nan  s0.acc: 100.0000  s0.loss_bbox: nan  s0.loss_mask: nan  s1.loss_cls: nan  s1.acc: 100.0000  s1.loss_bbox: nan  s1.loss_mask: nan  s2.loss_cls: nan  s2.acc: 100.0000  s2.loss_bbox: nan  s2.loss_mask: nan
2024/01/18 11:59:01 - mmengine - INFO - Epoch(train)  [8][ 900/1713]  lr: 2.0000e-02  eta: 0:09:32  time: 0.1328  data_time: 0.0073  memory: 1808  loss: nan  loss_rpn_cls: nan  loss_rpn_bbox: nan  s0.loss_cls: nan  s0.acc: 100.0000  s0.loss_bbox: nan  s0.loss_mask: nan  s1.loss_cls: nan  s1.acc: 100.0000  s1.loss_bbox: nan  s1.loss_mask: nan  s2.loss_cls: nan  s2.acc: 100.0000  s2.loss_bbox: nan  s2.loss_mask: nan
2024/01/18 11:59:07 - mmengine - INFO - Epoch(train)  [8][ 950/1713]  lr: 2.0000e-02  eta: 0:09:25  time: 0.1283  data_time: 0.0064  memory: 1807  loss: nan  loss_rpn_cls: nan  loss_rpn_bbox: nan  s0.loss_cls: nan  s0.acc: 100.0000  s0.loss_bbox: nan  s0.loss_mask: nan  s1.loss_cls: nan  s1.acc: 100.0000  s1.loss_bbox: nan  s1.loss_mask: nan  s2.loss_cls: nan  s2.acc: 100.0000  s2.loss_bbox: nan  s2.loss_mask: nan
2024/01/18 11:59:14 - mmengine - INFO - Epoch(train)  [8][1000/1713]  lr: 2.0000e-02  eta: 0:09:18  time: 0.1329  data_time: 0.0068  memory: 1811  loss: nan  loss_rpn_cls: nan  loss_rpn_bbox: nan  s0.loss_cls: nan  s0.acc: 100.0000  s0.loss_bbox: nan  s0.loss_mask: nan  s1.loss_cls: nan  s1.acc: 100.0000  s1.loss_bbox: nan  s1.loss_mask: nan  s2.loss_cls: nan  s2.acc: 100.0000  s2.loss_bbox: nan  s2.loss_mask: nan
2024/01/18 11:59:15 - mmengine - INFO - Exp name: instance_20240118_112932
2024/01/18 11:59:21 - mmengine - INFO - Epoch(train)  [8][1050/1713]  lr: 2.0000e-02  eta: 0:09:11  time: 0.1302  data_time: 0.0074  memory: 1812  loss: nan  loss_rpn_cls: nan  loss_rpn_bbox: nan  s0.loss_cls: nan  s0.acc: 100.0000  s0.loss_bbox: nan  s0.loss_mask: nan  s1.loss_cls: nan  s1.acc: 100.0000  s1.loss_bbox: nan  s1.loss_mask: nan  s2.loss_cls: nan  s2.acc: 100.0000  s2.loss_bbox: nan  s2.loss_mask: nan
2024/01/18 11:59:27 - mmengine - INFO - Epoch(train)  [8][1100/1713]  lr: 2.0000e-02  eta: 0:09:05  time: 0.1291  data_time: 0.0071  memory: 1809  loss: nan  loss_rpn_cls: nan  loss_rpn_bbox: nan  s0.loss_cls: nan  s0.acc: 100.0000  s0.loss_bbox: nan  s0.loss_mask: nan  s1.loss_cls: nan  s1.acc: 100.0000  s1.loss_bbox: nan  s1.loss_mask: nan  s2.loss_cls: nan  s2.acc: 100.0000  s2.loss_bbox: nan  s2.loss_mask: nan
2024/01/18 11:59:33 - mmengine - INFO - Epoch(train)  [8][1150/1713]  lr: 2.0000e-02  eta: 0:08:58  time: 0.1284  data_time: 0.0069  memory: 1809  loss: nan  loss_rpn_cls: nan  loss_rpn_bbox: nan  s0.loss_cls: nan  s0.acc: 100.0000  s0.loss_bbox: nan  s0.loss_mask: nan  s1.loss_cls: nan  s1.acc: 100.0000  s1.loss_bbox: nan  s1.loss_mask: nan  s2.loss_cls: nan  s2.acc: 100.0000  s2.loss_bbox: nan  s2.loss_mask: nan
2024/01/18 11:59:40 - mmengine - INFO - Epoch(train)  [8][1200/1713]  lr: 2.0000e-02  eta: 0:08:51  time: 0.1367  data_time: 0.0072  memory: 1806  loss: nan  loss_rpn_cls: nan  loss_rpn_bbox: nan  s0.loss_cls: nan  s0.acc: 100.0000  s0.loss_bbox: nan  s0.loss_mask: nan  s1.loss_cls: nan  s1.acc: 100.0000  s1.loss_bbox: nan  s1.loss_mask: nan  s2.loss_cls: nan  s2.acc: 100.0000  s2.loss_bbox: nan  s2.loss_mask: nan
2024/01/18 11:59:47 - mmengine - INFO - Epoch(train)  [8][1250/1713]  lr: 2.0000e-02  eta: 0:08:44  time: 0.1297  data_time: 0.0071  memory: 1808  loss: nan  loss_rpn_cls: nan  loss_rpn_bbox: nan  s0.loss_cls: nan  s0.acc: 100.0000  s0.loss_bbox: nan  s0.loss_mask: nan  s1.loss_cls: nan  s1.acc: 100.0000  s1.loss_bbox: nan  s1.loss_mask: nan  s2.loss_cls: nan  s2.acc: 100.0000  s2.loss_bbox: nan  s2.loss_mask: nan
2024/01/18 11:59:53 - mmengine - INFO - Epoch(train)  [8][1300/1713]  lr: 2.0000e-02  eta: 0:08:37  time: 0.1286  data_time: 0.0067  memory: 1808  loss: nan  loss_rpn_cls: nan  loss_rpn_bbox: nan  s0.loss_cls: nan  s0.acc: 100.0000  s0.loss_bbox: nan  s0.loss_mask: nan  s1.loss_cls: nan  s1.acc: 100.0000  s1.loss_bbox: nan  s1.loss_mask: nan  s2.loss_cls: nan  s2.acc: 100.0000  s2.loss_bbox: nan  s2.loss_mask: nan
2024/01/18 11:59:59 - mmengine - INFO - Epoch(train)  [8][1350/1713]  lr: 2.0000e-02  eta: 0:08:31  time: 0.1270  data_time: 0.0066  memory: 1805  loss: nan  loss_rpn_cls: nan  loss_rpn_bbox: nan  s0.loss_cls: nan  s0.acc: 100.0000  s0.loss_bbox: nan  s0.loss_mask: nan  s1.loss_cls: nan  s1.acc: 100.0000  s1.loss_bbox: nan  s1.loss_mask: nan  s2.loss_cls: nan  s2.acc: 100.0000  s2.loss_bbox: nan  s2.loss_mask: nan
2024/01/18 12:00:07 - mmengine - INFO - Epoch(train)  [8][1400/1713]  lr: 2.0000e-02  eta: 0:08:24  time: 0.1437  data_time: 0.0078  memory: 1806  loss: nan  loss_rpn_cls: nan  loss_rpn_bbox: nan  s0.loss_cls: nan  s0.acc: 100.0000  s0.loss_bbox: nan  s0.loss_mask: nan  s1.loss_cls: nan  s1.acc: 100.0000  s1.loss_bbox: nan  s1.loss_mask: nan  s2.loss_cls: nan  s2.acc: 100.0000  s2.loss_bbox: nan  s2.loss_mask: nan
2024/01/18 12:00:14 - mmengine - INFO - Epoch(train)  [8][1450/1713]  lr: 2.0000e-02  eta: 0:08:17  time: 0.1400  data_time: 0.0070  memory: 1806  loss: nan  loss_rpn_cls: nan  loss_rpn_bbox: nan  s0.loss_cls: nan  s0.acc: 100.0000  s0.loss_bbox: nan  s0.loss_mask: nan  s1.loss_cls: nan  s1.acc: 100.0000  s1.loss_bbox: nan  s1.loss_mask: nan  s2.loss_cls: nan  s2.acc: 100.0000  s2.loss_bbox: nan  s2.loss_mask: nan
2024/01/18 12:00:21 - mmengine - INFO - Epoch(train)  [8][1500/1713]  lr: 2.0000e-02  eta: 0:08:11  time: 0.1400  data_time: 0.0075  memory: 1808  loss: nan  loss_rpn_cls: nan  loss_rpn_bbox: nan  s0.loss_cls: nan  s0.acc: 100.0000  s0.loss_bbox: nan  s0.loss_mask: nan  s1.loss_cls: nan  s1.acc: 100.0000  s1.loss_bbox: nan  s1.loss_mask: nan  s2.loss_cls: nan  s2.acc: 100.0000  s2.loss_bbox: nan  s2.loss_mask: nan
2024/01/18 12:00:28 - mmengine - INFO - Epoch(train)  [8][1550/1713]  lr: 2.0000e-02  eta: 0:08:04  time: 0.1420  data_time: 0.0078  memory: 1805  loss: nan  loss_rpn_cls: nan  loss_rpn_bbox: nan  s0.loss_cls: nan  s0.acc: 100.0000  s0.loss_bbox: nan  s0.loss_mask: nan  s1.loss_cls: nan  s1.acc: 100.0000  s1.loss_bbox: nan  s1.loss_mask: nan  s2.loss_cls: nan  s2.acc: 100.0000  s2.loss_bbox: nan  s2.loss_mask: nan
2024/01/18 12:00:35 - mmengine - INFO - Epoch(train)  [8][1600/1713]  lr: 2.0000e-02  eta: 0:07:57  time: 0.1454  data_time: 0.0079  memory: 1807  loss: nan  loss_rpn_cls: nan  loss_rpn_bbox: nan  s0.loss_cls: nan  s0.acc: 100.0000  s0.loss_bbox: nan  s0.loss_mask: nan  s1.loss_cls: nan  s1.acc: 100.0000  s1.loss_bbox: nan  s1.loss_mask: nan  s2.loss_cls: nan  s2.acc: 100.0000  s2.loss_bbox: nan  s2.loss_mask: nan
2024/01/18 12:00:42 - mmengine - INFO - Epoch(train)  [8][1650/1713]  lr: 2.0000e-02  eta: 0:07:51  time: 0.1417  data_time: 0.0080  memory: 1807  loss: nan  loss_rpn_cls: nan  loss_rpn_bbox: nan  s0.loss_cls: nan  s0.acc: 100.0000  s0.loss_bbox: nan  s0.loss_mask: nan  s1.loss_cls: nan  s1.acc: 100.0000  s1.loss_bbox: nan  s1.loss_mask: nan  s2.loss_cls: nan  s2.acc: 100.0000  s2.loss_bbox: nan  s2.loss_mask: nan
2024/01/18 12:00:49 - mmengine - INFO - Epoch(train)  [8][1700/1713]  lr: 2.0000e-02  eta: 0:07:44  time: 0.1326  data_time: 0.0068  memory: 1805  loss: nan  loss_rpn_cls: nan  loss_rpn_bbox: nan  s0.loss_cls: nan  s0.acc: 100.0000  s0.loss_bbox: nan  s0.loss_mask: nan  s1.loss_cls: nan  s1.acc: 100.0000  s1.loss_bbox: nan  s1.loss_mask: nan  s2.loss_cls: nan  s2.acc: 100.0000  s2.loss_bbox: nan  s2.loss_mask: nan
2024/01/18 12:00:51 - mmengine - INFO - Exp name: instance_20240118_112932
2024/01/18 12:00:53 - mmengine - INFO - Epoch(val)  [8][50/71]    eta: 0:00:00  time: 0.0410  data_time: 0.0067  memory: 1731  
2024/01/18 12:00:53 - mmengine - INFO - Evaluating bbox...
2024/01/18 12:00:53 - mmengine - ERROR - /home/hasnatpie/thesis01/mmdetection/mmdet/evaluation/metrics/coco_metric.py - compute_metrics - 465 - The testing results of the whole dataset is empty.
2024/01/18 12:00:53 - mmengine - INFO - Epoch(val) [8][71/71]    data_time: 0.0066  time: 0.0406
2024/01/18 12:01:01 - mmengine - INFO - Epoch(train)  [9][  50/1713]  lr: 2.0000e-02  eta: 0:07:36  time: 0.1505  data_time: 0.0082  memory: 1806  loss: nan  loss_rpn_cls: nan  loss_rpn_bbox: nan  s0.loss_cls: nan  s0.acc: 100.0000  s0.loss_bbox: nan  s0.loss_mask: nan  s1.loss_cls: nan  s1.acc: 100.0000  s1.loss_bbox: nan  s1.loss_mask: nan  s2.loss_cls: nan  s2.acc: 100.0000  s2.loss_bbox: nan  s2.loss_mask: nan
2024/01/18 12:01:08 - mmengine - INFO - Epoch(train)  [9][ 100/1713]  lr: 2.0000e-02  eta: 0:07:29  time: 0.1419  data_time: 0.0080  memory: 1808  loss: nan  loss_rpn_cls: nan  loss_rpn_bbox: nan  s0.loss_cls: nan  s0.acc: 100.0000  s0.loss_bbox: nan  s0.loss_mask: nan  s1.loss_cls: nan  s1.acc: 100.0000  s1.loss_bbox: nan  s1.loss_mask: nan  s2.loss_cls: nan  s2.acc: 100.0000  s2.loss_bbox: nan  s2.loss_mask: nan
2024/01/18 12:01:15 - mmengine - INFO - Epoch(train)  [9][ 150/1713]  lr: 2.0000e-02  eta: 0:07:22  time: 0.1394  data_time: 0.0075  memory: 1808  loss: nan  loss_rpn_cls: nan  loss_rpn_bbox: nan  s0.loss_cls: nan  s0.acc: 100.0000  s0.loss_bbox: nan  s0.loss_mask: nan  s1.loss_cls: nan  s1.acc: 100.0000  s1.loss_bbox: nan  s1.loss_mask: nan  s2.loss_cls: nan  s2.acc: 100.0000  s2.loss_bbox: nan  s2.loss_mask: nan
2024/01/18 12:01:22 - mmengine - INFO - Epoch(train)  [9][ 200/1713]  lr: 2.0000e-02  eta: 0:07:15  time: 0.1345  data_time: 0.0075  memory: 1809  loss: nan  loss_rpn_cls: nan  loss_rpn_bbox: nan  s0.loss_cls: nan  s0.acc: 100.0000  s0.loss_bbox: nan  s0.loss_mask: nan  s1.loss_cls: nan  s1.acc: 100.0000  s1.loss_bbox: nan  s1.loss_mask: nan  s2.loss_cls: nan  s2.acc: 100.0000  s2.loss_bbox: nan  s2.loss_mask: nan
2024/01/18 12:01:29 - mmengine - INFO - Epoch(train)  [9][ 250/1713]  lr: 2.0000e-02  eta: 0:07:09  time: 0.1360  data_time: 0.0075  memory: 1808  loss: nan  loss_rpn_cls: nan  loss_rpn_bbox: nan  s0.loss_cls: nan  s0.acc: 100.0000  s0.loss_bbox: nan  s0.loss_mask: nan  s1.loss_cls: nan  s1.acc: 100.0000  s1.loss_bbox: nan  s1.loss_mask: nan  s2.loss_cls: nan  s2.acc: 100.0000  s2.loss_bbox: nan  s2.loss_mask: nan
2024/01/18 12:01:35 - mmengine - INFO - Exp name: instance_20240118_112932
2024/01/18 12:01:35 - mmengine - INFO - Epoch(train)  [9][ 300/1713]  lr: 2.0000e-02  eta: 0:07:02  time: 0.1368  data_time: 0.0072  memory: 1808  loss: nan  loss_rpn_cls: nan  loss_rpn_bbox: nan  s0.loss_cls: nan  s0.acc: 100.0000  s0.loss_bbox: nan  s0.loss_mask: nan  s1.loss_cls: nan  s1.acc: 100.0000  s1.loss_bbox: nan  s1.loss_mask: nan  s2.loss_cls: nan  s2.acc: 100.0000  s2.loss_bbox: nan  s2.loss_mask: nan
2024/01/18 12:01:42 - mmengine - INFO - Epoch(train)  [9][ 350/1713]  lr: 2.0000e-02  eta: 0:06:55  time: 0.1375  data_time: 0.0081  memory: 1808  loss: nan  loss_rpn_cls: nan  loss_rpn_bbox: nan  s0.loss_cls: nan  s0.acc: 100.0000  s0.loss_bbox: nan  s0.loss_mask: nan  s1.loss_cls: nan  s1.acc: 100.0000  s1.loss_bbox: nan  s1.loss_mask: nan  s2.loss_cls: nan  s2.acc: 100.0000  s2.loss_bbox: nan  s2.loss_mask: nan
2024/01/18 12:01:49 - mmengine - INFO - Epoch(train)  [9][ 400/1713]  lr: 2.0000e-02  eta: 0:06:48  time: 0.1344  data_time: 0.0069  memory: 1806  loss: nan  loss_rpn_cls: nan  loss_rpn_bbox: nan  s0.loss_cls: nan  s0.acc: 100.0000  s0.loss_bbox: nan  s0.loss_mask: nan  s1.loss_cls: nan  s1.acc: 100.0000  s1.loss_bbox: nan  s1.loss_mask: nan  s2.loss_cls: nan  s2.acc: 100.0000  s2.loss_bbox: nan  s2.loss_mask: nan
2024/01/18 12:01:56 - mmengine - INFO - Epoch(train)  [9][ 450/1713]  lr: 2.0000e-02  eta: 0:06:42  time: 0.1385  data_time: 0.0079  memory: 1808  loss: nan  loss_rpn_cls: nan  loss_rpn_bbox: nan  s0.loss_cls: nan  s0.acc: 100.0000  s0.loss_bbox: nan  s0.loss_mask: nan  s1.loss_cls: nan  s1.acc: 100.0000  s1.loss_bbox: nan  s1.loss_mask: nan  s2.loss_cls: nan  s2.acc: 100.0000  s2.loss_bbox: nan  s2.loss_mask: nan
2024/01/18 12:02:03 - mmengine - INFO - Epoch(train)  [9][ 500/1713]  lr: 2.0000e-02  eta: 0:06:35  time: 0.1390  data_time: 0.0081  memory: 1809  loss: nan  loss_rpn_cls: nan  loss_rpn_bbox: nan  s0.loss_cls: nan  s0.acc: 100.0000  s0.loss_bbox: nan  s0.loss_mask: nan  s1.loss_cls: nan  s1.acc: 100.0000  s1.loss_bbox: nan  s1.loss_mask: nan  s2.loss_cls: nan  s2.acc: 100.0000  s2.loss_bbox: nan  s2.loss_mask: nan
2024/01/18 12:02:10 - mmengine - INFO - Epoch(train)  [9][ 550/1713]  lr: 2.0000e-02  eta: 0:06:28  time: 0.1467  data_time: 0.0079  memory: 1809  loss: nan  loss_rpn_cls: nan  loss_rpn_bbox: nan  s0.loss_cls: nan  s0.acc: 100.0000  s0.loss_bbox: nan  s0.loss_mask: nan  s1.loss_cls: nan  s1.acc: 100.0000  s1.loss_bbox: nan  s1.loss_mask: nan  s2.loss_cls: nan  s2.acc: 100.0000  s2.loss_bbox: nan  s2.loss_mask: nan
2024/01/18 12:02:17 - mmengine - INFO - Epoch(train)  [9][ 600/1713]  lr: 2.0000e-02  eta: 0:06:22  time: 0.1334  data_time: 0.0072  memory: 1805  loss: nan  loss_rpn_cls: nan  loss_rpn_bbox: nan  s0.loss_cls: nan  s0.acc: 100.0000  s0.loss_bbox: nan  s0.loss_mask: nan  s1.loss_cls: nan  s1.acc: 100.0000  s1.loss_bbox: nan  s1.loss_mask: nan  s2.loss_cls: nan  s2.acc: 100.0000  s2.loss_bbox: nan  s2.loss_mask: nan
2024/01/18 12:02:24 - mmengine - INFO - Epoch(train)  [9][ 650/1713]  lr: 2.0000e-02  eta: 0:06:15  time: 0.1361  data_time: 0.0071  memory: 1806  loss: nan  loss_rpn_cls: nan  loss_rpn_bbox: nan  s0.loss_cls: nan  s0.acc: 100.0000  s0.loss_bbox: nan  s0.loss_mask: nan  s1.loss_cls: nan  s1.acc: 100.0000  s1.loss_bbox: nan  s1.loss_mask: nan  s2.loss_cls: nan  s2.acc: 100.0000  s2.loss_bbox: nan  s2.loss_mask: nan
2024/01/18 12:02:30 - mmengine - INFO - Epoch(train)  [9][ 700/1713]  lr: 2.0000e-02  eta: 0:06:08  time: 0.1346  data_time: 0.0071  memory: 1808  loss: nan  loss_rpn_cls: nan  loss_rpn_bbox: nan  s0.loss_cls: nan  s0.acc: 100.0000  s0.loss_bbox: nan  s0.loss_mask: nan  s1.loss_cls: nan  s1.acc: 100.0000  s1.loss_bbox: nan  s1.loss_mask: nan  s2.loss_cls: nan  s2.acc: 100.0000  s2.loss_bbox: nan  s2.loss_mask: nan
2024/01/18 12:02:37 - mmengine - INFO - Epoch(train)  [9][ 750/1713]  lr: 2.0000e-02  eta: 0:06:01  time: 0.1387  data_time: 0.0081  memory: 1808  loss: nan  loss_rpn_cls: nan  loss_rpn_bbox: nan  s0.loss_cls: nan  s0.acc: 100.0000  s0.loss_bbox: nan  s0.loss_mask: nan  s1.loss_cls: nan  s1.acc: 100.0000  s1.loss_bbox: nan  s1.loss_mask: nan  s2.loss_cls: nan  s2.acc: 100.0000  s2.loss_bbox: nan  s2.loss_mask: nan
2024/01/18 12:02:44 - mmengine - INFO - Epoch(train)  [9][ 800/1713]  lr: 2.0000e-02  eta: 0:05:55  time: 0.1326  data_time: 0.0070  memory: 1808  loss: nan  loss_rpn_cls: nan  loss_rpn_bbox: nan  s0.loss_cls: nan  s0.acc: 100.0000  s0.loss_bbox: nan  s0.loss_mask: nan  s1.loss_cls: nan  s1.acc: 100.0000  s1.loss_bbox: nan  s1.loss_mask: nan  s2.loss_cls: nan  s2.acc: 100.0000  s2.loss_bbox: nan  s2.loss_mask: nan
2024/01/18 12:02:51 - mmengine - INFO - Epoch(train)  [9][ 850/1713]  lr: 2.0000e-02  eta: 0:05:48  time: 0.1328  data_time: 0.0069  memory: 1805  loss: nan  loss_rpn_cls: nan  loss_rpn_bbox: nan  s0.loss_cls: nan  s0.acc: 100.0000  s0.loss_bbox: nan  s0.loss_mask: nan  s1.loss_cls: nan  s1.acc: 100.0000  s1.loss_bbox: nan  s1.loss_mask: nan  s2.loss_cls: nan  s2.acc: 100.0000  s2.loss_bbox: nan  s2.loss_mask: nan
2024/01/18 12:02:57 - mmengine - INFO - Epoch(train)  [9][ 900/1713]  lr: 2.0000e-02  eta: 0:05:41  time: 0.1331  data_time: 0.0074  memory: 1806  loss: nan  loss_rpn_cls: nan  loss_rpn_bbox: nan  s0.loss_cls: nan  s0.acc: 100.0000  s0.loss_bbox: nan  s0.loss_mask: nan  s1.loss_cls: nan  s1.acc: 100.0000  s1.loss_bbox: nan  s1.loss_mask: nan  s2.loss_cls: nan  s2.acc: 100.0000  s2.loss_bbox: nan  s2.loss_mask: nan
2024/01/18 12:03:04 - mmengine - INFO - Epoch(train)  [9][ 950/1713]  lr: 2.0000e-02  eta: 0:05:34  time: 0.1332  data_time: 0.0070  memory: 1808  loss: nan  loss_rpn_cls: nan  loss_rpn_bbox: nan  s0.loss_cls: nan  s0.acc: 100.0000  s0.loss_bbox: nan  s0.loss_mask: nan  s1.loss_cls: nan  s1.acc: 100.0000  s1.loss_bbox: nan  s1.loss_mask: nan  s2.loss_cls: nan  s2.acc: 100.0000  s2.loss_bbox: nan  s2.loss_mask: nan
2024/01/18 12:03:10 - mmengine - INFO - Epoch(train)  [9][1000/1713]  lr: 2.0000e-02  eta: 0:05:27  time: 0.1306  data_time: 0.0072  memory: 1808  loss: nan  loss_rpn_cls: nan  loss_rpn_bbox: nan  s0.loss_cls: nan  s0.acc: 100.0000  s0.loss_bbox: nan  s0.loss_mask: nan  s1.loss_cls: nan  s1.acc: 100.0000  s1.loss_bbox: nan  s1.loss_mask: nan  s2.loss_cls: nan  s2.acc: 100.0000  s2.loss_bbox: nan  s2.loss_mask: nan
2024/01/18 12:03:17 - mmengine - INFO - Epoch(train)  [9][1050/1713]  lr: 2.0000e-02  eta: 0:05:21  time: 0.1286  data_time: 0.0066  memory: 1808  loss: nan  loss_rpn_cls: nan  loss_rpn_bbox: nan  s0.loss_cls: nan  s0.acc: 100.0000  s0.loss_bbox: nan  s0.loss_mask: nan  s1.loss_cls: nan  s1.acc: 100.0000  s1.loss_bbox: nan  s1.loss_mask: nan  s2.loss_cls: nan  s2.acc: 100.0000  s2.loss_bbox: nan  s2.loss_mask: nan
2024/01/18 12:03:23 - mmengine - INFO - Epoch(train)  [9][1100/1713]  lr: 2.0000e-02  eta: 0:05:14  time: 0.1308  data_time: 0.0069  memory: 1808  loss: nan  loss_rpn_cls: nan  loss_rpn_bbox: nan  s0.loss_cls: nan  s0.acc: 100.0000  s0.loss_bbox: nan  s0.loss_mask: nan  s1.loss_cls: nan  s1.acc: 100.0000  s1.loss_bbox: nan  s1.loss_mask: nan  s2.loss_cls: nan  s2.acc: 100.0000  s2.loss_bbox: nan  s2.loss_mask: nan
2024/01/18 12:03:30 - mmengine - INFO - Epoch(train)  [9][1150/1713]  lr: 2.0000e-02  eta: 0:05:07  time: 0.1282  data_time: 0.0064  memory: 1808  loss: nan  loss_rpn_cls: nan  loss_rpn_bbox: nan  s0.loss_cls: nan  s0.acc: 100.0000  s0.loss_bbox: nan  s0.loss_mask: nan  s1.loss_cls: nan  s1.acc: 100.0000  s1.loss_bbox: nan  s1.loss_mask: nan  s2.loss_cls: nan  s2.acc: 100.0000  s2.loss_bbox: nan  s2.loss_mask: nan
2024/01/18 12:03:36 - mmengine - INFO - Epoch(train)  [9][1200/1713]  lr: 2.0000e-02  eta: 0:05:00  time: 0.1295  data_time: 0.0066  memory: 1808  loss: nan  loss_rpn_cls: nan  loss_rpn_bbox: nan  s0.loss_cls: nan  s0.acc: 100.0000  s0.loss_bbox: nan  s0.loss_mask: nan  s1.loss_cls: nan  s1.acc: 100.0000  s1.loss_bbox: nan  s1.loss_mask: nan  s2.loss_cls: nan  s2.acc: 100.0000  s2.loss_bbox: nan  s2.loss_mask: nan
2024/01/18 12:03:43 - mmengine - INFO - Epoch(train)  [9][1250/1713]  lr: 2.0000e-02  eta: 0:04:53  time: 0.1299  data_time: 0.0066  memory: 1808  loss: nan  loss_rpn_cls: nan  loss_rpn_bbox: nan  s0.loss_cls: nan  s0.acc: 100.0000  s0.loss_bbox: nan  s0.loss_mask: nan  s1.loss_cls: nan  s1.acc: 100.0000  s1.loss_bbox: nan  s1.loss_mask: nan  s2.loss_cls: nan  s2.acc: 100.0000  s2.loss_bbox: nan  s2.loss_mask: nan
2024/01/18 12:03:49 - mmengine - INFO - Exp name: instance_20240118_112932
2024/01/18 12:03:49 - mmengine - INFO - Epoch(train)  [9][1300/1713]  lr: 2.0000e-02  eta: 0:04:47  time: 0.1303  data_time: 0.0071  memory: 1807  loss: nan  loss_rpn_cls: nan  loss_rpn_bbox: nan  s0.loss_cls: nan  s0.acc: 100.0000  s0.loss_bbox: nan  s0.loss_mask: nan  s1.loss_cls: nan  s1.acc: 100.0000  s1.loss_bbox: nan  s1.loss_mask: nan  s2.loss_cls: nan  s2.acc: 100.0000  s2.loss_bbox: nan  s2.loss_mask: nan
2024/01/18 12:03:56 - mmengine - INFO - Epoch(train)  [9][1350/1713]  lr: 2.0000e-02  eta: 0:04:40  time: 0.1292  data_time: 0.0067  memory: 1808  loss: nan  loss_rpn_cls: nan  loss_rpn_bbox: nan  s0.loss_cls: nan  s0.acc: 100.0000  s0.loss_bbox: nan  s0.loss_mask: nan  s1.loss_cls: nan  s1.acc: 100.0000  s1.loss_bbox: nan  s1.loss_mask: nan  s2.loss_cls: nan  s2.acc: 100.0000  s2.loss_bbox: nan  s2.loss_mask: nan
2024/01/18 12:04:03 - mmengine - INFO - Epoch(train)  [9][1400/1713]  lr: 2.0000e-02  eta: 0:04:33  time: 0.1346  data_time: 0.0084  memory: 1808  loss: nan  loss_rpn_cls: nan  loss_rpn_bbox: nan  s0.loss_cls: nan  s0.acc: 100.0000  s0.loss_bbox: nan  s0.loss_mask: nan  s1.loss_cls: nan  s1.acc: 100.0000  s1.loss_bbox: nan  s1.loss_mask: nan  s2.loss_cls: nan  s2.acc: 100.0000  s2.loss_bbox: nan  s2.loss_mask: nan
2024/01/18 12:04:09 - mmengine - INFO - Epoch(train)  [9][1450/1713]  lr: 2.0000e-02  eta: 0:04:26  time: 0.1316  data_time: 0.0071  memory: 1806  loss: nan  loss_rpn_cls: nan  loss_rpn_bbox: nan  s0.loss_cls: nan  s0.acc: 100.0000  s0.loss_bbox: nan  s0.loss_mask: nan  s1.loss_cls: nan  s1.acc: 100.0000  s1.loss_bbox: nan  s1.loss_mask: nan  s2.loss_cls: nan  s2.acc: 100.0000  s2.loss_bbox: nan  s2.loss_mask: nan
2024/01/18 12:04:16 - mmengine - INFO - Epoch(train)  [9][1500/1713]  lr: 2.0000e-02  eta: 0:04:20  time: 0.1313  data_time: 0.0073  memory: 1808  loss: nan  loss_rpn_cls: nan  loss_rpn_bbox: nan  s0.loss_cls: nan  s0.acc: 100.0000  s0.loss_bbox: nan  s0.loss_mask: nan  s1.loss_cls: nan  s1.acc: 100.0000  s1.loss_bbox: nan  s1.loss_mask: nan  s2.loss_cls: nan  s2.acc: 100.0000  s2.loss_bbox: nan  s2.loss_mask: nan
2024/01/18 12:04:22 - mmengine - INFO - Epoch(train)  [9][1550/1713]  lr: 2.0000e-02  eta: 0:04:13  time: 0.1276  data_time: 0.0065  memory: 1808  loss: nan  loss_rpn_cls: nan  loss_rpn_bbox: nan  s0.loss_cls: nan  s0.acc: 100.0000  s0.loss_bbox: nan  s0.loss_mask: nan  s1.loss_cls: nan  s1.acc: 100.0000  s1.loss_bbox: nan  s1.loss_mask: nan  s2.loss_cls: nan  s2.acc: 100.0000  s2.loss_bbox: nan  s2.loss_mask: nan
2024/01/18 12:04:29 - mmengine - INFO - Epoch(train)  [9][1600/1713]  lr: 2.0000e-02  eta: 0:04:06  time: 0.1300  data_time: 0.0067  memory: 1808  loss: nan  loss_rpn_cls: nan  loss_rpn_bbox: nan  s0.loss_cls: nan  s0.acc: 100.0000  s0.loss_bbox: nan  s0.loss_mask: nan  s1.loss_cls: nan  s1.acc: 100.0000  s1.loss_bbox: nan  s1.loss_mask: nan  s2.loss_cls: nan  s2.acc: 100.0000  s2.loss_bbox: nan  s2.loss_mask: nan
2024/01/18 12:04:35 - mmengine - INFO - Epoch(train)  [9][1650/1713]  lr: 2.0000e-02  eta: 0:03:59  time: 0.1266  data_time: 0.0064  memory: 1806  loss: nan  loss_rpn_cls: nan  loss_rpn_bbox: nan  s0.loss_cls: nan  s0.acc: 100.0000  s0.loss_bbox: nan  s0.loss_mask: nan  s1.loss_cls: nan  s1.acc: 100.0000  s1.loss_bbox: nan  s1.loss_mask: nan  s2.loss_cls: nan  s2.acc: 100.0000  s2.loss_bbox: nan  s2.loss_mask: nan
2024/01/18 12:04:41 - mmengine - INFO - Epoch(train)  [9][1700/1713]  lr: 2.0000e-02  eta: 0:03:52  time: 0.1286  data_time: 0.0067  memory: 1808  loss: nan  loss_rpn_cls: nan  loss_rpn_bbox: nan  s0.loss_cls: nan  s0.acc: 100.0000  s0.loss_bbox: nan  s0.loss_mask: nan  s1.loss_cls: nan  s1.acc: 100.0000  s1.loss_bbox: nan  s1.loss_mask: nan  s2.loss_cls: nan  s2.acc: 100.0000  s2.loss_bbox: nan  s2.loss_mask: nan
2024/01/18 12:04:43 - mmengine - INFO - Exp name: instance_20240118_112932
2024/01/18 12:04:45 - mmengine - INFO - Epoch(val)  [9][50/71]    eta: 0:00:00  time: 0.0400  data_time: 0.0074  memory: 1806  
2024/01/18 12:04:46 - mmengine - INFO - Evaluating bbox...
2024/01/18 12:04:46 - mmengine - ERROR - /home/hasnatpie/thesis01/mmdetection/mmdet/evaluation/metrics/coco_metric.py - compute_metrics - 465 - The testing results of the whole dataset is empty.
2024/01/18 12:04:46 - mmengine - INFO - Epoch(val) [9][71/71]    data_time: 0.0067  time: 0.0393
2024/01/18 12:04:53 - mmengine - INFO - Epoch(train) [10][  50/1713]  lr: 2.0000e-03  eta: 0:03:44  time: 0.1326  data_time: 0.0076  memory: 1805  loss: nan  loss_rpn_cls: nan  loss_rpn_bbox: nan  s0.loss_cls: nan  s0.acc: 100.0000  s0.loss_bbox: nan  s0.loss_mask: nan  s1.loss_cls: nan  s1.acc: 100.0000  s1.loss_bbox: nan  s1.loss_mask: nan  s2.loss_cls: nan  s2.acc: 100.0000  s2.loss_bbox: nan  s2.loss_mask: nan
2024/01/18 12:04:59 - mmengine - INFO - Epoch(train) [10][ 100/1713]  lr: 2.0000e-03  eta: 0:03:37  time: 0.1301  data_time: 0.0074  memory: 1809  loss: nan  loss_rpn_cls: nan  loss_rpn_bbox: nan  s0.loss_cls: nan  s0.acc: 100.0000  s0.loss_bbox: nan  s0.loss_mask: nan  s1.loss_cls: nan  s1.acc: 100.0000  s1.loss_bbox: nan  s1.loss_mask: nan  s2.loss_cls: nan  s2.acc: 100.0000  s2.loss_bbox: nan  s2.loss_mask: nan
2024/01/18 12:05:06 - mmengine - INFO - Epoch(train) [10][ 150/1713]  lr: 2.0000e-03  eta: 0:03:30  time: 0.1314  data_time: 0.0068  memory: 1805  loss: nan  loss_rpn_cls: nan  loss_rpn_bbox: nan  s0.loss_cls: nan  s0.acc: 100.0000  s0.loss_bbox: nan  s0.loss_mask: nan  s1.loss_cls: nan  s1.acc: 100.0000  s1.loss_bbox: nan  s1.loss_mask: nan  s2.loss_cls: nan  s2.acc: 100.0000  s2.loss_bbox: nan  s2.loss_mask: nan
2024/01/18 12:05:12 - mmengine - INFO - Epoch(train) [10][ 200/1713]  lr: 2.0000e-03  eta: 0:03:24  time: 0.1318  data_time: 0.0068  memory: 1809  loss: nan  loss_rpn_cls: nan  loss_rpn_bbox: nan  s0.loss_cls: nan  s0.acc: 100.0000  s0.loss_bbox: nan  s0.loss_mask: nan  s1.loss_cls: nan  s1.acc: 100.0000  s1.loss_bbox: nan  s1.loss_mask: nan  s2.loss_cls: nan  s2.acc: 100.0000  s2.loss_bbox: nan  s2.loss_mask: nan
2024/01/18 12:05:19 - mmengine - INFO - Epoch(train) [10][ 250/1713]  lr: 2.0000e-03  eta: 0:03:17  time: 0.1295  data_time: 0.0070  memory: 1811  loss: nan  loss_rpn_cls: nan  loss_rpn_bbox: nan  s0.loss_cls: nan  s0.acc: 100.0000  s0.loss_bbox: nan  s0.loss_mask: nan  s1.loss_cls: nan  s1.acc: 100.0000  s1.loss_bbox: nan  s1.loss_mask: nan  s2.loss_cls: nan  s2.acc: 100.0000  s2.loss_bbox: nan  s2.loss_mask: nan
2024/01/18 12:05:25 - mmengine - INFO - Epoch(train) [10][ 300/1713]  lr: 2.0000e-03  eta: 0:03:10  time: 0.1307  data_time: 0.0071  memory: 1808  loss: nan  loss_rpn_cls: nan  loss_rpn_bbox: nan  s0.loss_cls: nan  s0.acc: 100.0000  s0.loss_bbox: nan  s0.loss_mask: nan  s1.loss_cls: nan  s1.acc: 100.0000  s1.loss_bbox: nan  s1.loss_mask: nan  s2.loss_cls: nan  s2.acc: 100.0000  s2.loss_bbox: nan  s2.loss_mask: nan
2024/01/18 12:05:32 - mmengine - INFO - Epoch(train) [10][ 350/1713]  lr: 2.0000e-03  eta: 0:03:03  time: 0.1308  data_time: 0.0071  memory: 1807  loss: nan  loss_rpn_cls: nan  loss_rpn_bbox: nan  s0.loss_cls: nan  s0.acc: 100.0000  s0.loss_bbox: nan  s0.loss_mask: nan  s1.loss_cls: nan  s1.acc: 100.0000  s1.loss_bbox: nan  s1.loss_mask: nan  s2.loss_cls: nan  s2.acc: 100.0000  s2.loss_bbox: nan  s2.loss_mask: nan
2024/01/18 12:05:38 - mmengine - INFO - Epoch(train) [10][ 400/1713]  lr: 2.0000e-03  eta: 0:02:57  time: 0.1287  data_time: 0.0070  memory: 1806  loss: nan  loss_rpn_cls: nan  loss_rpn_bbox: nan  s0.loss_cls: nan  s0.acc: 100.0000  s0.loss_bbox: nan  s0.loss_mask: nan  s1.loss_cls: nan  s1.acc: 100.0000  s1.loss_bbox: nan  s1.loss_mask: nan  s2.loss_cls: nan  s2.acc: 100.0000  s2.loss_bbox: nan  s2.loss_mask: nan
2024/01/18 12:05:45 - mmengine - INFO - Epoch(train) [10][ 450/1713]  lr: 2.0000e-03  eta: 0:02:50  time: 0.1322  data_time: 0.0075  memory: 1809  loss: nan  loss_rpn_cls: nan  loss_rpn_bbox: nan  s0.loss_cls: nan  s0.acc: 100.0000  s0.loss_bbox: nan  s0.loss_mask: nan  s1.loss_cls: nan  s1.acc: 100.0000  s1.loss_bbox: nan  s1.loss_mask: nan  s2.loss_cls: nan  s2.acc: 100.0000  s2.loss_bbox: nan  s2.loss_mask: nan
2024/01/18 12:05:51 - mmengine - INFO - Epoch(train) [10][ 500/1713]  lr: 2.0000e-03  eta: 0:02:43  time: 0.1297  data_time: 0.0066  memory: 1806  loss: nan  loss_rpn_cls: nan  loss_rpn_bbox: nan  s0.loss_cls: nan  s0.acc: 100.0000  s0.loss_bbox: nan  s0.loss_mask: nan  s1.loss_cls: nan  s1.acc: 100.0000  s1.loss_bbox: nan  s1.loss_mask: nan  s2.loss_cls: nan  s2.acc: 100.0000  s2.loss_bbox: nan  s2.loss_mask: nan
2024/01/18 12:05:58 - mmengine - INFO - Epoch(train) [10][ 550/1713]  lr: 2.0000e-03  eta: 0:02:36  time: 0.1280  data_time: 0.0062  memory: 1807  loss: nan  loss_rpn_cls: nan  loss_rpn_bbox: nan  s0.loss_cls: nan  s0.acc: 100.0000  s0.loss_bbox: nan  s0.loss_mask: nan  s1.loss_cls: nan  s1.acc: 100.0000  s1.loss_bbox: nan  s1.loss_mask: nan  s2.loss_cls: nan  s2.acc: 100.0000  s2.loss_bbox: nan  s2.loss_mask: nan
2024/01/18 12:06:02 - mmengine - INFO - Exp name: instance_20240118_112932
2024/01/18 12:06:04 - mmengine - INFO - Epoch(train) [10][ 600/1713]  lr: 2.0000e-03  eta: 0:02:29  time: 0.1309  data_time: 0.0073  memory: 1807  loss: nan  loss_rpn_cls: nan  loss_rpn_bbox: nan  s0.loss_cls: nan  s0.acc: 100.0000  s0.loss_bbox: nan  s0.loss_mask: nan  s1.loss_cls: nan  s1.acc: 100.0000  s1.loss_bbox: nan  s1.loss_mask: nan  s2.loss_cls: nan  s2.acc: 100.0000  s2.loss_bbox: nan  s2.loss_mask: nan
2024/01/18 12:06:11 - mmengine - INFO - Epoch(train) [10][ 650/1713]  lr: 2.0000e-03  eta: 0:02:23  time: 0.1307  data_time: 0.0069  memory: 1808  loss: nan  loss_rpn_cls: nan  loss_rpn_bbox: nan  s0.loss_cls: nan  s0.acc: 100.0000  s0.loss_bbox: nan  s0.loss_mask: nan  s1.loss_cls: nan  s1.acc: 100.0000  s1.loss_bbox: nan  s1.loss_mask: nan  s2.loss_cls: nan  s2.acc: 100.0000  s2.loss_bbox: nan  s2.loss_mask: nan
2024/01/18 12:06:17 - mmengine - INFO - Epoch(train) [10][ 700/1713]  lr: 2.0000e-03  eta: 0:02:16  time: 0.1330  data_time: 0.0069  memory: 1809  loss: nan  loss_rpn_cls: nan  loss_rpn_bbox: nan  s0.loss_cls: nan  s0.acc: 100.0000  s0.loss_bbox: nan  s0.loss_mask: nan  s1.loss_cls: nan  s1.acc: 100.0000  s1.loss_bbox: nan  s1.loss_mask: nan  s2.loss_cls: nan  s2.acc: 100.0000  s2.loss_bbox: nan  s2.loss_mask: nan
2024/01/18 12:06:24 - mmengine - INFO - Epoch(train) [10][ 750/1713]  lr: 2.0000e-03  eta: 0:02:09  time: 0.1346  data_time: 0.0068  memory: 1807  loss: nan  loss_rpn_cls: nan  loss_rpn_bbox: nan  s0.loss_cls: nan  s0.acc: 100.0000  s0.loss_bbox: nan  s0.loss_mask: nan  s1.loss_cls: nan  s1.acc: 100.0000  s1.loss_bbox: nan  s1.loss_mask: nan  s2.loss_cls: nan  s2.acc: 100.0000  s2.loss_bbox: nan  s2.loss_mask: nan
2024/01/18 12:06:31 - mmengine - INFO - Epoch(train) [10][ 800/1713]  lr: 2.0000e-03  eta: 0:02:02  time: 0.1286  data_time: 0.0063  memory: 1807  loss: nan  loss_rpn_cls: nan  loss_rpn_bbox: nan  s0.loss_cls: nan  s0.acc: 100.0000  s0.loss_bbox: nan  s0.loss_mask: nan  s1.loss_cls: nan  s1.acc: 100.0000  s1.loss_bbox: nan  s1.loss_mask: nan  s2.loss_cls: nan  s2.acc: 100.0000  s2.loss_bbox: nan  s2.loss_mask: nan
2024/01/18 12:06:37 - mmengine - INFO - Epoch(train) [10][ 850/1713]  lr: 2.0000e-03  eta: 0:01:56  time: 0.1297  data_time: 0.0067  memory: 1808  loss: nan  loss_rpn_cls: nan  loss_rpn_bbox: nan  s0.loss_cls: nan  s0.acc: 100.0000  s0.loss_bbox: nan  s0.loss_mask: nan  s1.loss_cls: nan  s1.acc: 100.0000  s1.loss_bbox: nan  s1.loss_mask: nan  s2.loss_cls: nan  s2.acc: 100.0000  s2.loss_bbox: nan  s2.loss_mask: nan
2024/01/18 12:06:44 - mmengine - INFO - Epoch(train) [10][ 900/1713]  lr: 2.0000e-03  eta: 0:01:49  time: 0.1305  data_time: 0.0069  memory: 1806  loss: nan  loss_rpn_cls: nan  loss_rpn_bbox: nan  s0.loss_cls: nan  s0.acc: 100.0000  s0.loss_bbox: nan  s0.loss_mask: nan  s1.loss_cls: nan  s1.acc: 100.0000  s1.loss_bbox: nan  s1.loss_mask: nan  s2.loss_cls: nan  s2.acc: 100.0000  s2.loss_bbox: nan  s2.loss_mask: nan
2024/01/18 12:06:50 - mmengine - INFO - Epoch(train) [10][ 950/1713]  lr: 2.0000e-03  eta: 0:01:42  time: 0.1324  data_time: 0.0074  memory: 1807  loss: nan  loss_rpn_cls: nan  loss_rpn_bbox: nan  s0.loss_cls: nan  s0.acc: 100.0000  s0.loss_bbox: nan  s0.loss_mask: nan  s1.loss_cls: nan  s1.acc: 100.0000  s1.loss_bbox: nan  s1.loss_mask: nan  s2.loss_cls: nan  s2.acc: 100.0000  s2.loss_bbox: nan  s2.loss_mask: nan
2024/01/18 12:06:57 - mmengine - INFO - Epoch(train) [10][1000/1713]  lr: 2.0000e-03  eta: 0:01:36  time: 0.1356  data_time: 0.0075  memory: 1804  loss: nan  loss_rpn_cls: nan  loss_rpn_bbox: nan  s0.loss_cls: nan  s0.acc: 100.0000  s0.loss_bbox: nan  s0.loss_mask: nan  s1.loss_cls: nan  s1.acc: 100.0000  s1.loss_bbox: nan  s1.loss_mask: nan  s2.loss_cls: nan  s2.acc: 100.0000  s2.loss_bbox: nan  s2.loss_mask: nan
2024/01/18 12:07:04 - mmengine - INFO - Epoch(train) [10][1050/1713]  lr: 2.0000e-03  eta: 0:01:29  time: 0.1312  data_time: 0.0066  memory: 1806  loss: nan  loss_rpn_cls: nan  loss_rpn_bbox: nan  s0.loss_cls: nan  s0.acc: 100.0000  s0.loss_bbox: nan  s0.loss_mask: nan  s1.loss_cls: nan  s1.acc: 100.0000  s1.loss_bbox: nan  s1.loss_mask: nan  s2.loss_cls: nan  s2.acc: 100.0000  s2.loss_bbox: nan  s2.loss_mask: nan
2024/01/18 12:07:10 - mmengine - INFO - Epoch(train) [10][1100/1713]  lr: 2.0000e-03  eta: 0:01:22  time: 0.1357  data_time: 0.0075  memory: 1811  loss: nan  loss_rpn_cls: nan  loss_rpn_bbox: nan  s0.loss_cls: nan  s0.acc: 100.0000  s0.loss_bbox: nan  s0.loss_mask: nan  s1.loss_cls: nan  s1.acc: 100.0000  s1.loss_bbox: nan  s1.loss_mask: nan  s2.loss_cls: nan  s2.acc: 100.0000  s2.loss_bbox: nan  s2.loss_mask: nan
2024/01/18 12:07:17 - mmengine - INFO - Epoch(train) [10][1150/1713]  lr: 2.0000e-03  eta: 0:01:15  time: 0.1361  data_time: 0.0072  memory: 1808  loss: nan  loss_rpn_cls: nan  loss_rpn_bbox: nan  s0.loss_cls: nan  s0.acc: 100.0000  s0.loss_bbox: nan  s0.loss_mask: nan  s1.loss_cls: nan  s1.acc: 100.0000  s1.loss_bbox: nan  s1.loss_mask: nan  s2.loss_cls: nan  s2.acc: 100.0000  s2.loss_bbox: nan  s2.loss_mask: nan
2024/01/18 12:07:24 - mmengine - INFO - Epoch(train) [10][1200/1713]  lr: 2.0000e-03  eta: 0:01:09  time: 0.1359  data_time: 0.0069  memory: 1808  loss: nan  loss_rpn_cls: nan  loss_rpn_bbox: nan  s0.loss_cls: nan  s0.acc: 100.0000  s0.loss_bbox: nan  s0.loss_mask: nan  s1.loss_cls: nan  s1.acc: 100.0000  s1.loss_bbox: nan  s1.loss_mask: nan  s2.loss_cls: nan  s2.acc: 100.0000  s2.loss_bbox: nan  s2.loss_mask: nan
2024/01/18 12:07:30 - mmengine - INFO - Epoch(train) [10][1250/1713]  lr: 2.0000e-03  eta: 0:01:02  time: 0.1298  data_time: 0.0068  memory: 1809  loss: nan  loss_rpn_cls: nan  loss_rpn_bbox: nan  s0.loss_cls: nan  s0.acc: 100.0000  s0.loss_bbox: nan  s0.loss_mask: nan  s1.loss_cls: nan  s1.acc: 100.0000  s1.loss_bbox: nan  s1.loss_mask: nan  s2.loss_cls: nan  s2.acc: 100.0000  s2.loss_bbox: nan  s2.loss_mask: nan
2024/01/18 12:07:37 - mmengine - INFO - Epoch(train) [10][1300/1713]  lr: 2.0000e-03  eta: 0:00:55  time: 0.1295  data_time: 0.0064  memory: 1808  loss: nan  loss_rpn_cls: nan  loss_rpn_bbox: nan  s0.loss_cls: nan  s0.acc: 100.0000  s0.loss_bbox: nan  s0.loss_mask: nan  s1.loss_cls: nan  s1.acc: 100.0000  s1.loss_bbox: nan  s1.loss_mask: nan  s2.loss_cls: nan  s2.acc: 100.0000  s2.loss_bbox: nan  s2.loss_mask: nan
2024/01/18 12:07:44 - mmengine - INFO - Epoch(train) [10][1350/1713]  lr: 2.0000e-03  eta: 0:00:48  time: 0.1328  data_time: 0.0073  memory: 1808  loss: nan  loss_rpn_cls: nan  loss_rpn_bbox: nan  s0.loss_cls: nan  s0.acc: 100.0000  s0.loss_bbox: nan  s0.loss_mask: nan  s1.loss_cls: nan  s1.acc: 100.0000  s1.loss_bbox: nan  s1.loss_mask: nan  s2.loss_cls: nan  s2.acc: 100.0000  s2.loss_bbox: nan  s2.loss_mask: nan
2024/01/18 12:07:50 - mmengine - INFO - Epoch(train) [10][1400/1713]  lr: 2.0000e-03  eta: 0:00:42  time: 0.1312  data_time: 0.0071  memory: 1808  loss: nan  loss_rpn_cls: nan  loss_rpn_bbox: nan  s0.loss_cls: nan  s0.acc: 100.0000  s0.loss_bbox: nan  s0.loss_mask: nan  s1.loss_cls: nan  s1.acc: 100.0000  s1.loss_bbox: nan  s1.loss_mask: nan  s2.loss_cls: nan  s2.acc: 100.0000  s2.loss_bbox: nan  s2.loss_mask: nan
2024/01/18 12:07:57 - mmengine - INFO - Epoch(train) [10][1450/1713]  lr: 2.0000e-03  eta: 0:00:35  time: 0.1321  data_time: 0.0069  memory: 1807  loss: nan  loss_rpn_cls: nan  loss_rpn_bbox: nan  s0.loss_cls: nan  s0.acc: 100.0000  s0.loss_bbox: nan  s0.loss_mask: nan  s1.loss_cls: nan  s1.acc: 100.0000  s1.loss_bbox: nan  s1.loss_mask: nan  s2.loss_cls: nan  s2.acc: 100.0000  s2.loss_bbox: nan  s2.loss_mask: nan
2024/01/18 12:08:03 - mmengine - INFO - Epoch(train) [10][1500/1713]  lr: 2.0000e-03  eta: 0:00:28  time: 0.1281  data_time: 0.0064  memory: 1806  loss: nan  loss_rpn_cls: nan  loss_rpn_bbox: nan  s0.loss_cls: nan  s0.acc: 100.0000  s0.loss_bbox: nan  s0.loss_mask: nan  s1.loss_cls: nan  s1.acc: 100.0000  s1.loss_bbox: nan  s1.loss_mask: nan  s2.loss_cls: nan  s2.acc: 100.0000  s2.loss_bbox: nan  s2.loss_mask: nan
2024/01/18 12:08:10 - mmengine - INFO - Epoch(train) [10][1550/1713]  lr: 2.0000e-03  eta: 0:00:21  time: 0.1325  data_time: 0.0073  memory: 1806  loss: nan  loss_rpn_cls: nan  loss_rpn_bbox: nan  s0.loss_cls: nan  s0.acc: 100.0000  s0.loss_bbox: nan  s0.loss_mask: nan  s1.loss_cls: nan  s1.acc: 100.0000  s1.loss_bbox: nan  s1.loss_mask: nan  s2.loss_cls: nan  s2.acc: 100.0000  s2.loss_bbox: nan  s2.loss_mask: nan
2024/01/18 12:08:14 - mmengine - INFO - Exp name: instance_20240118_112932
2024/01/18 12:08:16 - mmengine - INFO - Epoch(train) [10][1600/1713]  lr: 2.0000e-03  eta: 0:00:15  time: 0.1304  data_time: 0.0071  memory: 1806  loss: nan  loss_rpn_cls: nan  loss_rpn_bbox: nan  s0.loss_cls: nan  s0.acc: 100.0000  s0.loss_bbox: nan  s0.loss_mask: nan  s1.loss_cls: nan  s1.acc: 100.0000  s1.loss_bbox: nan  s1.loss_mask: nan  s2.loss_cls: nan  s2.acc: 100.0000  s2.loss_bbox: nan  s2.loss_mask: nan
2024/01/18 12:08:23 - mmengine - INFO - Epoch(train) [10][1650/1713]  lr: 2.0000e-03  eta: 0:00:08  time: 0.1310  data_time: 0.0069  memory: 1806  loss: nan  loss_rpn_cls: nan  loss_rpn_bbox: nan  s0.loss_cls: nan  s0.acc: 100.0000  s0.loss_bbox: nan  s0.loss_mask: nan  s1.loss_cls: nan  s1.acc: 100.0000  s1.loss_bbox: nan  s1.loss_mask: nan  s2.loss_cls: nan  s2.acc: 100.0000  s2.loss_bbox: nan  s2.loss_mask: nan
2024/01/18 12:08:30 - mmengine - INFO - Epoch(train) [10][1700/1713]  lr: 2.0000e-03  eta: 0:00:01  time: 0.1369  data_time: 0.0068  memory: 1807  loss: nan  loss_rpn_cls: nan  loss_rpn_bbox: nan  s0.loss_cls: nan  s0.acc: 100.0000  s0.loss_bbox: nan  s0.loss_mask: nan  s1.loss_cls: nan  s1.acc: 100.0000  s1.loss_bbox: nan  s1.loss_mask: nan  s2.loss_cls: nan  s2.acc: 100.0000  s2.loss_bbox: nan  s2.loss_mask: nan
2024/01/18 12:08:31 - mmengine - INFO - Exp name: instance_20240118_112932
2024/01/18 12:08:31 - mmengine - INFO - Saving checkpoint at 10 epochs
2024/01/18 12:08:36 - mmengine - INFO - Epoch(val) [10][50/71]    eta: 0:00:00  time: 0.0411  data_time: 0.0075  memory: 1805  
2024/01/18 12:08:36 - mmengine - INFO - Evaluating bbox...
2024/01/18 12:08:36 - mmengine - ERROR - /home/hasnatpie/thesis01/mmdetection/mmdet/evaluation/metrics/coco_metric.py - compute_metrics - 465 - The testing results of the whole dataset is empty.
2024/01/18 12:08:36 - mmengine - INFO - Epoch(val) [10][71/71]    data_time: 0.0068  time: 0.0402
