2024/01/15 00:51:10 - mmengine - INFO - 
------------------------------------------------------------
System environment:
    sys.platform: linux
    Python: 3.8.18 (default, Sep 11 2023, 13:40:15) [GCC 11.2.0]
    CUDA available: True
    numpy_random_seed: 75287428
    GPU 0: NVIDIA GeForce RTX 3060 Ti
    CUDA_HOME: None
    GCC: gcc (Ubuntu 11.4.0-1ubuntu1~22.04) 11.4.0
    PyTorch: 2.1.2
    PyTorch compiling details: PyTorch built with:
  - GCC 9.3
  - C++ Version: 201703
  - Intel(R) oneAPI Math Kernel Library Version 2023.1-Product Build 20230303 for Intel(R) 64 architecture applications
  - Intel(R) MKL-DNN v3.1.1 (Git Hash 64f6bcbcbab628e96f33a62c3e975f8535a7bde4)
  - OpenMP 201511 (a.k.a. OpenMP 4.5)
  - LAPACK is enabled (usually provided by MKL)
  - NNPACK is enabled
  - CPU capability usage: AVX2
  - CUDA Runtime 12.1
  - NVCC architecture flags: -gencode;arch=compute_50,code=sm_50;-gencode;arch=compute_60,code=sm_60;-gencode;arch=compute_61,code=sm_61;-gencode;arch=compute_70,code=sm_70;-gencode;arch=compute_75,code=sm_75;-gencode;arch=compute_80,code=sm_80;-gencode;arch=compute_86,code=sm_86;-gencode;arch=compute_90,code=sm_90
  - CuDNN 8.9.2
  - Magma 2.6.1
  - Build settings: BLAS_INFO=mkl, BUILD_TYPE=Release, CUDA_VERSION=12.1, CUDNN_VERSION=8.9.2, CXX_COMPILER=/opt/rh/devtoolset-9/root/usr/bin/c++, CXX_FLAGS= -D_GLIBCXX_USE_CXX11_ABI=0 -fabi-version=11 -fvisibility-inlines-hidden -DUSE_PTHREADPOOL -DNDEBUG -DUSE_KINETO -DLIBKINETO_NOROCTRACER -DUSE_FBGEMM -DUSE_QNNPACK -DUSE_PYTORCH_QNNPACK -DUSE_XNNPACK -DSYMBOLICATE_MOBILE_DEBUG_HANDLE -O2 -fPIC -Wall -Wextra -Werror=return-type -Werror=non-virtual-dtor -Werror=bool-operation -Wnarrowing -Wno-missing-field-initializers -Wno-type-limits -Wno-array-bounds -Wno-unknown-pragmas -Wno-unused-parameter -Wno-unused-function -Wno-unused-result -Wno-strict-overflow -Wno-strict-aliasing -Wno-stringop-overflow -Wno-psabi -Wno-error=pedantic -Wno-error=old-style-cast -Wno-invalid-partial-specialization -Wno-unused-private-field -Wno-aligned-allocation-unavailable -Wno-missing-braces -fdiagnostics-color=always -faligned-new -Wno-unused-but-set-variable -Wno-maybe-uninitialized -fno-math-errno -fno-trapping-math -Werror=format -Werror=cast-function-type -Wno-stringop-overflow, LAPACK_INFO=mkl, PERF_WITH_AVX=1, PERF_WITH_AVX2=1, PERF_WITH_AVX512=1, TORCH_DISABLE_GPU_ASSERTS=ON, TORCH_VERSION=2.1.2, USE_CUDA=ON, USE_CUDNN=ON, USE_EXCEPTION_PTR=1, USE_GFLAGS=OFF, USE_GLOG=OFF, USE_MKL=ON, USE_MKLDNN=ON, USE_MPI=OFF, USE_NCCL=ON, USE_NNPACK=ON, USE_OPENMP=ON, USE_ROCM=OFF, 

    TorchVision: 0.16.2
    OpenCV: 4.9.0
    MMEngine: 0.10.2

Runtime environment:
    cudnn_benchmark: False
    dist_cfg: {'backend': 'nccl'}
    mp_cfg: {'mp_start_method': 'fork', 'opencv_num_threads': 0}
    seed: 75287428
    Distributed launcher: none
    Distributed training: False
    GPU number: 1
------------------------------------------------------------

2024/01/15 00:51:10 - mmengine - INFO - Config:
auto_scale_lr = dict(base_batch_size=16, enable=False)
backend_args = None
classes = ('seedling', )
data_root = '/home/hasnatpie/thesis01/seedling_mm/'
dataset_type = 'CocoDataset'
default_hooks = dict(
    checkpoint=dict(
        rule='greater', save_best='coco/bbox_mAP', type='CheckpointHook'),
    logger=dict(interval=50, type='LoggerHook'),
    param_scheduler=dict(type='ParamSchedulerHook'),
    sampler_seed=dict(type='DistSamplerSeedHook'),
    timer=dict(type='IterTimerHook'),
    visualization=dict(
        draw=True,
        test_out_dir=
        '/home/hasnatpie/thesis01/results_spikenet20/test_results/test_images',
        type='DetVisualizationHook'))
default_scope = 'mmdet'
env_cfg = dict(
    cudnn_benchmark=False,
    dist_cfg=dict(backend='nccl'),
    mp_cfg=dict(mp_start_method='fork', opencv_num_threads=0))
launcher = 'none'
load_from = '/home/hasnatpie/thesis01/results_spikenet20/best_coco_bbox_mAP_epoch_13.pth'
log_level = 'INFO'
log_processor = dict(by_epoch=True, type='LogProcessor', window_size=50)
model = dict(
    backbone=dict(
        dcn=dict(deform_groups=1, fallback_on_stride=False, type='DCN'),
        depth=50,
        frozen_stages=1,
        init_cfg=dict(checkpoint='torchvision://resnet50', type='Pretrained'),
        norm_cfg=dict(requires_grad=True, type='BN'),
        norm_eval=True,
        num_stages=4,
        out_indices=(
            0,
            1,
            2,
            3,
        ),
        stage_with_dcn=(
            False,
            True,
            True,
            True,
        ),
        style='pytorch',
        type='ResNet'),
    data_preprocessor=dict(
        bgr_to_rgb=True,
        mean=[
            123.675,
            116.28,
            103.53,
        ],
        pad_mask=True,
        pad_size_divisor=32,
        std=[
            58.395,
            57.12,
            57.375,
        ],
        type='DetDataPreprocessor'),
    neck=[
        dict(
            in_channels=[
                256,
                512,
                1024,
                2048,
            ],
            num_outs=5,
            out_channels=256,
            type='FPN'),
        dict(in_channels=256, num_levels=5, type='BFP'),
    ],
    roi_head=dict(
        bbox_head=[
            dict(
                bbox_coder=dict(
                    num_buckets=14,
                    scale_factor=1.7,
                    type='BucketingBBoxCoder'),
                cls_in_channels=256,
                cls_out_channels=1024,
                loss_bbox_cls=dict(
                    loss_weight=1.0, type='CrossEntropyLoss',
                    use_sigmoid=True),
                loss_bbox_reg=dict(
                    beta=0.1, loss_weight=1.0, type='SmoothL1Loss'),
                loss_cls=dict(
                    loss_weight=1.0,
                    type='CrossEntropyLoss',
                    use_sigmoid=False),
                norm_cfg=None,
                num_classes=1,
                num_cls_fcs=1,
                num_reg_fcs=0,
                reg_class_agnostic=True,
                reg_cls_out_channels=256,
                reg_feat_up_ratio=2,
                reg_in_channels=256,
                reg_offset_out_channels=256,
                reg_post_kernel=3,
                reg_post_num=1,
                reg_pre_kernel=3,
                reg_pre_num=2,
                roi_feat_size=7,
                type='SABLHead'),
            dict(
                bbox_coder=dict(
                    num_buckets=14,
                    scale_factor=1.5,
                    type='BucketingBBoxCoder'),
                cls_in_channels=256,
                cls_out_channels=1024,
                loss_bbox_cls=dict(
                    loss_weight=1.0, type='CrossEntropyLoss',
                    use_sigmoid=True),
                loss_bbox_reg=dict(
                    beta=0.1, loss_weight=1.0, type='SmoothL1Loss'),
                loss_cls=dict(
                    loss_weight=1.0,
                    type='CrossEntropyLoss',
                    use_sigmoid=False),
                norm_cfg=None,
                num_classes=1,
                num_cls_fcs=1,
                num_reg_fcs=0,
                reg_class_agnostic=True,
                reg_cls_out_channels=256,
                reg_feat_up_ratio=2,
                reg_in_channels=256,
                reg_offset_out_channels=256,
                reg_post_kernel=3,
                reg_post_num=1,
                reg_pre_kernel=3,
                reg_pre_num=2,
                roi_feat_size=7,
                type='SABLHead'),
            dict(
                bbox_coder=dict(
                    num_buckets=14,
                    scale_factor=1.3,
                    type='BucketingBBoxCoder'),
                cls_in_channels=256,
                cls_out_channels=1024,
                loss_bbox_cls=dict(
                    loss_weight=1.0, type='CrossEntropyLoss',
                    use_sigmoid=True),
                loss_bbox_reg=dict(
                    beta=0.1, loss_weight=1.0, type='SmoothL1Loss'),
                loss_cls=dict(
                    loss_weight=1.0,
                    type='CrossEntropyLoss',
                    use_sigmoid=False),
                norm_cfg=None,
                num_classes=1,
                num_cls_fcs=1,
                num_reg_fcs=0,
                reg_class_agnostic=True,
                reg_cls_out_channels=256,
                reg_feat_up_ratio=2,
                reg_in_channels=256,
                reg_offset_out_channels=256,
                reg_post_kernel=3,
                reg_post_num=1,
                reg_pre_kernel=3,
                reg_pre_num=2,
                roi_feat_size=7,
                type='SABLHead'),
        ],
        bbox_roi_extractor=dict(
            aggregation='sum',
            featmap_strides=[
                4,
                8,
                16,
                32,
            ],
            out_channels=256,
            post_cfg=dict(
                attention_type='0100',
                in_channels=256,
                kv_stride=2,
                num_heads=6,
                spatial_range=-1,
                type='GeneralizedAttention'),
            pre_cfg=dict(
                in_channels=256,
                inplace=False,
                kernel_size=5,
                out_channels=256,
                padding=2,
                type='ConvModule'),
            roi_layer=dict(output_size=7, sampling_ratio=2, type='RoIAlign'),
            type='GenericRoIExtractor'),
        mask_head=dict(
            conv_out_channels=256,
            in_channels=256,
            loss_mask=dict(
                loss_weight=1.0, type='CrossEntropyLoss', use_mask=True),
            num_classes=1,
            num_convs=4,
            type='FCNMaskHead'),
        mask_roi_extractor=dict(
            featmap_strides=[
                4,
                8,
                16,
                32,
            ],
            out_channels=256,
            post_cfg=dict(
                attention_type='0100',
                in_channels=256,
                kv_stride=2,
                num_heads=6,
                spatial_range=-1,
                type='GeneralizedAttention'),
            pre_cfg=dict(
                in_channels=256,
                inplace=False,
                kernel_size=5,
                out_channels=256,
                padding=2,
                type='ConvModule'),
            roi_layer=dict(output_size=14, sampling_ratio=2, type='RoIAlign'),
            type='GenericRoIExtractor'),
        num_stages=3,
        stage_loss_weights=[
            1,
            0.5,
            0.25,
        ],
        type='CascadeRoIHead'),
    rpn_head=dict(
        anchor_generator=dict(
            ratios=[
                0.5,
                1.0,
                2.0,
            ],
            scales=[
                8,
            ],
            strides=[
                4,
                8,
                16,
                32,
                64,
            ],
            type='AnchorGenerator'),
        bbox_coder=dict(
            target_means=[
                0.0,
                0.0,
                0.0,
                0.0,
            ],
            target_stds=[
                1.0,
                1.0,
                1.0,
                1.0,
            ],
            type='DeltaXYWHBBoxCoder'),
        feat_channels=256,
        in_channels=256,
        loss_bbox=dict(
            beta=0.1111111111111111, loss_weight=1.0, type='SmoothL1Loss'),
        loss_cls=dict(
            loss_weight=1.0, type='CrossEntropyLoss', use_sigmoid=True),
        type='RPNHead'),
    test_cfg=dict(
        rcnn=dict(
            mask_thr_binary=0.5,
            max_per_img=100,
            nms=dict(iou_threshold=0.5, type='nms'),
            score_thr=0.5),
        rpn=dict(
            max_per_img=1000,
            min_bbox_size=0,
            nms=dict(iou_threshold=0.7, type='nms'),
            nms_pre=1000)),
    train_cfg=dict(
        rcnn=[
            dict(
                assigner=dict(
                    ignore_iof_thr=-1,
                    match_low_quality=False,
                    min_pos_iou=0.5,
                    neg_iou_thr=0.5,
                    pos_iou_thr=0.5,
                    type='MaxIoUAssigner'),
                debug=False,
                mask_size=28,
                pos_weight=-1,
                sampler=dict(
                    add_gt_as_proposals=True,
                    neg_pos_ub=-1,
                    num=512,
                    pos_fraction=0.25,
                    type='RandomSampler')),
            dict(
                assigner=dict(
                    ignore_iof_thr=-1,
                    match_low_quality=False,
                    min_pos_iou=0.6,
                    neg_iou_thr=0.6,
                    pos_iou_thr=0.6,
                    type='MaxIoUAssigner'),
                debug=False,
                mask_size=28,
                pos_weight=-1,
                sampler=dict(
                    add_gt_as_proposals=True,
                    neg_pos_ub=-1,
                    num=512,
                    pos_fraction=0.25,
                    type='RandomSampler')),
            dict(
                assigner=dict(
                    ignore_iof_thr=-1,
                    match_low_quality=False,
                    min_pos_iou=0.7,
                    neg_iou_thr=0.7,
                    pos_iou_thr=0.7,
                    type='MaxIoUAssigner'),
                debug=False,
                mask_size=28,
                pos_weight=-1,
                sampler=dict(
                    add_gt_as_proposals=True,
                    neg_pos_ub=-1,
                    num=512,
                    pos_fraction=0.25,
                    type='RandomSampler')),
        ],
        rpn=dict(
            allowed_border=0,
            assigner=dict(
                ignore_iof_thr=-1,
                match_low_quality=True,
                min_pos_iou=0.5,
                neg_iou_thr=0.5,
                pos_iou_thr=0.7,
                type='MaxIoUAssigner'),
            debug=False,
            pos_weight=-1,
            sampler=dict(
                add_gt_as_proposals=False,
                neg_pos_ub=-1,
                num=256,
                pos_fraction=0.5,
                type='RandomSampler')),
        rpn_proposal=dict(
            max_per_img=2000,
            min_bbox_size=0,
            nms=dict(iou_threshold=0.7, type='nms'),
            nms_pre=2000)),
    type='CascadeRCNN')
optim_wrapper = dict(
    optimizer=dict(lr=0.02, momentum=0.9, type='SGD', weight_decay=0.0001),
    type='OptimWrapper')
palette = [
    (
        240,
        10,
        10,
    ),
]
param_scheduler = [
    dict(
        begin=0, by_epoch=False, end=500, start_factor=0.001, type='LinearLR'),
    dict(
        begin=0,
        by_epoch=True,
        end=12,
        gamma=0.1,
        milestones=[
            9,
            11,
        ],
        type='MultiStepLR'),
]
resume = True
test_cfg = dict(type='TestLoop')
test_dataloader = dict(
    batch_size=1,
    dataset=dict(
        ann_file='annotations/test_coco.json',
        backend_args=None,
        data_prefix=dict(img='test/'),
        data_root='/home/hasnatpie/thesis01/seedling_mm/',
        pipeline=[
            dict(backend_args=None, type='LoadImageFromFile'),
            dict(keep_ratio=True, scale=(
                1333,
                800,
            ), type='Resize'),
            dict(type='LoadAnnotations', with_bbox=True, with_mask=True),
            dict(
                meta_keys=(
                    'img_id',
                    'img_path',
                    'ori_shape',
                    'img_shape',
                    'scale_factor',
                ),
                type='PackDetInputs'),
        ],
        test_mode=True,
        type='CocoDataset'),
    drop_last=False,
    num_workers=2,
    persistent_workers=True,
    sampler=dict(shuffle=False, type='DefaultSampler'))
test_evaluator = dict(
    ann_file='/home/hasnatpie/thesis01/seedling_mm/annotations/test_coco.json',
    backend_args=None,
    metric='bbox',
    type='CocoMetric')
test_pipeline = [
    dict(backend_args=None, type='LoadImageFromFile'),
    dict(keep_ratio=True, scale=(
        1333,
        800,
    ), type='Resize'),
    dict(type='LoadAnnotations', with_bbox=True, with_mask=True),
    dict(
        meta_keys=(
            'img_id',
            'img_path',
            'ori_shape',
            'img_shape',
            'scale_factor',
        ),
        type='PackDetInputs'),
]
train_cfg = dict(max_epochs=20, type='EpochBasedTrainLoop', val_interval=1)
train_dataloader = dict(
    batch_sampler=dict(type='AspectRatioBatchSampler'),
    batch_size=1,
    dataset=dict(
        dataset=dict(
            ann_file='annotations/train_coco.json',
            backend_args=None,
            data_prefix=dict(img='train/'),
            data_root='/home/hasnatpie/thesis01/seedling_mm/',
            filter_cfg=dict(filter_empty_gt=True, min_size=32),
            pipeline=[
                dict(backend_args=None, type='LoadImageFromFile'),
                dict(type='LoadAnnotations', with_bbox=True, with_mask=True),
                dict(
                    keep_ratio=True,
                    scale=[
                        (
                            1333,
                            640,
                        ),
                        (
                            1333,
                            800,
                        ),
                    ],
                    type='RandomResize'),
                dict(prob=0.5, type='RandomFlip'),
                dict(type='PackDetInputs'),
            ],
            type='CocoDataset'),
        times=3,
        type='RepeatDataset'),
    num_workers=2,
    persistent_workers=True,
    sampler=dict(shuffle=True, type='DefaultSampler'))
train_pipeline = [
    dict(backend_args=None, type='LoadImageFromFile'),
    dict(type='LoadAnnotations', with_bbox=True, with_mask=True),
    dict(
        keep_ratio=True,
        scale=[
            (
                1333,
                640,
            ),
            (
                1333,
                800,
            ),
        ],
        type='RandomResize'),
    dict(prob=0.5, type='RandomFlip'),
    dict(type='PackDetInputs'),
]
val_cfg = dict(type='ValLoop')
val_dataloader = dict(
    batch_size=1,
    dataset=dict(
        ann_file='annotations/val_coco.json',
        backend_args=None,
        data_prefix=dict(img='valid/'),
        data_root='/home/hasnatpie/thesis01/seedling_mm/',
        pipeline=[
            dict(backend_args=None, type='LoadImageFromFile'),
            dict(keep_ratio=True, scale=(
                1333,
                800,
            ), type='Resize'),
            dict(type='LoadAnnotations', with_bbox=True, with_mask=True),
            dict(
                meta_keys=(
                    'img_id',
                    'img_path',
                    'ori_shape',
                    'img_shape',
                    'scale_factor',
                ),
                type='PackDetInputs'),
        ],
        test_mode=True,
        type='CocoDataset'),
    drop_last=False,
    num_workers=2,
    persistent_workers=True,
    sampler=dict(shuffle=False, type='DefaultSampler'))
val_evaluator = dict(
    ann_file='/home/hasnatpie/thesis01/seedling_mm/annotations/val_coco.json',
    backend_args=None,
    metric='bbox',
    type='CocoMetric')
vis_backends = [
    dict(type='LocalVisBackend'),
    dict(type='TensorboardVisBackend'),
]
visualizer = dict(
    name='visualizer',
    type='DetLocalVisualizer',
    vis_backends=[
        dict(type='LocalVisBackend'),
        dict(type='TensorboardVisBackend'),
    ])
work_dir = '/home/hasnatpie/thesis01/results_spikenet20'

2024/01/15 00:51:14 - mmengine - INFO - Distributed training is not used, all SyncBatchNorm (SyncBN) layers in the model will be automatically reverted to BatchNormXd layers if they are used.
2024/01/15 00:51:14 - mmengine - INFO - Hooks will be executed in the following order:
before_run:
(VERY_HIGH   ) RuntimeInfoHook                    
(BELOW_NORMAL) LoggerHook                         
 -------------------- 
before_train:
(VERY_HIGH   ) RuntimeInfoHook                    
(NORMAL      ) IterTimerHook                      
(VERY_LOW    ) CheckpointHook                     
 -------------------- 
before_train_epoch:
(VERY_HIGH   ) RuntimeInfoHook                    
(NORMAL      ) IterTimerHook                      
(NORMAL      ) DistSamplerSeedHook                
 -------------------- 
before_train_iter:
(VERY_HIGH   ) RuntimeInfoHook                    
(NORMAL      ) IterTimerHook                      
 -------------------- 
after_train_iter:
(VERY_HIGH   ) RuntimeInfoHook                    
(NORMAL      ) IterTimerHook                      
(BELOW_NORMAL) LoggerHook                         
(LOW         ) ParamSchedulerHook                 
(VERY_LOW    ) CheckpointHook                     
 -------------------- 
after_train_epoch:
(NORMAL      ) IterTimerHook                      
(LOW         ) ParamSchedulerHook                 
(VERY_LOW    ) CheckpointHook                     
 -------------------- 
before_val:
(VERY_HIGH   ) RuntimeInfoHook                    
 -------------------- 
before_val_epoch:
(NORMAL      ) IterTimerHook                      
 -------------------- 
before_val_iter:
(NORMAL      ) IterTimerHook                      
 -------------------- 
after_val_iter:
(NORMAL      ) IterTimerHook                      
(NORMAL      ) DetVisualizationHook               
(BELOW_NORMAL) LoggerHook                         
 -------------------- 
after_val_epoch:
(VERY_HIGH   ) RuntimeInfoHook                    
(NORMAL      ) IterTimerHook                      
(BELOW_NORMAL) LoggerHook                         
(LOW         ) ParamSchedulerHook                 
(VERY_LOW    ) CheckpointHook                     
 -------------------- 
after_val:
(VERY_HIGH   ) RuntimeInfoHook                    
 -------------------- 
after_train:
(VERY_HIGH   ) RuntimeInfoHook                    
(VERY_LOW    ) CheckpointHook                     
 -------------------- 
before_test:
(VERY_HIGH   ) RuntimeInfoHook                    
 -------------------- 
before_test_epoch:
(NORMAL      ) IterTimerHook                      
 -------------------- 
before_test_iter:
(NORMAL      ) IterTimerHook                      
 -------------------- 
after_test_iter:
(NORMAL      ) IterTimerHook                      
(NORMAL      ) DetVisualizationHook               
(BELOW_NORMAL) LoggerHook                         
 -------------------- 
after_test_epoch:
(VERY_HIGH   ) RuntimeInfoHook                    
(NORMAL      ) IterTimerHook                      
(BELOW_NORMAL) LoggerHook                         
 -------------------- 
after_test:
(VERY_HIGH   ) RuntimeInfoHook                    
 -------------------- 
after_run:
(BELOW_NORMAL) LoggerHook                         
 -------------------- 
2024/01/15 00:51:15 - mmengine - INFO - load model from: torchvision://resnet50
2024/01/15 00:51:15 - mmengine - INFO - Loads checkpoint by torchvision backend from path: torchvision://resnet50
2024/01/15 00:51:15 - mmengine - WARNING - The model and loaded state dict do not match exactly

unexpected key in source state_dict: fc.weight, fc.bias

missing keys in source state_dict: layer2.0.conv2.conv_offset.weight, layer2.0.conv2.conv_offset.bias, layer2.1.conv2.conv_offset.weight, layer2.1.conv2.conv_offset.bias, layer2.2.conv2.conv_offset.weight, layer2.2.conv2.conv_offset.bias, layer2.3.conv2.conv_offset.weight, layer2.3.conv2.conv_offset.bias, layer3.0.conv2.conv_offset.weight, layer3.0.conv2.conv_offset.bias, layer3.1.conv2.conv_offset.weight, layer3.1.conv2.conv_offset.bias, layer3.2.conv2.conv_offset.weight, layer3.2.conv2.conv_offset.bias, layer3.3.conv2.conv_offset.weight, layer3.3.conv2.conv_offset.bias, layer3.4.conv2.conv_offset.weight, layer3.4.conv2.conv_offset.bias, layer3.5.conv2.conv_offset.weight, layer3.5.conv2.conv_offset.bias, layer4.0.conv2.conv_offset.weight, layer4.0.conv2.conv_offset.bias, layer4.1.conv2.conv_offset.weight, layer4.1.conv2.conv_offset.bias, layer4.2.conv2.conv_offset.weight, layer4.2.conv2.conv_offset.bias

Name of parameter - Initialization information

backbone.conv1.weight - torch.Size([64, 3, 7, 7]): 
PretrainedInit: load from torchvision://resnet50 

backbone.bn1.weight - torch.Size([64]): 
PretrainedInit: load from torchvision://resnet50 

backbone.bn1.bias - torch.Size([64]): 
PretrainedInit: load from torchvision://resnet50 

backbone.layer1.0.conv1.weight - torch.Size([64, 64, 1, 1]): 
PretrainedInit: load from torchvision://resnet50 

backbone.layer1.0.bn1.weight - torch.Size([64]): 
PretrainedInit: load from torchvision://resnet50 

backbone.layer1.0.bn1.bias - torch.Size([64]): 
PretrainedInit: load from torchvision://resnet50 

backbone.layer1.0.conv2.weight - torch.Size([64, 64, 3, 3]): 
PretrainedInit: load from torchvision://resnet50 

backbone.layer1.0.bn2.weight - torch.Size([64]): 
PretrainedInit: load from torchvision://resnet50 

backbone.layer1.0.bn2.bias - torch.Size([64]): 
PretrainedInit: load from torchvision://resnet50 

backbone.layer1.0.conv3.weight - torch.Size([256, 64, 1, 1]): 
PretrainedInit: load from torchvision://resnet50 

backbone.layer1.0.bn3.weight - torch.Size([256]): 
PretrainedInit: load from torchvision://resnet50 

backbone.layer1.0.bn3.bias - torch.Size([256]): 
PretrainedInit: load from torchvision://resnet50 

backbone.layer1.0.downsample.0.weight - torch.Size([256, 64, 1, 1]): 
PretrainedInit: load from torchvision://resnet50 

backbone.layer1.0.downsample.1.weight - torch.Size([256]): 
PretrainedInit: load from torchvision://resnet50 

backbone.layer1.0.downsample.1.bias - torch.Size([256]): 
PretrainedInit: load from torchvision://resnet50 

backbone.layer1.1.conv1.weight - torch.Size([64, 256, 1, 1]): 
PretrainedInit: load from torchvision://resnet50 

backbone.layer1.1.bn1.weight - torch.Size([64]): 
PretrainedInit: load from torchvision://resnet50 

backbone.layer1.1.bn1.bias - torch.Size([64]): 
PretrainedInit: load from torchvision://resnet50 

backbone.layer1.1.conv2.weight - torch.Size([64, 64, 3, 3]): 
PretrainedInit: load from torchvision://resnet50 

backbone.layer1.1.bn2.weight - torch.Size([64]): 
PretrainedInit: load from torchvision://resnet50 

backbone.layer1.1.bn2.bias - torch.Size([64]): 
PretrainedInit: load from torchvision://resnet50 

backbone.layer1.1.conv3.weight - torch.Size([256, 64, 1, 1]): 
PretrainedInit: load from torchvision://resnet50 

backbone.layer1.1.bn3.weight - torch.Size([256]): 
PretrainedInit: load from torchvision://resnet50 

backbone.layer1.1.bn3.bias - torch.Size([256]): 
PretrainedInit: load from torchvision://resnet50 

backbone.layer1.2.conv1.weight - torch.Size([64, 256, 1, 1]): 
PretrainedInit: load from torchvision://resnet50 

backbone.layer1.2.bn1.weight - torch.Size([64]): 
PretrainedInit: load from torchvision://resnet50 

backbone.layer1.2.bn1.bias - torch.Size([64]): 
PretrainedInit: load from torchvision://resnet50 

backbone.layer1.2.conv2.weight - torch.Size([64, 64, 3, 3]): 
PretrainedInit: load from torchvision://resnet50 

backbone.layer1.2.bn2.weight - torch.Size([64]): 
PretrainedInit: load from torchvision://resnet50 

backbone.layer1.2.bn2.bias - torch.Size([64]): 
PretrainedInit: load from torchvision://resnet50 

backbone.layer1.2.conv3.weight - torch.Size([256, 64, 1, 1]): 
PretrainedInit: load from torchvision://resnet50 

backbone.layer1.2.bn3.weight - torch.Size([256]): 
PretrainedInit: load from torchvision://resnet50 

backbone.layer1.2.bn3.bias - torch.Size([256]): 
PretrainedInit: load from torchvision://resnet50 

backbone.layer2.0.conv1.weight - torch.Size([128, 256, 1, 1]): 
PretrainedInit: load from torchvision://resnet50 

backbone.layer2.0.bn1.weight - torch.Size([128]): 
PretrainedInit: load from torchvision://resnet50 

backbone.layer2.0.bn1.bias - torch.Size([128]): 
PretrainedInit: load from torchvision://resnet50 

backbone.layer2.0.conv2.weight - torch.Size([128, 128, 3, 3]): 
PretrainedInit: load from torchvision://resnet50 

backbone.layer2.0.conv2.conv_offset.weight - torch.Size([18, 128, 3, 3]): 
The value is the same before and after calling `init_weights` of CascadeRCNN  

backbone.layer2.0.conv2.conv_offset.bias - torch.Size([18]): 
The value is the same before and after calling `init_weights` of CascadeRCNN  

backbone.layer2.0.bn2.weight - torch.Size([128]): 
PretrainedInit: load from torchvision://resnet50 

backbone.layer2.0.bn2.bias - torch.Size([128]): 
PretrainedInit: load from torchvision://resnet50 

backbone.layer2.0.conv3.weight - torch.Size([512, 128, 1, 1]): 
PretrainedInit: load from torchvision://resnet50 

backbone.layer2.0.bn3.weight - torch.Size([512]): 
PretrainedInit: load from torchvision://resnet50 

backbone.layer2.0.bn3.bias - torch.Size([512]): 
PretrainedInit: load from torchvision://resnet50 

backbone.layer2.0.downsample.0.weight - torch.Size([512, 256, 1, 1]): 
PretrainedInit: load from torchvision://resnet50 

backbone.layer2.0.downsample.1.weight - torch.Size([512]): 
PretrainedInit: load from torchvision://resnet50 

backbone.layer2.0.downsample.1.bias - torch.Size([512]): 
PretrainedInit: load from torchvision://resnet50 

backbone.layer2.1.conv1.weight - torch.Size([128, 512, 1, 1]): 
PretrainedInit: load from torchvision://resnet50 

backbone.layer2.1.bn1.weight - torch.Size([128]): 
PretrainedInit: load from torchvision://resnet50 

backbone.layer2.1.bn1.bias - torch.Size([128]): 
PretrainedInit: load from torchvision://resnet50 

backbone.layer2.1.conv2.weight - torch.Size([128, 128, 3, 3]): 
PretrainedInit: load from torchvision://resnet50 

backbone.layer2.1.conv2.conv_offset.weight - torch.Size([18, 128, 3, 3]): 
The value is the same before and after calling `init_weights` of CascadeRCNN  

backbone.layer2.1.conv2.conv_offset.bias - torch.Size([18]): 
The value is the same before and after calling `init_weights` of CascadeRCNN  

backbone.layer2.1.bn2.weight - torch.Size([128]): 
PretrainedInit: load from torchvision://resnet50 

backbone.layer2.1.bn2.bias - torch.Size([128]): 
PretrainedInit: load from torchvision://resnet50 

backbone.layer2.1.conv3.weight - torch.Size([512, 128, 1, 1]): 
PretrainedInit: load from torchvision://resnet50 

backbone.layer2.1.bn3.weight - torch.Size([512]): 
PretrainedInit: load from torchvision://resnet50 

backbone.layer2.1.bn3.bias - torch.Size([512]): 
PretrainedInit: load from torchvision://resnet50 

backbone.layer2.2.conv1.weight - torch.Size([128, 512, 1, 1]): 
PretrainedInit: load from torchvision://resnet50 

backbone.layer2.2.bn1.weight - torch.Size([128]): 
PretrainedInit: load from torchvision://resnet50 

backbone.layer2.2.bn1.bias - torch.Size([128]): 
PretrainedInit: load from torchvision://resnet50 

backbone.layer2.2.conv2.weight - torch.Size([128, 128, 3, 3]): 
PretrainedInit: load from torchvision://resnet50 

backbone.layer2.2.conv2.conv_offset.weight - torch.Size([18, 128, 3, 3]): 
The value is the same before and after calling `init_weights` of CascadeRCNN  

backbone.layer2.2.conv2.conv_offset.bias - torch.Size([18]): 
The value is the same before and after calling `init_weights` of CascadeRCNN  

backbone.layer2.2.bn2.weight - torch.Size([128]): 
PretrainedInit: load from torchvision://resnet50 

backbone.layer2.2.bn2.bias - torch.Size([128]): 
PretrainedInit: load from torchvision://resnet50 

backbone.layer2.2.conv3.weight - torch.Size([512, 128, 1, 1]): 
PretrainedInit: load from torchvision://resnet50 

backbone.layer2.2.bn3.weight - torch.Size([512]): 
PretrainedInit: load from torchvision://resnet50 

backbone.layer2.2.bn3.bias - torch.Size([512]): 
PretrainedInit: load from torchvision://resnet50 

backbone.layer2.3.conv1.weight - torch.Size([128, 512, 1, 1]): 
PretrainedInit: load from torchvision://resnet50 

backbone.layer2.3.bn1.weight - torch.Size([128]): 
PretrainedInit: load from torchvision://resnet50 

backbone.layer2.3.bn1.bias - torch.Size([128]): 
PretrainedInit: load from torchvision://resnet50 

backbone.layer2.3.conv2.weight - torch.Size([128, 128, 3, 3]): 
PretrainedInit: load from torchvision://resnet50 

backbone.layer2.3.conv2.conv_offset.weight - torch.Size([18, 128, 3, 3]): 
The value is the same before and after calling `init_weights` of CascadeRCNN  

backbone.layer2.3.conv2.conv_offset.bias - torch.Size([18]): 
The value is the same before and after calling `init_weights` of CascadeRCNN  

backbone.layer2.3.bn2.weight - torch.Size([128]): 
PretrainedInit: load from torchvision://resnet50 

backbone.layer2.3.bn2.bias - torch.Size([128]): 
PretrainedInit: load from torchvision://resnet50 

backbone.layer2.3.conv3.weight - torch.Size([512, 128, 1, 1]): 
PretrainedInit: load from torchvision://resnet50 

backbone.layer2.3.bn3.weight - torch.Size([512]): 
PretrainedInit: load from torchvision://resnet50 

backbone.layer2.3.bn3.bias - torch.Size([512]): 
PretrainedInit: load from torchvision://resnet50 

backbone.layer3.0.conv1.weight - torch.Size([256, 512, 1, 1]): 
PretrainedInit: load from torchvision://resnet50 

backbone.layer3.0.bn1.weight - torch.Size([256]): 
PretrainedInit: load from torchvision://resnet50 

backbone.layer3.0.bn1.bias - torch.Size([256]): 
PretrainedInit: load from torchvision://resnet50 

backbone.layer3.0.conv2.weight - torch.Size([256, 256, 3, 3]): 
PretrainedInit: load from torchvision://resnet50 

backbone.layer3.0.conv2.conv_offset.weight - torch.Size([18, 256, 3, 3]): 
The value is the same before and after calling `init_weights` of CascadeRCNN  

backbone.layer3.0.conv2.conv_offset.bias - torch.Size([18]): 
The value is the same before and after calling `init_weights` of CascadeRCNN  

backbone.layer3.0.bn2.weight - torch.Size([256]): 
PretrainedInit: load from torchvision://resnet50 

backbone.layer3.0.bn2.bias - torch.Size([256]): 
PretrainedInit: load from torchvision://resnet50 

backbone.layer3.0.conv3.weight - torch.Size([1024, 256, 1, 1]): 
PretrainedInit: load from torchvision://resnet50 

backbone.layer3.0.bn3.weight - torch.Size([1024]): 
PretrainedInit: load from torchvision://resnet50 

backbone.layer3.0.bn3.bias - torch.Size([1024]): 
PretrainedInit: load from torchvision://resnet50 

backbone.layer3.0.downsample.0.weight - torch.Size([1024, 512, 1, 1]): 
PretrainedInit: load from torchvision://resnet50 

backbone.layer3.0.downsample.1.weight - torch.Size([1024]): 
PretrainedInit: load from torchvision://resnet50 

backbone.layer3.0.downsample.1.bias - torch.Size([1024]): 
PretrainedInit: load from torchvision://resnet50 

backbone.layer3.1.conv1.weight - torch.Size([256, 1024, 1, 1]): 
PretrainedInit: load from torchvision://resnet50 

backbone.layer3.1.bn1.weight - torch.Size([256]): 
PretrainedInit: load from torchvision://resnet50 

backbone.layer3.1.bn1.bias - torch.Size([256]): 
PretrainedInit: load from torchvision://resnet50 

backbone.layer3.1.conv2.weight - torch.Size([256, 256, 3, 3]): 
PretrainedInit: load from torchvision://resnet50 

backbone.layer3.1.conv2.conv_offset.weight - torch.Size([18, 256, 3, 3]): 
The value is the same before and after calling `init_weights` of CascadeRCNN  

backbone.layer3.1.conv2.conv_offset.bias - torch.Size([18]): 
The value is the same before and after calling `init_weights` of CascadeRCNN  

backbone.layer3.1.bn2.weight - torch.Size([256]): 
PretrainedInit: load from torchvision://resnet50 

backbone.layer3.1.bn2.bias - torch.Size([256]): 
PretrainedInit: load from torchvision://resnet50 

backbone.layer3.1.conv3.weight - torch.Size([1024, 256, 1, 1]): 
PretrainedInit: load from torchvision://resnet50 

backbone.layer3.1.bn3.weight - torch.Size([1024]): 
PretrainedInit: load from torchvision://resnet50 

backbone.layer3.1.bn3.bias - torch.Size([1024]): 
PretrainedInit: load from torchvision://resnet50 

backbone.layer3.2.conv1.weight - torch.Size([256, 1024, 1, 1]): 
PretrainedInit: load from torchvision://resnet50 

backbone.layer3.2.bn1.weight - torch.Size([256]): 
PretrainedInit: load from torchvision://resnet50 

backbone.layer3.2.bn1.bias - torch.Size([256]): 
PretrainedInit: load from torchvision://resnet50 

backbone.layer3.2.conv2.weight - torch.Size([256, 256, 3, 3]): 
PretrainedInit: load from torchvision://resnet50 

backbone.layer3.2.conv2.conv_offset.weight - torch.Size([18, 256, 3, 3]): 
The value is the same before and after calling `init_weights` of CascadeRCNN  

backbone.layer3.2.conv2.conv_offset.bias - torch.Size([18]): 
The value is the same before and after calling `init_weights` of CascadeRCNN  

backbone.layer3.2.bn2.weight - torch.Size([256]): 
PretrainedInit: load from torchvision://resnet50 

backbone.layer3.2.bn2.bias - torch.Size([256]): 
PretrainedInit: load from torchvision://resnet50 

backbone.layer3.2.conv3.weight - torch.Size([1024, 256, 1, 1]): 
PretrainedInit: load from torchvision://resnet50 

backbone.layer3.2.bn3.weight - torch.Size([1024]): 
PretrainedInit: load from torchvision://resnet50 

backbone.layer3.2.bn3.bias - torch.Size([1024]): 
PretrainedInit: load from torchvision://resnet50 

backbone.layer3.3.conv1.weight - torch.Size([256, 1024, 1, 1]): 
PretrainedInit: load from torchvision://resnet50 

backbone.layer3.3.bn1.weight - torch.Size([256]): 
PretrainedInit: load from torchvision://resnet50 

backbone.layer3.3.bn1.bias - torch.Size([256]): 
PretrainedInit: load from torchvision://resnet50 

backbone.layer3.3.conv2.weight - torch.Size([256, 256, 3, 3]): 
PretrainedInit: load from torchvision://resnet50 

backbone.layer3.3.conv2.conv_offset.weight - torch.Size([18, 256, 3, 3]): 
The value is the same before and after calling `init_weights` of CascadeRCNN  

backbone.layer3.3.conv2.conv_offset.bias - torch.Size([18]): 
The value is the same before and after calling `init_weights` of CascadeRCNN  

backbone.layer3.3.bn2.weight - torch.Size([256]): 
PretrainedInit: load from torchvision://resnet50 

backbone.layer3.3.bn2.bias - torch.Size([256]): 
PretrainedInit: load from torchvision://resnet50 

backbone.layer3.3.conv3.weight - torch.Size([1024, 256, 1, 1]): 
PretrainedInit: load from torchvision://resnet50 

backbone.layer3.3.bn3.weight - torch.Size([1024]): 
PretrainedInit: load from torchvision://resnet50 

backbone.layer3.3.bn3.bias - torch.Size([1024]): 
PretrainedInit: load from torchvision://resnet50 

backbone.layer3.4.conv1.weight - torch.Size([256, 1024, 1, 1]): 
PretrainedInit: load from torchvision://resnet50 

backbone.layer3.4.bn1.weight - torch.Size([256]): 
PretrainedInit: load from torchvision://resnet50 

backbone.layer3.4.bn1.bias - torch.Size([256]): 
PretrainedInit: load from torchvision://resnet50 

backbone.layer3.4.conv2.weight - torch.Size([256, 256, 3, 3]): 
PretrainedInit: load from torchvision://resnet50 

backbone.layer3.4.conv2.conv_offset.weight - torch.Size([18, 256, 3, 3]): 
The value is the same before and after calling `init_weights` of CascadeRCNN  

backbone.layer3.4.conv2.conv_offset.bias - torch.Size([18]): 
The value is the same before and after calling `init_weights` of CascadeRCNN  

backbone.layer3.4.bn2.weight - torch.Size([256]): 
PretrainedInit: load from torchvision://resnet50 

backbone.layer3.4.bn2.bias - torch.Size([256]): 
PretrainedInit: load from torchvision://resnet50 

backbone.layer3.4.conv3.weight - torch.Size([1024, 256, 1, 1]): 
PretrainedInit: load from torchvision://resnet50 

backbone.layer3.4.bn3.weight - torch.Size([1024]): 
PretrainedInit: load from torchvision://resnet50 

backbone.layer3.4.bn3.bias - torch.Size([1024]): 
PretrainedInit: load from torchvision://resnet50 

backbone.layer3.5.conv1.weight - torch.Size([256, 1024, 1, 1]): 
PretrainedInit: load from torchvision://resnet50 

backbone.layer3.5.bn1.weight - torch.Size([256]): 
PretrainedInit: load from torchvision://resnet50 

backbone.layer3.5.bn1.bias - torch.Size([256]): 
PretrainedInit: load from torchvision://resnet50 

backbone.layer3.5.conv2.weight - torch.Size([256, 256, 3, 3]): 
PretrainedInit: load from torchvision://resnet50 

backbone.layer3.5.conv2.conv_offset.weight - torch.Size([18, 256, 3, 3]): 
The value is the same before and after calling `init_weights` of CascadeRCNN  

backbone.layer3.5.conv2.conv_offset.bias - torch.Size([18]): 
The value is the same before and after calling `init_weights` of CascadeRCNN  

backbone.layer3.5.bn2.weight - torch.Size([256]): 
PretrainedInit: load from torchvision://resnet50 

backbone.layer3.5.bn2.bias - torch.Size([256]): 
PretrainedInit: load from torchvision://resnet50 

backbone.layer3.5.conv3.weight - torch.Size([1024, 256, 1, 1]): 
PretrainedInit: load from torchvision://resnet50 

backbone.layer3.5.bn3.weight - torch.Size([1024]): 
PretrainedInit: load from torchvision://resnet50 

backbone.layer3.5.bn3.bias - torch.Size([1024]): 
PretrainedInit: load from torchvision://resnet50 

backbone.layer4.0.conv1.weight - torch.Size([512, 1024, 1, 1]): 
PretrainedInit: load from torchvision://resnet50 

backbone.layer4.0.bn1.weight - torch.Size([512]): 
PretrainedInit: load from torchvision://resnet50 

backbone.layer4.0.bn1.bias - torch.Size([512]): 
PretrainedInit: load from torchvision://resnet50 

backbone.layer4.0.conv2.weight - torch.Size([512, 512, 3, 3]): 
PretrainedInit: load from torchvision://resnet50 

backbone.layer4.0.conv2.conv_offset.weight - torch.Size([18, 512, 3, 3]): 
The value is the same before and after calling `init_weights` of CascadeRCNN  

backbone.layer4.0.conv2.conv_offset.bias - torch.Size([18]): 
The value is the same before and after calling `init_weights` of CascadeRCNN  

backbone.layer4.0.bn2.weight - torch.Size([512]): 
PretrainedInit: load from torchvision://resnet50 

backbone.layer4.0.bn2.bias - torch.Size([512]): 
PretrainedInit: load from torchvision://resnet50 

backbone.layer4.0.conv3.weight - torch.Size([2048, 512, 1, 1]): 
PretrainedInit: load from torchvision://resnet50 

backbone.layer4.0.bn3.weight - torch.Size([2048]): 
PretrainedInit: load from torchvision://resnet50 

backbone.layer4.0.bn3.bias - torch.Size([2048]): 
PretrainedInit: load from torchvision://resnet50 

backbone.layer4.0.downsample.0.weight - torch.Size([2048, 1024, 1, 1]): 
PretrainedInit: load from torchvision://resnet50 

backbone.layer4.0.downsample.1.weight - torch.Size([2048]): 
PretrainedInit: load from torchvision://resnet50 

backbone.layer4.0.downsample.1.bias - torch.Size([2048]): 
PretrainedInit: load from torchvision://resnet50 

backbone.layer4.1.conv1.weight - torch.Size([512, 2048, 1, 1]): 
PretrainedInit: load from torchvision://resnet50 

backbone.layer4.1.bn1.weight - torch.Size([512]): 
PretrainedInit: load from torchvision://resnet50 

backbone.layer4.1.bn1.bias - torch.Size([512]): 
PretrainedInit: load from torchvision://resnet50 

backbone.layer4.1.conv2.weight - torch.Size([512, 512, 3, 3]): 
PretrainedInit: load from torchvision://resnet50 

backbone.layer4.1.conv2.conv_offset.weight - torch.Size([18, 512, 3, 3]): 
The value is the same before and after calling `init_weights` of CascadeRCNN  

backbone.layer4.1.conv2.conv_offset.bias - torch.Size([18]): 
The value is the same before and after calling `init_weights` of CascadeRCNN  

backbone.layer4.1.bn2.weight - torch.Size([512]): 
PretrainedInit: load from torchvision://resnet50 

backbone.layer4.1.bn2.bias - torch.Size([512]): 
PretrainedInit: load from torchvision://resnet50 

backbone.layer4.1.conv3.weight - torch.Size([2048, 512, 1, 1]): 
PretrainedInit: load from torchvision://resnet50 

backbone.layer4.1.bn3.weight - torch.Size([2048]): 
PretrainedInit: load from torchvision://resnet50 

backbone.layer4.1.bn3.bias - torch.Size([2048]): 
PretrainedInit: load from torchvision://resnet50 

backbone.layer4.2.conv1.weight - torch.Size([512, 2048, 1, 1]): 
PretrainedInit: load from torchvision://resnet50 

backbone.layer4.2.bn1.weight - torch.Size([512]): 
PretrainedInit: load from torchvision://resnet50 

backbone.layer4.2.bn1.bias - torch.Size([512]): 
PretrainedInit: load from torchvision://resnet50 

backbone.layer4.2.conv2.weight - torch.Size([512, 512, 3, 3]): 
PretrainedInit: load from torchvision://resnet50 

backbone.layer4.2.conv2.conv_offset.weight - torch.Size([18, 512, 3, 3]): 
The value is the same before and after calling `init_weights` of CascadeRCNN  

backbone.layer4.2.conv2.conv_offset.bias - torch.Size([18]): 
The value is the same before and after calling `init_weights` of CascadeRCNN  

backbone.layer4.2.bn2.weight - torch.Size([512]): 
PretrainedInit: load from torchvision://resnet50 

backbone.layer4.2.bn2.bias - torch.Size([512]): 
PretrainedInit: load from torchvision://resnet50 

backbone.layer4.2.conv3.weight - torch.Size([2048, 512, 1, 1]): 
PretrainedInit: load from torchvision://resnet50 

backbone.layer4.2.bn3.weight - torch.Size([2048]): 
PretrainedInit: load from torchvision://resnet50 

backbone.layer4.2.bn3.bias - torch.Size([2048]): 
PretrainedInit: load from torchvision://resnet50 

neck.0.lateral_convs.0.conv.weight - torch.Size([256, 256, 1, 1]): 
XavierInit: gain=1, distribution=uniform, bias=0 

neck.0.lateral_convs.0.conv.bias - torch.Size([256]): 
The value is the same before and after calling `init_weights` of CascadeRCNN  

neck.0.lateral_convs.1.conv.weight - torch.Size([256, 512, 1, 1]): 
XavierInit: gain=1, distribution=uniform, bias=0 

neck.0.lateral_convs.1.conv.bias - torch.Size([256]): 
The value is the same before and after calling `init_weights` of CascadeRCNN  

neck.0.lateral_convs.2.conv.weight - torch.Size([256, 1024, 1, 1]): 
XavierInit: gain=1, distribution=uniform, bias=0 

neck.0.lateral_convs.2.conv.bias - torch.Size([256]): 
The value is the same before and after calling `init_weights` of CascadeRCNN  

neck.0.lateral_convs.3.conv.weight - torch.Size([256, 2048, 1, 1]): 
XavierInit: gain=1, distribution=uniform, bias=0 

neck.0.lateral_convs.3.conv.bias - torch.Size([256]): 
The value is the same before and after calling `init_weights` of CascadeRCNN  

neck.0.fpn_convs.0.conv.weight - torch.Size([256, 256, 3, 3]): 
XavierInit: gain=1, distribution=uniform, bias=0 

neck.0.fpn_convs.0.conv.bias - torch.Size([256]): 
The value is the same before and after calling `init_weights` of CascadeRCNN  

neck.0.fpn_convs.1.conv.weight - torch.Size([256, 256, 3, 3]): 
XavierInit: gain=1, distribution=uniform, bias=0 

neck.0.fpn_convs.1.conv.bias - torch.Size([256]): 
The value is the same before and after calling `init_weights` of CascadeRCNN  

neck.0.fpn_convs.2.conv.weight - torch.Size([256, 256, 3, 3]): 
XavierInit: gain=1, distribution=uniform, bias=0 

neck.0.fpn_convs.2.conv.bias - torch.Size([256]): 
The value is the same before and after calling `init_weights` of CascadeRCNN  

neck.0.fpn_convs.3.conv.weight - torch.Size([256, 256, 3, 3]): 
XavierInit: gain=1, distribution=uniform, bias=0 

neck.0.fpn_convs.3.conv.bias - torch.Size([256]): 
The value is the same before and after calling `init_weights` of CascadeRCNN  

rpn_head.rpn_conv.weight - torch.Size([256, 256, 3, 3]): 
NormalInit: mean=0, std=0.01, bias=0 

rpn_head.rpn_conv.bias - torch.Size([256]): 
NormalInit: mean=0, std=0.01, bias=0 

rpn_head.rpn_cls.weight - torch.Size([3, 256, 1, 1]): 
NormalInit: mean=0, std=0.01, bias=0 

rpn_head.rpn_cls.bias - torch.Size([3]): 
NormalInit: mean=0, std=0.01, bias=0 

rpn_head.rpn_reg.weight - torch.Size([12, 256, 1, 1]): 
NormalInit: mean=0, std=0.01, bias=0 

rpn_head.rpn_reg.bias - torch.Size([12]): 
NormalInit: mean=0, std=0.01, bias=0 

roi_head.bbox_roi_extractor.0.post_module.gamma - torch.Size([1]): 
The value is the same before and after calling `init_weights` of CascadeRCNN  

roi_head.bbox_roi_extractor.0.post_module.query_conv.weight - torch.Size([252, 256, 1, 1]): 
Initialized by user-defined `init_weights` in GeneralizedAttention  

roi_head.bbox_roi_extractor.0.post_module.value_conv.weight - torch.Size([252, 256, 1, 1]): 
Initialized by user-defined `init_weights` in GeneralizedAttention  

roi_head.bbox_roi_extractor.0.post_module.appr_geom_fc_x.weight - torch.Size([252, 128]): 
Initialized by user-defined `init_weights` in GeneralizedAttention  

roi_head.bbox_roi_extractor.0.post_module.appr_geom_fc_y.weight - torch.Size([252, 128]): 
Initialized by user-defined `init_weights` in GeneralizedAttention  

roi_head.bbox_roi_extractor.0.post_module.proj_conv.weight - torch.Size([256, 252, 1, 1]): 
Initialized by user-defined `init_weights` in GeneralizedAttention  

roi_head.bbox_roi_extractor.0.post_module.proj_conv.bias - torch.Size([256]): 
The value is the same before and after calling `init_weights` of CascadeRCNN  

roi_head.bbox_roi_extractor.0.pre_module.conv.weight - torch.Size([256, 256, 5, 5]): 
Initialized by user-defined `init_weights` in ConvModule  

roi_head.bbox_roi_extractor.0.pre_module.conv.bias - torch.Size([256]): 
The value is the same before and after calling `init_weights` of CascadeRCNN  

roi_head.bbox_roi_extractor.1.post_module.gamma - torch.Size([1]): 
The value is the same before and after calling `init_weights` of CascadeRCNN  

roi_head.bbox_roi_extractor.1.post_module.query_conv.weight - torch.Size([252, 256, 1, 1]): 
Initialized by user-defined `init_weights` in GeneralizedAttention  

roi_head.bbox_roi_extractor.1.post_module.value_conv.weight - torch.Size([252, 256, 1, 1]): 
Initialized by user-defined `init_weights` in GeneralizedAttention  

roi_head.bbox_roi_extractor.1.post_module.appr_geom_fc_x.weight - torch.Size([252, 128]): 
Initialized by user-defined `init_weights` in GeneralizedAttention  

roi_head.bbox_roi_extractor.1.post_module.appr_geom_fc_y.weight - torch.Size([252, 128]): 
Initialized by user-defined `init_weights` in GeneralizedAttention  

roi_head.bbox_roi_extractor.1.post_module.proj_conv.weight - torch.Size([256, 252, 1, 1]): 
Initialized by user-defined `init_weights` in GeneralizedAttention  

roi_head.bbox_roi_extractor.1.post_module.proj_conv.bias - torch.Size([256]): 
The value is the same before and after calling `init_weights` of CascadeRCNN  

roi_head.bbox_roi_extractor.1.pre_module.conv.weight - torch.Size([256, 256, 5, 5]): 
Initialized by user-defined `init_weights` in ConvModule  

roi_head.bbox_roi_extractor.1.pre_module.conv.bias - torch.Size([256]): 
The value is the same before and after calling `init_weights` of CascadeRCNN  

roi_head.bbox_roi_extractor.2.post_module.gamma - torch.Size([1]): 
The value is the same before and after calling `init_weights` of CascadeRCNN  

roi_head.bbox_roi_extractor.2.post_module.query_conv.weight - torch.Size([252, 256, 1, 1]): 
Initialized by user-defined `init_weights` in GeneralizedAttention  

roi_head.bbox_roi_extractor.2.post_module.value_conv.weight - torch.Size([252, 256, 1, 1]): 
Initialized by user-defined `init_weights` in GeneralizedAttention  

roi_head.bbox_roi_extractor.2.post_module.appr_geom_fc_x.weight - torch.Size([252, 128]): 
Initialized by user-defined `init_weights` in GeneralizedAttention  

roi_head.bbox_roi_extractor.2.post_module.appr_geom_fc_y.weight - torch.Size([252, 128]): 
Initialized by user-defined `init_weights` in GeneralizedAttention  

roi_head.bbox_roi_extractor.2.post_module.proj_conv.weight - torch.Size([256, 252, 1, 1]): 
Initialized by user-defined `init_weights` in GeneralizedAttention  

roi_head.bbox_roi_extractor.2.post_module.proj_conv.bias - torch.Size([256]): 
The value is the same before and after calling `init_weights` of CascadeRCNN  

roi_head.bbox_roi_extractor.2.pre_module.conv.weight - torch.Size([256, 256, 5, 5]): 
Initialized by user-defined `init_weights` in ConvModule  

roi_head.bbox_roi_extractor.2.pre_module.conv.bias - torch.Size([256]): 
The value is the same before and after calling `init_weights` of CascadeRCNN  

roi_head.bbox_head.0.cls_fcs.0.weight - torch.Size([1024, 12544]): 
XavierInit: gain=1, distribution=uniform, bias=0 

roi_head.bbox_head.0.cls_fcs.0.bias - torch.Size([1024]): 
XavierInit: gain=1, distribution=uniform, bias=0 

roi_head.bbox_head.0.upsample_x.weight - torch.Size([256, 256, 2]): 
KaimingInit: a=0, mode=fan_out, nonlinearity=relu, distribution =normal, bias=0 

roi_head.bbox_head.0.upsample_x.bias - torch.Size([256]): 
KaimingInit: a=0, mode=fan_out, nonlinearity=relu, distribution =normal, bias=0 

roi_head.bbox_head.0.upsample_y.weight - torch.Size([256, 256, 2]): 
KaimingInit: a=0, mode=fan_out, nonlinearity=relu, distribution =normal, bias=0 

roi_head.bbox_head.0.upsample_y.bias - torch.Size([256]): 
KaimingInit: a=0, mode=fan_out, nonlinearity=relu, distribution =normal, bias=0 

roi_head.bbox_head.0.reg_pre_convs.0.conv.weight - torch.Size([256, 256, 3, 3]): 
The value is the same before and after calling `init_weights` of CascadeRCNN  

roi_head.bbox_head.0.reg_pre_convs.0.conv.bias - torch.Size([256]): 
The value is the same before and after calling `init_weights` of CascadeRCNN  

roi_head.bbox_head.0.reg_pre_convs.1.conv.weight - torch.Size([256, 256, 3, 3]): 
The value is the same before and after calling `init_weights` of CascadeRCNN  

roi_head.bbox_head.0.reg_pre_convs.1.conv.bias - torch.Size([256]): 
The value is the same before and after calling `init_weights` of CascadeRCNN  

roi_head.bbox_head.0.reg_post_conv_xs.0.conv.weight - torch.Size([256, 256, 1, 3]): 
The value is the same before and after calling `init_weights` of CascadeRCNN  

roi_head.bbox_head.0.reg_post_conv_xs.0.conv.bias - torch.Size([256]): 
The value is the same before and after calling `init_weights` of CascadeRCNN  

roi_head.bbox_head.0.reg_post_conv_ys.0.conv.weight - torch.Size([256, 256, 3, 1]): 
The value is the same before and after calling `init_weights` of CascadeRCNN  

roi_head.bbox_head.0.reg_post_conv_ys.0.conv.bias - torch.Size([256]): 
The value is the same before and after calling `init_weights` of CascadeRCNN  

roi_head.bbox_head.0.reg_conv_att_x.weight - torch.Size([1, 256, 1, 1]): 
NormalInit: mean=0, std=0.01, bias=0 

roi_head.bbox_head.0.reg_conv_att_x.bias - torch.Size([1]): 
NormalInit: mean=0, std=0.01, bias=0 

roi_head.bbox_head.0.reg_conv_att_y.weight - torch.Size([1, 256, 1, 1]): 
NormalInit: mean=0, std=0.01, bias=0 

roi_head.bbox_head.0.reg_conv_att_y.bias - torch.Size([1]): 
NormalInit: mean=0, std=0.01, bias=0 

roi_head.bbox_head.0.fc_cls.weight - torch.Size([2, 1024]): 
NormalInit: mean=0, std=0.01, bias=0 

roi_head.bbox_head.0.fc_cls.bias - torch.Size([2]): 
XavierInit: gain=1, distribution=uniform, bias=0 

roi_head.bbox_head.0.fc_reg_cls.weight - torch.Size([1, 256]): 
NormalInit: mean=0, std=0.01, bias=0 

roi_head.bbox_head.0.fc_reg_cls.bias - torch.Size([1]): 
XavierInit: gain=1, distribution=uniform, bias=0 

roi_head.bbox_head.0.fc_reg_offset.weight - torch.Size([1, 256]): 
NormalInit: mean=0, std=0.001, bias=0 

roi_head.bbox_head.0.fc_reg_offset.bias - torch.Size([1]): 
XavierInit: gain=1, distribution=uniform, bias=0 

roi_head.bbox_head.1.cls_fcs.0.weight - torch.Size([1024, 12544]): 
XavierInit: gain=1, distribution=uniform, bias=0 

roi_head.bbox_head.1.cls_fcs.0.bias - torch.Size([1024]): 
XavierInit: gain=1, distribution=uniform, bias=0 

roi_head.bbox_head.1.upsample_x.weight - torch.Size([256, 256, 2]): 
KaimingInit: a=0, mode=fan_out, nonlinearity=relu, distribution =normal, bias=0 

roi_head.bbox_head.1.upsample_x.bias - torch.Size([256]): 
KaimingInit: a=0, mode=fan_out, nonlinearity=relu, distribution =normal, bias=0 

roi_head.bbox_head.1.upsample_y.weight - torch.Size([256, 256, 2]): 
KaimingInit: a=0, mode=fan_out, nonlinearity=relu, distribution =normal, bias=0 

roi_head.bbox_head.1.upsample_y.bias - torch.Size([256]): 
KaimingInit: a=0, mode=fan_out, nonlinearity=relu, distribution =normal, bias=0 

roi_head.bbox_head.1.reg_pre_convs.0.conv.weight - torch.Size([256, 256, 3, 3]): 
The value is the same before and after calling `init_weights` of CascadeRCNN  

roi_head.bbox_head.1.reg_pre_convs.0.conv.bias - torch.Size([256]): 
The value is the same before and after calling `init_weights` of CascadeRCNN  

roi_head.bbox_head.1.reg_pre_convs.1.conv.weight - torch.Size([256, 256, 3, 3]): 
The value is the same before and after calling `init_weights` of CascadeRCNN  

roi_head.bbox_head.1.reg_pre_convs.1.conv.bias - torch.Size([256]): 
The value is the same before and after calling `init_weights` of CascadeRCNN  

roi_head.bbox_head.1.reg_post_conv_xs.0.conv.weight - torch.Size([256, 256, 1, 3]): 
The value is the same before and after calling `init_weights` of CascadeRCNN  

roi_head.bbox_head.1.reg_post_conv_xs.0.conv.bias - torch.Size([256]): 
The value is the same before and after calling `init_weights` of CascadeRCNN  

roi_head.bbox_head.1.reg_post_conv_ys.0.conv.weight - torch.Size([256, 256, 3, 1]): 
The value is the same before and after calling `init_weights` of CascadeRCNN  

roi_head.bbox_head.1.reg_post_conv_ys.0.conv.bias - torch.Size([256]): 
The value is the same before and after calling `init_weights` of CascadeRCNN  

roi_head.bbox_head.1.reg_conv_att_x.weight - torch.Size([1, 256, 1, 1]): 
NormalInit: mean=0, std=0.01, bias=0 

roi_head.bbox_head.1.reg_conv_att_x.bias - torch.Size([1]): 
NormalInit: mean=0, std=0.01, bias=0 

roi_head.bbox_head.1.reg_conv_att_y.weight - torch.Size([1, 256, 1, 1]): 
NormalInit: mean=0, std=0.01, bias=0 

roi_head.bbox_head.1.reg_conv_att_y.bias - torch.Size([1]): 
NormalInit: mean=0, std=0.01, bias=0 

roi_head.bbox_head.1.fc_cls.weight - torch.Size([2, 1024]): 
NormalInit: mean=0, std=0.01, bias=0 

roi_head.bbox_head.1.fc_cls.bias - torch.Size([2]): 
XavierInit: gain=1, distribution=uniform, bias=0 

roi_head.bbox_head.1.fc_reg_cls.weight - torch.Size([1, 256]): 
NormalInit: mean=0, std=0.01, bias=0 

roi_head.bbox_head.1.fc_reg_cls.bias - torch.Size([1]): 
XavierInit: gain=1, distribution=uniform, bias=0 

roi_head.bbox_head.1.fc_reg_offset.weight - torch.Size([1, 256]): 
NormalInit: mean=0, std=0.001, bias=0 

roi_head.bbox_head.1.fc_reg_offset.bias - torch.Size([1]): 
XavierInit: gain=1, distribution=uniform, bias=0 

roi_head.bbox_head.2.cls_fcs.0.weight - torch.Size([1024, 12544]): 
XavierInit: gain=1, distribution=uniform, bias=0 

roi_head.bbox_head.2.cls_fcs.0.bias - torch.Size([1024]): 
XavierInit: gain=1, distribution=uniform, bias=0 

roi_head.bbox_head.2.upsample_x.weight - torch.Size([256, 256, 2]): 
KaimingInit: a=0, mode=fan_out, nonlinearity=relu, distribution =normal, bias=0 

roi_head.bbox_head.2.upsample_x.bias - torch.Size([256]): 
KaimingInit: a=0, mode=fan_out, nonlinearity=relu, distribution =normal, bias=0 

roi_head.bbox_head.2.upsample_y.weight - torch.Size([256, 256, 2]): 
KaimingInit: a=0, mode=fan_out, nonlinearity=relu, distribution =normal, bias=0 

roi_head.bbox_head.2.upsample_y.bias - torch.Size([256]): 
KaimingInit: a=0, mode=fan_out, nonlinearity=relu, distribution =normal, bias=0 

roi_head.bbox_head.2.reg_pre_convs.0.conv.weight - torch.Size([256, 256, 3, 3]): 
The value is the same before and after calling `init_weights` of CascadeRCNN  

roi_head.bbox_head.2.reg_pre_convs.0.conv.bias - torch.Size([256]): 
The value is the same before and after calling `init_weights` of CascadeRCNN  

roi_head.bbox_head.2.reg_pre_convs.1.conv.weight - torch.Size([256, 256, 3, 3]): 
The value is the same before and after calling `init_weights` of CascadeRCNN  

roi_head.bbox_head.2.reg_pre_convs.1.conv.bias - torch.Size([256]): 
The value is the same before and after calling `init_weights` of CascadeRCNN  

roi_head.bbox_head.2.reg_post_conv_xs.0.conv.weight - torch.Size([256, 256, 1, 3]): 
The value is the same before and after calling `init_weights` of CascadeRCNN  

roi_head.bbox_head.2.reg_post_conv_xs.0.conv.bias - torch.Size([256]): 
The value is the same before and after calling `init_weights` of CascadeRCNN  

roi_head.bbox_head.2.reg_post_conv_ys.0.conv.weight - torch.Size([256, 256, 3, 1]): 
The value is the same before and after calling `init_weights` of CascadeRCNN  

roi_head.bbox_head.2.reg_post_conv_ys.0.conv.bias - torch.Size([256]): 
The value is the same before and after calling `init_weights` of CascadeRCNN  

roi_head.bbox_head.2.reg_conv_att_x.weight - torch.Size([1, 256, 1, 1]): 
NormalInit: mean=0, std=0.01, bias=0 

roi_head.bbox_head.2.reg_conv_att_x.bias - torch.Size([1]): 
NormalInit: mean=0, std=0.01, bias=0 

roi_head.bbox_head.2.reg_conv_att_y.weight - torch.Size([1, 256, 1, 1]): 
NormalInit: mean=0, std=0.01, bias=0 

roi_head.bbox_head.2.reg_conv_att_y.bias - torch.Size([1]): 
NormalInit: mean=0, std=0.01, bias=0 

roi_head.bbox_head.2.fc_cls.weight - torch.Size([2, 1024]): 
NormalInit: mean=0, std=0.01, bias=0 

roi_head.bbox_head.2.fc_cls.bias - torch.Size([2]): 
XavierInit: gain=1, distribution=uniform, bias=0 

roi_head.bbox_head.2.fc_reg_cls.weight - torch.Size([1, 256]): 
NormalInit: mean=0, std=0.01, bias=0 

roi_head.bbox_head.2.fc_reg_cls.bias - torch.Size([1]): 
XavierInit: gain=1, distribution=uniform, bias=0 

roi_head.bbox_head.2.fc_reg_offset.weight - torch.Size([1, 256]): 
NormalInit: mean=0, std=0.001, bias=0 

roi_head.bbox_head.2.fc_reg_offset.bias - torch.Size([1]): 
XavierInit: gain=1, distribution=uniform, bias=0 

roi_head.mask_head.0.convs.0.conv.weight - torch.Size([256, 256, 3, 3]): 
The value is the same before and after calling `init_weights` of CascadeRCNN  

roi_head.mask_head.0.convs.0.conv.bias - torch.Size([256]): 
The value is the same before and after calling `init_weights` of CascadeRCNN  

roi_head.mask_head.0.convs.1.conv.weight - torch.Size([256, 256, 3, 3]): 
The value is the same before and after calling `init_weights` of CascadeRCNN  

roi_head.mask_head.0.convs.1.conv.bias - torch.Size([256]): 
The value is the same before and after calling `init_weights` of CascadeRCNN  

roi_head.mask_head.0.convs.2.conv.weight - torch.Size([256, 256, 3, 3]): 
The value is the same before and after calling `init_weights` of CascadeRCNN  

roi_head.mask_head.0.convs.2.conv.bias - torch.Size([256]): 
The value is the same before and after calling `init_weights` of CascadeRCNN  

roi_head.mask_head.0.convs.3.conv.weight - torch.Size([256, 256, 3, 3]): 
The value is the same before and after calling `init_weights` of CascadeRCNN  

roi_head.mask_head.0.convs.3.conv.bias - torch.Size([256]): 
The value is the same before and after calling `init_weights` of CascadeRCNN  

roi_head.mask_head.0.upsample.weight - torch.Size([256, 256, 2, 2]): 
The value is the same before and after calling `init_weights` of CascadeRCNN  

roi_head.mask_head.0.upsample.bias - torch.Size([256]): 
The value is the same before and after calling `init_weights` of CascadeRCNN  

roi_head.mask_head.0.conv_logits.weight - torch.Size([1, 256, 1, 1]): 
The value is the same before and after calling `init_weights` of CascadeRCNN  

roi_head.mask_head.0.conv_logits.bias - torch.Size([1]): 
The value is the same before and after calling `init_weights` of CascadeRCNN  

roi_head.mask_head.1.convs.0.conv.weight - torch.Size([256, 256, 3, 3]): 
The value is the same before and after calling `init_weights` of CascadeRCNN  

roi_head.mask_head.1.convs.0.conv.bias - torch.Size([256]): 
The value is the same before and after calling `init_weights` of CascadeRCNN  

roi_head.mask_head.1.convs.1.conv.weight - torch.Size([256, 256, 3, 3]): 
The value is the same before and after calling `init_weights` of CascadeRCNN  

roi_head.mask_head.1.convs.1.conv.bias - torch.Size([256]): 
The value is the same before and after calling `init_weights` of CascadeRCNN  

roi_head.mask_head.1.convs.2.conv.weight - torch.Size([256, 256, 3, 3]): 
The value is the same before and after calling `init_weights` of CascadeRCNN  

roi_head.mask_head.1.convs.2.conv.bias - torch.Size([256]): 
The value is the same before and after calling `init_weights` of CascadeRCNN  

roi_head.mask_head.1.convs.3.conv.weight - torch.Size([256, 256, 3, 3]): 
The value is the same before and after calling `init_weights` of CascadeRCNN  

roi_head.mask_head.1.convs.3.conv.bias - torch.Size([256]): 
The value is the same before and after calling `init_weights` of CascadeRCNN  

roi_head.mask_head.1.upsample.weight - torch.Size([256, 256, 2, 2]): 
The value is the same before and after calling `init_weights` of CascadeRCNN  

roi_head.mask_head.1.upsample.bias - torch.Size([256]): 
The value is the same before and after calling `init_weights` of CascadeRCNN  

roi_head.mask_head.1.conv_logits.weight - torch.Size([1, 256, 1, 1]): 
The value is the same before and after calling `init_weights` of CascadeRCNN  

roi_head.mask_head.1.conv_logits.bias - torch.Size([1]): 
The value is the same before and after calling `init_weights` of CascadeRCNN  

roi_head.mask_head.2.convs.0.conv.weight - torch.Size([256, 256, 3, 3]): 
The value is the same before and after calling `init_weights` of CascadeRCNN  

roi_head.mask_head.2.convs.0.conv.bias - torch.Size([256]): 
The value is the same before and after calling `init_weights` of CascadeRCNN  

roi_head.mask_head.2.convs.1.conv.weight - torch.Size([256, 256, 3, 3]): 
The value is the same before and after calling `init_weights` of CascadeRCNN  

roi_head.mask_head.2.convs.1.conv.bias - torch.Size([256]): 
The value is the same before and after calling `init_weights` of CascadeRCNN  

roi_head.mask_head.2.convs.2.conv.weight - torch.Size([256, 256, 3, 3]): 
The value is the same before and after calling `init_weights` of CascadeRCNN  

roi_head.mask_head.2.convs.2.conv.bias - torch.Size([256]): 
The value is the same before and after calling `init_weights` of CascadeRCNN  

roi_head.mask_head.2.convs.3.conv.weight - torch.Size([256, 256, 3, 3]): 
The value is the same before and after calling `init_weights` of CascadeRCNN  

roi_head.mask_head.2.convs.3.conv.bias - torch.Size([256]): 
The value is the same before and after calling `init_weights` of CascadeRCNN  

roi_head.mask_head.2.upsample.weight - torch.Size([256, 256, 2, 2]): 
The value is the same before and after calling `init_weights` of CascadeRCNN  

roi_head.mask_head.2.upsample.bias - torch.Size([256]): 
The value is the same before and after calling `init_weights` of CascadeRCNN  

roi_head.mask_head.2.conv_logits.weight - torch.Size([1, 256, 1, 1]): 
The value is the same before and after calling `init_weights` of CascadeRCNN  

roi_head.mask_head.2.conv_logits.bias - torch.Size([1]): 
The value is the same before and after calling `init_weights` of CascadeRCNN  

roi_head.mask_roi_extractor.0.post_module.gamma - torch.Size([1]): 
The value is the same before and after calling `init_weights` of CascadeRCNN  

roi_head.mask_roi_extractor.0.post_module.query_conv.weight - torch.Size([252, 256, 1, 1]): 
Initialized by user-defined `init_weights` in GeneralizedAttention  

roi_head.mask_roi_extractor.0.post_module.value_conv.weight - torch.Size([252, 256, 1, 1]): 
Initialized by user-defined `init_weights` in GeneralizedAttention  

roi_head.mask_roi_extractor.0.post_module.appr_geom_fc_x.weight - torch.Size([252, 128]): 
Initialized by user-defined `init_weights` in GeneralizedAttention  

roi_head.mask_roi_extractor.0.post_module.appr_geom_fc_y.weight - torch.Size([252, 128]): 
Initialized by user-defined `init_weights` in GeneralizedAttention  

roi_head.mask_roi_extractor.0.post_module.proj_conv.weight - torch.Size([256, 252, 1, 1]): 
Initialized by user-defined `init_weights` in GeneralizedAttention  

roi_head.mask_roi_extractor.0.post_module.proj_conv.bias - torch.Size([256]): 
The value is the same before and after calling `init_weights` of CascadeRCNN  

roi_head.mask_roi_extractor.0.pre_module.conv.weight - torch.Size([256, 256, 5, 5]): 
Initialized by user-defined `init_weights` in ConvModule  

roi_head.mask_roi_extractor.0.pre_module.conv.bias - torch.Size([256]): 
The value is the same before and after calling `init_weights` of CascadeRCNN  

roi_head.mask_roi_extractor.1.post_module.gamma - torch.Size([1]): 
The value is the same before and after calling `init_weights` of CascadeRCNN  

roi_head.mask_roi_extractor.1.post_module.query_conv.weight - torch.Size([252, 256, 1, 1]): 
Initialized by user-defined `init_weights` in GeneralizedAttention  

roi_head.mask_roi_extractor.1.post_module.value_conv.weight - torch.Size([252, 256, 1, 1]): 
Initialized by user-defined `init_weights` in GeneralizedAttention  

roi_head.mask_roi_extractor.1.post_module.appr_geom_fc_x.weight - torch.Size([252, 128]): 
Initialized by user-defined `init_weights` in GeneralizedAttention  

roi_head.mask_roi_extractor.1.post_module.appr_geom_fc_y.weight - torch.Size([252, 128]): 
Initialized by user-defined `init_weights` in GeneralizedAttention  

roi_head.mask_roi_extractor.1.post_module.proj_conv.weight - torch.Size([256, 252, 1, 1]): 
Initialized by user-defined `init_weights` in GeneralizedAttention  

roi_head.mask_roi_extractor.1.post_module.proj_conv.bias - torch.Size([256]): 
The value is the same before and after calling `init_weights` of CascadeRCNN  

roi_head.mask_roi_extractor.1.pre_module.conv.weight - torch.Size([256, 256, 5, 5]): 
Initialized by user-defined `init_weights` in ConvModule  

roi_head.mask_roi_extractor.1.pre_module.conv.bias - torch.Size([256]): 
The value is the same before and after calling `init_weights` of CascadeRCNN  

roi_head.mask_roi_extractor.2.post_module.gamma - torch.Size([1]): 
The value is the same before and after calling `init_weights` of CascadeRCNN  

roi_head.mask_roi_extractor.2.post_module.query_conv.weight - torch.Size([252, 256, 1, 1]): 
Initialized by user-defined `init_weights` in GeneralizedAttention  

roi_head.mask_roi_extractor.2.post_module.value_conv.weight - torch.Size([252, 256, 1, 1]): 
Initialized by user-defined `init_weights` in GeneralizedAttention  

roi_head.mask_roi_extractor.2.post_module.appr_geom_fc_x.weight - torch.Size([252, 128]): 
Initialized by user-defined `init_weights` in GeneralizedAttention  

roi_head.mask_roi_extractor.2.post_module.appr_geom_fc_y.weight - torch.Size([252, 128]): 
Initialized by user-defined `init_weights` in GeneralizedAttention  

roi_head.mask_roi_extractor.2.post_module.proj_conv.weight - torch.Size([256, 252, 1, 1]): 
Initialized by user-defined `init_weights` in GeneralizedAttention  

roi_head.mask_roi_extractor.2.post_module.proj_conv.bias - torch.Size([256]): 
The value is the same before and after calling `init_weights` of CascadeRCNN  

roi_head.mask_roi_extractor.2.pre_module.conv.weight - torch.Size([256, 256, 5, 5]): 
Initialized by user-defined `init_weights` in ConvModule  

roi_head.mask_roi_extractor.2.pre_module.conv.bias - torch.Size([256]): 
The value is the same before and after calling `init_weights` of CascadeRCNN  
2024/01/15 00:51:16 - mmengine - INFO - DeformConv2dPack backbone.layer2.0.conv2 is upgraded to version 2.
2024/01/15 00:51:16 - mmengine - INFO - DeformConv2dPack backbone.layer2.1.conv2 is upgraded to version 2.
2024/01/15 00:51:16 - mmengine - INFO - DeformConv2dPack backbone.layer2.2.conv2 is upgraded to version 2.
2024/01/15 00:51:16 - mmengine - INFO - DeformConv2dPack backbone.layer2.3.conv2 is upgraded to version 2.
2024/01/15 00:51:16 - mmengine - INFO - DeformConv2dPack backbone.layer3.0.conv2 is upgraded to version 2.
2024/01/15 00:51:16 - mmengine - INFO - DeformConv2dPack backbone.layer3.1.conv2 is upgraded to version 2.
2024/01/15 00:51:16 - mmengine - INFO - DeformConv2dPack backbone.layer3.2.conv2 is upgraded to version 2.
2024/01/15 00:51:16 - mmengine - INFO - DeformConv2dPack backbone.layer3.3.conv2 is upgraded to version 2.
2024/01/15 00:51:16 - mmengine - INFO - DeformConv2dPack backbone.layer3.4.conv2 is upgraded to version 2.
2024/01/15 00:51:16 - mmengine - INFO - DeformConv2dPack backbone.layer3.5.conv2 is upgraded to version 2.
2024/01/15 00:51:16 - mmengine - INFO - DeformConv2dPack backbone.layer4.0.conv2 is upgraded to version 2.
2024/01/15 00:51:16 - mmengine - INFO - DeformConv2dPack backbone.layer4.1.conv2 is upgraded to version 2.
2024/01/15 00:51:16 - mmengine - INFO - DeformConv2dPack backbone.layer4.2.conv2 is upgraded to version 2.
2024/01/15 00:51:16 - mmengine - INFO - Load checkpoint from /home/hasnatpie/thesis01/results_spikenet20/best_coco_bbox_mAP_epoch_13.pth
2024/01/15 00:51:16 - mmengine - INFO - resumed epoch: 13, iter: 22269
2024/01/15 00:51:16 - mmengine - WARNING - "FileClient" will be deprecated in future. Please use io functions in https://mmengine.readthedocs.io/en/latest/api/fileio.html#file-io
2024/01/15 00:51:16 - mmengine - WARNING - "HardDiskBackend" is the alias of "LocalBackend" and the former will be deprecated in future.
2024/01/15 00:51:16 - mmengine - INFO - Checkpoints will be saved to /home/hasnatpie/thesis01/results_spikenet20.
2024/01/15 00:51:59 - mmengine - INFO - Epoch(train) [14][  50/1713]  lr: 1.9820e-03  eta: 2:50:56  time: 0.8589  data_time: 0.0112  memory: 5135  loss: 0.7607  loss_rpn_cls: 0.0085  loss_rpn_bbox: 0.0049  s0.loss_cls: 0.0559  s0.acc: 98.2422  s0.loss_bbox_cls: 0.0497  s0.loss_bbox_reg: 0.1707  s0.loss_mask: 0.1503  s1.loss_cls: 0.0148  s1.acc: 96.6797  s1.loss_bbox_cls: 0.0231  s1.loss_bbox_reg: 0.0884  s1.loss_mask: 0.0819  s2.loss_cls: 0.0073  s2.acc: 96.8750  s2.loss_bbox_cls: 0.0143  s2.loss_bbox_reg: 0.0498  s2.loss_mask: 0.0411
2024/01/15 00:52:40 - mmengine - INFO - Epoch(train) [14][ 100/1713]  lr: 3.9840e-03  eta: 2:46:34  time: 0.8221  data_time: 0.0094  memory: 5127  loss: 0.8493  loss_rpn_cls: 0.0063  loss_rpn_bbox: 0.0050  s0.loss_cls: 0.0547  s0.acc: 99.0234  s0.loss_bbox_cls: 0.0613  s0.loss_bbox_reg: 0.1891  s0.loss_mask: 0.1610  s1.loss_cls: 0.0162  s1.acc: 99.3915  s1.loss_bbox_cls: 0.0335  s1.loss_bbox_reg: 0.1041  s1.loss_mask: 0.0903  s2.loss_cls: 0.0077  s2.acc: 99.7938  s2.loss_bbox_cls: 0.0189  s2.loss_bbox_reg: 0.0565  s2.loss_mask: 0.0447
2024/01/15 00:53:21 - mmengine - INFO - Epoch(train) [14][ 150/1713]  lr: 5.9860e-03  eta: 2:44:14  time: 0.8157  data_time: 0.0088  memory: 5058  loss: 0.8114  loss_rpn_cls: 0.0073  loss_rpn_bbox: 0.0058  s0.loss_cls: 0.0647  s0.acc: 97.4609  s0.loss_bbox_cls: 0.0532  s0.loss_bbox_reg: 0.1837  s0.loss_mask: 0.1498  s1.loss_cls: 0.0152  s1.acc: 99.2000  s1.loss_bbox_cls: 0.0272  s1.loss_bbox_reg: 0.0987  s1.loss_mask: 0.0843  s2.loss_cls: 0.0072  s2.acc: 99.7972  s2.loss_bbox_cls: 0.0169  s2.loss_bbox_reg: 0.0551  s2.loss_mask: 0.0424
2024/01/15 00:54:01 - mmengine - INFO - Epoch(train) [14][ 200/1713]  lr: 7.9880e-03  eta: 2:42:45  time: 0.8162  data_time: 0.0091  memory: 5126  loss: 0.8933  loss_rpn_cls: 0.0085  loss_rpn_bbox: 0.0068  s0.loss_cls: 0.0665  s0.acc: 96.2891  s0.loss_bbox_cls: 0.0635  s0.loss_bbox_reg: 0.2065  s0.loss_mask: 0.1557  s1.loss_cls: 0.0183  s1.acc: 96.0177  s1.loss_bbox_cls: 0.0340  s1.loss_bbox_reg: 0.1120  s1.loss_mask: 0.0871  s2.loss_cls: 0.0103  s2.acc: 95.8716  s2.loss_bbox_cls: 0.0202  s2.loss_bbox_reg: 0.0605  s2.loss_mask: 0.0435
2024/01/15 00:54:41 - mmengine - INFO - Epoch(train) [14][ 250/1713]  lr: 9.9900e-03  eta: 2:40:53  time: 0.7978  data_time: 0.0083  memory: 5138  loss: 0.9363  loss_rpn_cls: 0.0064  loss_rpn_bbox: 0.0068  s0.loss_cls: 0.0601  s0.acc: 96.8750  s0.loss_bbox_cls: 0.0686  s0.loss_bbox_reg: 0.2035  s0.loss_mask: 0.1691  s1.loss_cls: 0.0189  s1.acc: 98.5043  s1.loss_bbox_cls: 0.0397  s1.loss_bbox_reg: 0.1203  s1.loss_mask: 0.0956  s2.loss_cls: 0.0102  s2.acc: 97.8448  s2.loss_bbox_cls: 0.0230  s2.loss_bbox_reg: 0.0661  s2.loss_mask: 0.0480
2024/01/15 00:55:22 - mmengine - INFO - Epoch(train) [14][ 300/1713]  lr: 1.1992e-02  eta: 2:39:59  time: 0.8160  data_time: 0.0088  memory: 5152  loss: 0.9527  loss_rpn_cls: 0.0090  loss_rpn_bbox: 0.0073  s0.loss_cls: 0.0665  s0.acc: 99.8047  s0.loss_bbox_cls: 0.0758  s0.loss_bbox_reg: 0.2167  s0.loss_mask: 0.1691  s1.loss_cls: 0.0181  s1.acc: 100.0000  s1.loss_bbox_cls: 0.0361  s1.loss_bbox_reg: 0.1163  s1.loss_mask: 0.0950  s2.loss_cls: 0.0091  s2.acc: 99.8047  s2.loss_bbox_cls: 0.0221  s2.loss_bbox_reg: 0.0645  s2.loss_mask: 0.0471
2024/01/15 00:56:04 - mmengine - INFO - Epoch(train) [14][ 350/1713]  lr: 1.3994e-02  eta: 2:39:40  time: 0.8341  data_time: 0.0094  memory: 5149  loss: 0.9644  loss_rpn_cls: 0.0091  loss_rpn_bbox: 0.0070  s0.loss_cls: 0.0743  s0.acc: 99.0234  s0.loss_bbox_cls: 0.0736  s0.loss_bbox_reg: 0.2057  s0.loss_mask: 0.1708  s1.loss_cls: 0.0267  s1.acc: 99.2188  s1.loss_bbox_cls: 0.0381  s1.loss_bbox_reg: 0.1156  s1.loss_mask: 0.0944  s2.loss_cls: 0.0137  s2.acc: 99.4141  s2.loss_bbox_cls: 0.0225  s2.loss_bbox_reg: 0.0661  s2.loss_mask: 0.0468
2024/01/15 00:56:45 - mmengine - INFO - Epoch(train) [14][ 400/1713]  lr: 1.5996e-02  eta: 2:38:50  time: 0.8170  data_time: 0.0081  memory: 5166  loss: 0.9018  loss_rpn_cls: 0.0075  loss_rpn_bbox: 0.0070  s0.loss_cls: 0.0652  s0.acc: 93.3594  s0.loss_bbox_cls: 0.0636  s0.loss_bbox_reg: 0.2058  s0.loss_mask: 0.1613  s1.loss_cls: 0.0162  s1.acc: 95.1172  s1.loss_bbox_cls: 0.0347  s1.loss_bbox_reg: 0.1130  s1.loss_mask: 0.0913  s2.loss_cls: 0.0087  s2.acc: 97.8516  s2.loss_bbox_cls: 0.0211  s2.loss_bbox_reg: 0.0614  s2.loss_mask: 0.0451
2024/01/15 00:57:26 - mmengine - INFO - Epoch(train) [14][ 450/1713]  lr: 1.7998e-02  eta: 2:38:03  time: 0.8180  data_time: 0.0103  memory: 5151  loss: 1.0502  loss_rpn_cls: 0.0104  loss_rpn_bbox: 0.0084  s0.loss_cls: 0.0793  s0.acc: 97.0703  s0.loss_bbox_cls: 0.0817  s0.loss_bbox_reg: 0.2375  s0.loss_mask: 0.1868  s1.loss_cls: 0.0255  s1.acc: 98.6328  s1.loss_bbox_cls: 0.0418  s1.loss_bbox_reg: 0.1268  s1.loss_mask: 0.1000  s2.loss_cls: 0.0129  s2.acc: 95.5078  s2.loss_bbox_cls: 0.0230  s2.loss_bbox_reg: 0.0680  s2.loss_mask: 0.0481
2024/01/15 00:58:07 - mmengine - INFO - Epoch(train) [14][ 500/1713]  lr: 2.0000e-02  eta: 2:37:39  time: 0.8362  data_time: 0.0098  memory: 5198  loss: 1.0790  loss_rpn_cls: 0.0088  loss_rpn_bbox: 0.0123  s0.loss_cls: 0.0786  s0.acc: 98.4375  s0.loss_bbox_cls: 0.0867  s0.loss_bbox_reg: 0.2450  s0.loss_mask: 0.1756  s1.loss_cls: 0.0247  s1.acc: 99.3952  s1.loss_bbox_cls: 0.0457  s1.loss_bbox_reg: 0.1400  s1.loss_mask: 0.0977  s2.loss_cls: 0.0125  s2.acc: 99.3890  s2.loss_bbox_cls: 0.0263  s2.loss_bbox_reg: 0.0779  s2.loss_mask: 0.0473
2024/01/15 00:58:47 - mmengine - INFO - Epoch(train) [14][ 550/1713]  lr: 2.0000e-02  eta: 2:36:30  time: 0.7967  data_time: 0.0082  memory: 5154  loss: 0.9592  loss_rpn_cls: 0.0074  loss_rpn_bbox: 0.0079  s0.loss_cls: 0.0778  s0.acc: 99.8047  s0.loss_bbox_cls: 0.0706  s0.loss_bbox_reg: 0.2074  s0.loss_mask: 0.1750  s1.loss_cls: 0.0243  s1.acc: 100.0000  s1.loss_bbox_cls: 0.0364  s1.loss_bbox_reg: 0.1148  s1.loss_mask: 0.0963  s2.loss_cls: 0.0110  s2.acc: 100.0000  s2.loss_bbox_cls: 0.0214  s2.loss_bbox_reg: 0.0619  s2.loss_mask: 0.0471
2024/01/15 00:59:29 - mmengine - INFO - Epoch(train) [14][ 600/1713]  lr: 2.0000e-02  eta: 2:35:54  time: 0.8257  data_time: 0.0078  memory: 5140  loss: 0.9852  loss_rpn_cls: 0.0087  loss_rpn_bbox: 0.0089  s0.loss_cls: 0.0757  s0.acc: 93.7500  s0.loss_bbox_cls: 0.0702  s0.loss_bbox_reg: 0.2295  s0.loss_mask: 0.1633  s1.loss_cls: 0.0234  s1.acc: 93.2489  s1.loss_bbox_cls: 0.0394  s1.loss_bbox_reg: 0.1303  s1.loss_mask: 0.0885  s2.loss_cls: 0.0104  s2.acc: 98.2609  s2.loss_bbox_cls: 0.0226  s2.loss_bbox_reg: 0.0693  s2.loss_mask: 0.0448
2024/01/15 01:00:09 - mmengine - INFO - Epoch(train) [14][ 650/1713]  lr: 2.0000e-02  eta: 2:34:58  time: 0.8040  data_time: 0.0081  memory: 5133  loss: 1.1155  loss_rpn_cls: 0.0121  loss_rpn_bbox: 0.0113  s0.loss_cls: 0.0814  s0.acc: 96.2891  s0.loss_bbox_cls: 0.0937  s0.loss_bbox_reg: 0.2574  s0.loss_mask: 0.1706  s1.loss_cls: 0.0296  s1.acc: 98.2684  s1.loss_bbox_cls: 0.0505  s1.loss_bbox_reg: 0.1478  s1.loss_mask: 0.0945  s2.loss_cls: 0.0152  s2.acc: 97.5771  s2.loss_bbox_cls: 0.0270  s2.loss_bbox_reg: 0.0773  s2.loss_mask: 0.0468
2024/01/15 01:00:48 - mmengine - INFO - Epoch(train) [14][ 700/1713]  lr: 2.0000e-02  eta: 2:33:45  time: 0.7810  data_time: 0.0073  memory: 5134  loss: 0.9358  loss_rpn_cls: 0.0086  loss_rpn_bbox: 0.0074  s0.loss_cls: 0.0712  s0.acc: 98.4375  s0.loss_bbox_cls: 0.0701  s0.loss_bbox_reg: 0.2118  s0.loss_mask: 0.1615  s1.loss_cls: 0.0199  s1.acc: 98.9339  s1.loss_bbox_cls: 0.0386  s1.loss_bbox_reg: 0.1198  s1.loss_mask: 0.0895  s2.loss_cls: 0.0093  s2.acc: 98.4979  s2.loss_bbox_cls: 0.0206  s2.loss_bbox_reg: 0.0637  s2.loss_mask: 0.0437
2024/01/15 01:01:12 - mmengine - INFO - Exp name: pcdummy_20240115_005109
2024/01/15 01:01:27 - mmengine - INFO - Epoch(train) [14][ 750/1713]  lr: 2.0000e-02  eta: 2:32:36  time: 0.7796  data_time: 0.0076  memory: 5122  loss: 1.0228  loss_rpn_cls: 0.0088  loss_rpn_bbox: 0.0095  s0.loss_cls: 0.0713  s0.acc: 98.8281  s0.loss_bbox_cls: 0.0779  s0.loss_bbox_reg: 0.2164  s0.loss_mask: 0.1826  s1.loss_cls: 0.0257  s1.acc: 99.2188  s1.loss_bbox_cls: 0.0449  s1.loss_bbox_reg: 0.1274  s1.loss_mask: 0.1009  s2.loss_cls: 0.0134  s2.acc: 98.2422  s2.loss_bbox_cls: 0.0244  s2.loss_bbox_reg: 0.0692  s2.loss_mask: 0.0503
2024/01/15 01:02:07 - mmengine - INFO - Epoch(train) [14][ 800/1713]  lr: 2.0000e-02  eta: 2:31:46  time: 0.8010  data_time: 0.0080  memory: 5166  loss: 1.0711  loss_rpn_cls: 0.0093  loss_rpn_bbox: 0.0103  s0.loss_cls: 0.0814  s0.acc: 96.4844  s0.loss_bbox_cls: 0.0907  s0.loss_bbox_reg: 0.2399  s0.loss_mask: 0.1816  s1.loss_cls: 0.0246  s1.acc: 96.8685  s1.loss_bbox_cls: 0.0446  s1.loss_bbox_reg: 0.1324  s1.loss_mask: 0.1002  s2.loss_cls: 0.0122  s2.acc: 97.9080  s2.loss_bbox_cls: 0.0248  s2.loss_bbox_reg: 0.0707  s2.loss_mask: 0.0485
2024/01/15 01:02:47 - mmengine - INFO - Epoch(train) [14][ 850/1713]  lr: 2.0000e-02  eta: 2:30:53  time: 0.7947  data_time: 0.0077  memory: 5187  loss: 1.1133  loss_rpn_cls: 0.0119  loss_rpn_bbox: 0.0103  s0.loss_cls: 0.0850  s0.acc: 96.2891  s0.loss_bbox_cls: 0.0928  s0.loss_bbox_reg: 0.2410  s0.loss_mask: 0.1912  s1.loss_cls: 0.0322  s1.acc: 98.6985  s1.loss_bbox_cls: 0.0478  s1.loss_bbox_reg: 0.1366  s1.loss_mask: 0.1010  s2.loss_cls: 0.0164  s2.acc: 99.1209  s2.loss_bbox_cls: 0.0261  s2.loss_bbox_reg: 0.0728  s2.loss_mask: 0.0483
2024/01/15 01:03:27 - mmengine - INFO - Epoch(train) [14][ 900/1713]  lr: 2.0000e-02  eta: 2:30:09  time: 0.8066  data_time: 0.0084  memory: 5154  loss: 1.1552  loss_rpn_cls: 0.0170  loss_rpn_bbox: 0.0123  s0.loss_cls: 0.0933  s0.acc: 96.2891  s0.loss_bbox_cls: 0.0993  s0.loss_bbox_reg: 0.2525  s0.loss_mask: 0.1931  s1.loss_cls: 0.0301  s1.acc: 100.0000  s1.loss_bbox_cls: 0.0502  s1.loss_bbox_reg: 0.1377  s1.loss_mask: 0.1033  s2.loss_cls: 0.0146  s2.acc: 99.2141  s2.loss_bbox_cls: 0.0272  s2.loss_bbox_reg: 0.0739  s2.loss_mask: 0.0507
2024/01/15 01:04:06 - mmengine - INFO - Epoch(train) [14][ 950/1713]  lr: 2.0000e-02  eta: 2:29:14  time: 0.7878  data_time: 0.0079  memory: 5176  loss: 1.0642  loss_rpn_cls: 0.0146  loss_rpn_bbox: 0.0112  s0.loss_cls: 0.0812  s0.acc: 96.2891  s0.loss_bbox_cls: 0.0908  s0.loss_bbox_reg: 0.2354  s0.loss_mask: 0.1834  s1.loss_cls: 0.0284  s1.acc: 98.9384  s1.loss_bbox_cls: 0.0462  s1.loss_bbox_reg: 0.1246  s1.loss_mask: 0.0991  s2.loss_cls: 0.0159  s2.acc: 99.1342  s2.loss_bbox_cls: 0.0223  s2.loss_bbox_reg: 0.0626  s2.loss_mask: 0.0483
2024/01/15 01:04:46 - mmengine - INFO - Epoch(train) [14][1000/1713]  lr: 2.0000e-02  eta: 2:28:25  time: 0.7964  data_time: 0.0078  memory: 5153  loss: 1.1527  loss_rpn_cls: 0.0126  loss_rpn_bbox: 0.0091  s0.loss_cls: 0.0825  s0.acc: 94.7266  s0.loss_bbox_cls: 0.1040  s0.loss_bbox_reg: 0.2589  s0.loss_mask: 0.1968  s1.loss_cls: 0.0263  s1.acc: 94.7368  s1.loss_bbox_cls: 0.0521  s1.loss_bbox_reg: 0.1406  s1.loss_mask: 0.1064  s2.loss_cls: 0.0151  s2.acc: 95.7576  s2.loss_bbox_cls: 0.0263  s2.loss_bbox_reg: 0.0711  s2.loss_mask: 0.0509
2024/01/15 01:05:25 - mmengine - INFO - Epoch(train) [14][1050/1713]  lr: 2.0000e-02  eta: 2:27:33  time: 0.7882  data_time: 0.0078  memory: 5200  loss: 1.0780  loss_rpn_cls: 0.0085  loss_rpn_bbox: 0.0106  s0.loss_cls: 0.0784  s0.acc: 96.0938  s0.loss_bbox_cls: 0.0936  s0.loss_bbox_reg: 0.2456  s0.loss_mask: 0.1839  s1.loss_cls: 0.0246  s1.acc: 98.1289  s1.loss_bbox_cls: 0.0468  s1.loss_bbox_reg: 0.1307  s1.loss_mask: 0.1005  s2.loss_cls: 0.0127  s2.acc: 98.0932  s2.loss_bbox_cls: 0.0246  s2.loss_bbox_reg: 0.0694  s2.loss_mask: 0.0481
2024/01/15 01:06:06 - mmengine - INFO - Epoch(train) [14][1100/1713]  lr: 2.0000e-02  eta: 2:26:51  time: 0.8050  data_time: 0.0084  memory: 5147  loss: 1.0964  loss_rpn_cls: 0.0107  loss_rpn_bbox: 0.0093  s0.loss_cls: 0.0770  s0.acc: 96.8750  s0.loss_bbox_cls: 0.0989  s0.loss_bbox_reg: 0.2500  s0.loss_mask: 0.1824  s1.loss_cls: 0.0267  s1.acc: 98.8024  s1.loss_bbox_cls: 0.0500  s1.loss_bbox_reg: 0.1342  s1.loss_mask: 0.0994  s2.loss_cls: 0.0131  s2.acc: 98.7854  s2.loss_bbox_cls: 0.0263  s2.loss_bbox_reg: 0.0696  s2.loss_mask: 0.0488
2024/01/15 01:06:46 - mmengine - INFO - Epoch(train) [14][1150/1713]  lr: 2.0000e-02  eta: 2:26:06  time: 0.8007  data_time: 0.0084  memory: 5141  loss: 1.0857  loss_rpn_cls: 0.0101  loss_rpn_bbox: 0.0086  s0.loss_cls: 0.0815  s0.acc: 99.6094  s0.loss_bbox_cls: 0.0913  s0.loss_bbox_reg: 0.2440  s0.loss_mask: 0.1840  s1.loss_cls: 0.0266  s1.acc: 99.8047  s1.loss_bbox_cls: 0.0481  s1.loss_bbox_reg: 0.1350  s1.loss_mask: 0.0986  s2.loss_cls: 0.0145  s2.acc: 99.8047  s2.loss_bbox_cls: 0.0251  s2.loss_bbox_reg: 0.0714  s2.loss_mask: 0.0468
2024/01/15 01:07:27 - mmengine - INFO - Epoch(train) [14][1200/1713]  lr: 2.0000e-02  eta: 2:25:29  time: 0.8147  data_time: 0.0086  memory: 5149  loss: 1.0320  loss_rpn_cls: 0.0100  loss_rpn_bbox: 0.0093  s0.loss_cls: 0.0770  s0.acc: 98.8281  s0.loss_bbox_cls: 0.0799  s0.loss_bbox_reg: 0.2268  s0.loss_mask: 0.1740  s1.loss_cls: 0.0248  s1.acc: 98.8281  s1.loss_bbox_cls: 0.0447  s1.loss_bbox_reg: 0.1332  s1.loss_mask: 0.0977  s2.loss_cls: 0.0136  s2.acc: 99.6094  s2.loss_bbox_cls: 0.0237  s2.loss_bbox_reg: 0.0697  s2.loss_mask: 0.0478
2024/01/15 01:08:08 - mmengine - INFO - Epoch(train) [14][1250/1713]  lr: 2.0000e-02  eta: 2:24:59  time: 0.8344  data_time: 0.0086  memory: 5135  loss: 1.0691  loss_rpn_cls: 0.0097  loss_rpn_bbox: 0.0099  s0.loss_cls: 0.0802  s0.acc: 96.4844  s0.loss_bbox_cls: 0.0920  s0.loss_bbox_reg: 0.2412  s0.loss_mask: 0.1760  s1.loss_cls: 0.0269  s1.acc: 96.2891  s1.loss_bbox_cls: 0.0456  s1.loss_bbox_reg: 0.1348  s1.loss_mask: 0.0940  s2.loss_cls: 0.0140  s2.acc: 96.6797  s2.loss_bbox_cls: 0.0259  s2.loss_bbox_reg: 0.0734  s2.loss_mask: 0.0455
2024/01/15 01:08:47 - mmengine - INFO - Epoch(train) [14][1300/1713]  lr: 2.0000e-02  eta: 2:24:05  time: 0.7768  data_time: 0.0083  memory: 5150  loss: 0.9893  loss_rpn_cls: 0.0120  loss_rpn_bbox: 0.0094  s0.loss_cls: 0.0742  s0.acc: 99.0234  s0.loss_bbox_cls: 0.0782  s0.loss_bbox_reg: 0.2078  s0.loss_mask: 0.1727  s1.loss_cls: 0.0257  s1.acc: 99.8047  s1.loss_bbox_cls: 0.0427  s1.loss_bbox_reg: 0.1200  s1.loss_mask: 0.0968  s2.loss_cls: 0.0137  s2.acc: 99.8047  s2.loss_bbox_cls: 0.0233  s2.loss_bbox_reg: 0.0655  s2.loss_mask: 0.0473
2024/01/15 01:09:27 - mmengine - INFO - Epoch(train) [14][1350/1713]  lr: 2.0000e-02  eta: 2:23:23  time: 0.8050  data_time: 0.0078  memory: 5182  loss: 1.0971  loss_rpn_cls: 0.0087  loss_rpn_bbox: 0.0086  s0.loss_cls: 0.0760  s0.acc: 97.8516  s0.loss_bbox_cls: 0.0883  s0.loss_bbox_reg: 0.2389  s0.loss_mask: 0.1963  s1.loss_cls: 0.0272  s1.acc: 97.6562  s1.loss_bbox_cls: 0.0483  s1.loss_bbox_reg: 0.1357  s1.loss_mask: 0.1063  s2.loss_cls: 0.0136  s2.acc: 97.4609  s2.loss_bbox_cls: 0.0264  s2.loss_bbox_reg: 0.0724  s2.loss_mask: 0.0503
2024/01/15 01:10:08 - mmengine - INFO - Epoch(train) [14][1400/1713]  lr: 2.0000e-02  eta: 2:22:42  time: 0.8062  data_time: 0.0085  memory: 5160  loss: 1.0887  loss_rpn_cls: 0.0105  loss_rpn_bbox: 0.0102  s0.loss_cls: 0.0817  s0.acc: 93.9453  s0.loss_bbox_cls: 0.0886  s0.loss_bbox_reg: 0.2435  s0.loss_mask: 0.1755  s1.loss_cls: 0.0267  s1.acc: 94.7266  s1.loss_bbox_cls: 0.0500  s1.loss_bbox_reg: 0.1414  s1.loss_mask: 0.0951  s2.loss_cls: 0.0124  s2.acc: 94.3359  s2.loss_bbox_cls: 0.0288  s2.loss_bbox_reg: 0.0778  s2.loss_mask: 0.0466
2024/01/15 01:10:48 - mmengine - INFO - Epoch(train) [14][1450/1713]  lr: 2.0000e-02  eta: 2:21:59  time: 0.8028  data_time: 0.0082  memory: 5140  loss: 1.0190  loss_rpn_cls: 0.0134  loss_rpn_bbox: 0.0111  s0.loss_cls: 0.0863  s0.acc: 96.6797  s0.loss_bbox_cls: 0.0788  s0.loss_bbox_reg: 0.2228  s0.loss_mask: 0.1718  s1.loss_cls: 0.0285  s1.acc: 97.6331  s1.loss_bbox_cls: 0.0402  s1.loss_bbox_reg: 0.1213  s1.loss_mask: 0.0965  s2.loss_cls: 0.0130  s2.acc: 99.1886  s2.loss_bbox_cls: 0.0225  s2.loss_bbox_reg: 0.0673  s2.loss_mask: 0.0456
2024/01/15 01:11:28 - mmengine - INFO - Epoch(train) [14][1500/1713]  lr: 2.0000e-02  eta: 2:21:16  time: 0.8008  data_time: 0.0078  memory: 5125  loss: 1.0318  loss_rpn_cls: 0.0093  loss_rpn_bbox: 0.0090  s0.loss_cls: 0.0846  s0.acc: 96.2891  s0.loss_bbox_cls: 0.0811  s0.loss_bbox_reg: 0.2316  s0.loss_mask: 0.1693  s1.loss_cls: 0.0309  s1.acc: 95.8984  s1.loss_bbox_cls: 0.0431  s1.loss_bbox_reg: 0.1283  s1.loss_mask: 0.0916  s2.loss_cls: 0.0175  s2.acc: 89.8438  s2.loss_bbox_cls: 0.0236  s2.loss_bbox_reg: 0.0689  s2.loss_mask: 0.0430
2024/01/15 01:12:08 - mmengine - INFO - Epoch(train) [14][1550/1713]  lr: 2.0000e-02  eta: 2:20:34  time: 0.8013  data_time: 0.0081  memory: 5167  loss: 1.0150  loss_rpn_cls: 0.0073  loss_rpn_bbox: 0.0089  s0.loss_cls: 0.0691  s0.acc: 95.3125  s0.loss_bbox_cls: 0.0810  s0.loss_bbox_reg: 0.2260  s0.loss_mask: 0.1729  s1.loss_cls: 0.0262  s1.acc: 93.3198  s1.loss_bbox_cls: 0.0431  s1.loss_bbox_reg: 0.1285  s1.loss_mask: 0.0951  s2.loss_cls: 0.0145  s2.acc: 98.1367  s2.loss_bbox_cls: 0.0248  s2.loss_bbox_reg: 0.0708  s2.loss_mask: 0.0465
2024/01/15 01:12:48 - mmengine - INFO - Epoch(train) [14][1600/1713]  lr: 2.0000e-02  eta: 2:19:53  time: 0.8071  data_time: 0.0076  memory: 5109  loss: 1.0158  loss_rpn_cls: 0.0078  loss_rpn_bbox: 0.0083  s0.loss_cls: 0.0691  s0.acc: 96.4844  s0.loss_bbox_cls: 0.0778  s0.loss_bbox_reg: 0.2269  s0.loss_mask: 0.1748  s1.loss_cls: 0.0264  s1.acc: 97.3392  s1.loss_bbox_cls: 0.0437  s1.loss_bbox_reg: 0.1279  s1.loss_mask: 0.0955  s2.loss_cls: 0.0134  s2.acc: 98.3834  s2.loss_bbox_cls: 0.0247  s2.loss_bbox_reg: 0.0714  s2.loss_mask: 0.0481
2024/01/15 01:13:28 - mmengine - INFO - Epoch(train) [14][1650/1713]  lr: 2.0000e-02  eta: 2:19:11  time: 0.8017  data_time: 0.0084  memory: 5147  loss: 1.0574  loss_rpn_cls: 0.0088  loss_rpn_bbox: 0.0085  s0.loss_cls: 0.0754  s0.acc: 94.7266  s0.loss_bbox_cls: 0.0852  s0.loss_bbox_reg: 0.2294  s0.loss_mask: 0.1791  s1.loss_cls: 0.0251  s1.acc: 99.1701  s1.loss_bbox_cls: 0.0482  s1.loss_bbox_reg: 0.1333  s1.loss_mask: 0.0997  s2.loss_cls: 0.0140  s2.acc: 98.5356  s2.loss_bbox_cls: 0.0282  s2.loss_bbox_reg: 0.0735  s2.loss_mask: 0.0488
2024/01/15 01:14:08 - mmengine - INFO - Epoch(train) [14][1700/1713]  lr: 2.0000e-02  eta: 2:18:25  time: 0.7903  data_time: 0.0079  memory: 5130  loss: 1.0671  loss_rpn_cls: 0.0105  loss_rpn_bbox: 0.0101  s0.loss_cls: 0.0842  s0.acc: 99.2188  s0.loss_bbox_cls: 0.0888  s0.loss_bbox_reg: 0.2261  s0.loss_mask: 0.1780  s1.loss_cls: 0.0313  s1.acc: 99.4141  s1.loss_bbox_cls: 0.0491  s1.loss_bbox_reg: 0.1284  s1.loss_mask: 0.1003  s2.loss_cls: 0.0161  s2.acc: 99.6094  s2.loss_bbox_cls: 0.0264  s2.loss_bbox_reg: 0.0705  s2.loss_mask: 0.0473
2024/01/15 01:14:19 - mmengine - INFO - Exp name: pcdummy_20240115_005109
2024/01/15 01:14:33 - mmengine - INFO - Epoch(val) [14][50/71]    eta: 0:00:06  time: 0.2876  data_time: 0.0291  memory: 5136  
2024/01/15 01:14:39 - mmengine - INFO - Evaluating bbox...
2024/01/15 01:14:39 - mmengine - INFO - bbox_mAP_copypaste: 0.641 0.887 0.745 0.581 0.720 -1.000
2024/01/15 01:14:39 - mmengine - INFO - Epoch(val) [14][71/71]    coco/bbox_mAP: 0.6410  coco/bbox_mAP_50: 0.8870  coco/bbox_mAP_75: 0.7450  coco/bbox_mAP_s: 0.5810  coco/bbox_mAP_m: 0.7200  coco/bbox_mAP_l: -1.0000  data_time: 0.0327  time: 0.2890
2024/01/15 01:14:54 - mmengine - INFO - Exp name: pcdummy_20240115_005109
2024/01/15 01:15:21 - mmengine - INFO - Epoch(train) [15][  50/1713]  lr: 2.0000e-02  eta: 2:17:40  time: 0.8255  data_time: 0.0086  memory: 5150  loss: 1.0086  loss_rpn_cls: 0.0121  loss_rpn_bbox: 0.0084  s0.loss_cls: 0.0841  s0.acc: 97.0703  s0.loss_bbox_cls: 0.0740  s0.loss_bbox_reg: 0.2364  s0.loss_mask: 0.1619  s1.loss_cls: 0.0257  s1.acc: 99.0847  s1.loss_bbox_cls: 0.0393  s1.loss_bbox_reg: 0.1264  s1.loss_mask: 0.0889  s2.loss_cls: 0.0160  s2.acc: 98.8399  s2.loss_bbox_cls: 0.0221  s2.loss_bbox_reg: 0.0695  s2.loss_mask: 0.0439
2024/01/15 01:16:01 - mmengine - INFO - Epoch(train) [15][ 100/1713]  lr: 2.0000e-02  eta: 2:16:59  time: 0.8037  data_time: 0.0084  memory: 5146  loss: 1.1325  loss_rpn_cls: 0.0128  loss_rpn_bbox: 0.0107  s0.loss_cls: 0.0806  s0.acc: 97.6562  s0.loss_bbox_cls: 0.0993  s0.loss_bbox_reg: 0.2535  s0.loss_mask: 0.1858  s1.loss_cls: 0.0278  s1.acc: 98.9059  s1.loss_bbox_cls: 0.0535  s1.loss_bbox_reg: 0.1396  s1.loss_mask: 0.1024  s2.loss_cls: 0.0151  s2.acc: 99.3378  s2.loss_bbox_cls: 0.0280  s2.loss_bbox_reg: 0.0736  s2.loss_mask: 0.0498
2024/01/15 01:16:41 - mmengine - INFO - Epoch(train) [15][ 150/1713]  lr: 2.0000e-02  eta: 2:16:19  time: 0.8096  data_time: 0.0084  memory: 5150  loss: 1.0262  loss_rpn_cls: 0.0101  loss_rpn_bbox: 0.0108  s0.loss_cls: 0.0838  s0.acc: 96.8750  s0.loss_bbox_cls: 0.0817  s0.loss_bbox_reg: 0.2285  s0.loss_mask: 0.1707  s1.loss_cls: 0.0280  s1.acc: 99.7788  s1.loss_bbox_cls: 0.0429  s1.loss_bbox_reg: 0.1252  s1.loss_mask: 0.0946  s2.loss_cls: 0.0153  s2.acc: 99.3103  s2.loss_bbox_cls: 0.0226  s2.loss_bbox_reg: 0.0669  s2.loss_mask: 0.0452
2024/01/15 01:17:22 - mmengine - INFO - Epoch(train) [15][ 200/1713]  lr: 2.0000e-02  eta: 2:15:39  time: 0.8083  data_time: 0.0079  memory: 5162  loss: 1.0754  loss_rpn_cls: 0.0146  loss_rpn_bbox: 0.0085  s0.loss_cls: 0.0812  s0.acc: 98.0469  s0.loss_bbox_cls: 0.0879  s0.loss_bbox_reg: 0.2377  s0.loss_mask: 0.1846  s1.loss_cls: 0.0319  s1.acc: 98.2942  s1.loss_bbox_cls: 0.0450  s1.loss_bbox_reg: 0.1270  s1.loss_mask: 0.1000  s2.loss_cls: 0.0151  s2.acc: 98.5106  s2.loss_bbox_cls: 0.0242  s2.loss_bbox_reg: 0.0686  s2.loss_mask: 0.0491
2024/01/15 01:18:02 - mmengine - INFO - Epoch(train) [15][ 250/1713]  lr: 2.0000e-02  eta: 2:14:56  time: 0.7977  data_time: 0.0082  memory: 5185  loss: 1.0488  loss_rpn_cls: 0.0090  loss_rpn_bbox: 0.0093  s0.loss_cls: 0.0745  s0.acc: 97.6562  s0.loss_bbox_cls: 0.0909  s0.loss_bbox_reg: 0.2371  s0.loss_mask: 0.1767  s1.loss_cls: 0.0279  s1.acc: 98.6248  s1.loss_bbox_cls: 0.0468  s1.loss_bbox_reg: 0.1269  s1.loss_mask: 0.0953  s2.loss_cls: 0.0149  s2.acc: 98.8024  s2.loss_bbox_cls: 0.0250  s2.loss_bbox_reg: 0.0681  s2.loss_mask: 0.0466
2024/01/15 01:18:40 - mmengine - INFO - Epoch(train) [15][ 300/1713]  lr: 2.0000e-02  eta: 2:14:09  time: 0.7796  data_time: 0.0084  memory: 5173  loss: 0.9426  loss_rpn_cls: 0.0078  loss_rpn_bbox: 0.0086  s0.loss_cls: 0.0594  s0.acc: 95.1172  s0.loss_bbox_cls: 0.0702  s0.loss_bbox_reg: 0.2029  s0.loss_mask: 0.1743  s1.loss_cls: 0.0172  s1.acc: 97.5104  s1.loss_bbox_cls: 0.0397  s1.loss_bbox_reg: 0.1197  s1.loss_mask: 0.0950  s2.loss_cls: 0.0090  s2.acc: 96.9828  s2.loss_bbox_cls: 0.0231  s2.loss_bbox_reg: 0.0680  s2.loss_mask: 0.0477
2024/01/15 01:19:21 - mmengine - INFO - Epoch(train) [15][ 350/1713]  lr: 2.0000e-02  eta: 2:13:27  time: 0.8020  data_time: 0.0077  memory: 5160  loss: 0.9423  loss_rpn_cls: 0.0100  loss_rpn_bbox: 0.0087  s0.loss_cls: 0.0705  s0.acc: 98.2422  s0.loss_bbox_cls: 0.0704  s0.loss_bbox_reg: 0.2149  s0.loss_mask: 0.1676  s1.loss_cls: 0.0219  s1.acc: 99.4141  s1.loss_bbox_cls: 0.0346  s1.loss_bbox_reg: 0.1119  s1.loss_mask: 0.0923  s2.loss_cls: 0.0102  s2.acc: 99.2188  s2.loss_bbox_cls: 0.0205  s2.loss_bbox_reg: 0.0631  s2.loss_mask: 0.0455
2024/01/15 01:20:01 - mmengine - INFO - Epoch(train) [15][ 400/1713]  lr: 2.0000e-02  eta: 2:12:48  time: 0.8114  data_time: 0.0081  memory: 5168  loss: 1.0642  loss_rpn_cls: 0.0106  loss_rpn_bbox: 0.0105  s0.loss_cls: 0.0810  s0.acc: 95.3125  s0.loss_bbox_cls: 0.0858  s0.loss_bbox_reg: 0.2413  s0.loss_mask: 0.1735  s1.loss_cls: 0.0265  s1.acc: 98.4582  s1.loss_bbox_cls: 0.0471  s1.loss_bbox_reg: 0.1366  s1.loss_mask: 0.0950  s2.loss_cls: 0.0136  s2.acc: 97.9499  s2.loss_bbox_cls: 0.0239  s2.loss_bbox_reg: 0.0728  s2.loss_mask: 0.0459
2024/01/15 01:20:42 - mmengine - INFO - Epoch(train) [15][ 450/1713]  lr: 2.0000e-02  eta: 2:12:10  time: 0.8184  data_time: 0.0075  memory: 5144  loss: 0.9739  loss_rpn_cls: 0.0114  loss_rpn_bbox: 0.0102  s0.loss_cls: 0.0787  s0.acc: 99.2188  s0.loss_bbox_cls: 0.0750  s0.loss_bbox_reg: 0.2238  s0.loss_mask: 0.1577  s1.loss_cls: 0.0253  s1.acc: 98.8281  s1.loss_bbox_cls: 0.0387  s1.loss_bbox_reg: 0.1224  s1.loss_mask: 0.0875  s2.loss_cls: 0.0128  s2.acc: 99.6094  s2.loss_bbox_cls: 0.0215  s2.loss_bbox_reg: 0.0664  s2.loss_mask: 0.0427
2024/01/15 01:21:21 - mmengine - INFO - Epoch(train) [15][ 500/1713]  lr: 2.0000e-02  eta: 2:11:26  time: 0.7873  data_time: 0.0085  memory: 5138  loss: 0.9698  loss_rpn_cls: 0.0064  loss_rpn_bbox: 0.0081  s0.loss_cls: 0.0644  s0.acc: 96.6797  s0.loss_bbox_cls: 0.0712  s0.loss_bbox_reg: 0.2277  s0.loss_mask: 0.1653  s1.loss_cls: 0.0183  s1.acc: 97.1366  s1.loss_bbox_cls: 0.0403  s1.loss_bbox_reg: 0.1272  s1.loss_mask: 0.0905  s2.loss_cls: 0.0099  s2.acc: 99.3056  s2.loss_bbox_cls: 0.0242  s2.loss_bbox_reg: 0.0710  s2.loss_mask: 0.0453
2024/01/15 01:22:01 - mmengine - INFO - Epoch(train) [15][ 550/1713]  lr: 2.0000e-02  eta: 2:10:41  time: 0.7870  data_time: 0.0081  memory: 5178  loss: 1.0344  loss_rpn_cls: 0.0082  loss_rpn_bbox: 0.0083  s0.loss_cls: 0.0685  s0.acc: 97.6562  s0.loss_bbox_cls: 0.0814  s0.loss_bbox_reg: 0.2282  s0.loss_mask: 0.1793  s1.loss_cls: 0.0238  s1.acc: 99.6040  s1.loss_bbox_cls: 0.0471  s1.loss_bbox_reg: 0.1333  s1.loss_mask: 0.0976  s2.loss_cls: 0.0128  s2.acc: 99.8000  s2.loss_bbox_cls: 0.0264  s2.loss_bbox_reg: 0.0718  s2.loss_mask: 0.0477
2024/01/15 01:22:39 - mmengine - INFO - Epoch(train) [15][ 600/1713]  lr: 2.0000e-02  eta: 2:09:53  time: 0.7695  data_time: 0.0074  memory: 5148  loss: 0.9294  loss_rpn_cls: 0.0074  loss_rpn_bbox: 0.0084  s0.loss_cls: 0.0669  s0.acc: 95.1172  s0.loss_bbox_cls: 0.0713  s0.loss_bbox_reg: 0.2002  s0.loss_mask: 0.1731  s1.loss_cls: 0.0184  s1.acc: 96.7672  s1.loss_bbox_cls: 0.0379  s1.loss_bbox_reg: 0.1123  s1.loss_mask: 0.0948  s2.loss_cls: 0.0099  s2.acc: 97.5336  s2.loss_bbox_cls: 0.0208  s2.loss_bbox_reg: 0.0612  s2.loss_mask: 0.0469
2024/01/15 01:23:20 - mmengine - INFO - Epoch(train) [15][ 650/1713]  lr: 2.0000e-02  eta: 2:09:15  time: 0.8167  data_time: 0.0080  memory: 5163  loss: 1.0764  loss_rpn_cls: 0.0116  loss_rpn_bbox: 0.0103  s0.loss_cls: 0.0759  s0.acc: 97.2656  s0.loss_bbox_cls: 0.0944  s0.loss_bbox_reg: 0.2535  s0.loss_mask: 0.1745  s1.loss_cls: 0.0213  s1.acc: 99.0234  s1.loss_bbox_cls: 0.0470  s1.loss_bbox_reg: 0.1340  s1.loss_mask: 0.0955  s2.loss_cls: 0.0111  s2.acc: 99.8047  s2.loss_bbox_cls: 0.0268  s2.loss_bbox_reg: 0.0743  s2.loss_mask: 0.0461
2024/01/15 01:24:00 - mmengine - INFO - Epoch(train) [15][ 700/1713]  lr: 2.0000e-02  eta: 2:08:33  time: 0.7951  data_time: 0.0082  memory: 5153  loss: 1.1194  loss_rpn_cls: 0.0100  loss_rpn_bbox: 0.0103  s0.loss_cls: 0.0817  s0.acc: 96.2891  s0.loss_bbox_cls: 0.0928  s0.loss_bbox_reg: 0.2398  s0.loss_mask: 0.1952  s1.loss_cls: 0.0257  s1.acc: 98.3640  s1.loss_bbox_cls: 0.0522  s1.loss_bbox_reg: 0.1383  s1.loss_mask: 0.1048  s2.loss_cls: 0.0142  s2.acc: 97.9080  s2.loss_bbox_cls: 0.0289  s2.loss_bbox_reg: 0.0746  s2.loss_mask: 0.0509
2024/01/15 01:24:38 - mmengine - INFO - Epoch(train) [15][ 750/1713]  lr: 2.0000e-02  eta: 2:07:45  time: 0.7683  data_time: 0.0079  memory: 5105  loss: 0.9559  loss_rpn_cls: 0.0111  loss_rpn_bbox: 0.0107  s0.loss_cls: 0.0738  s0.acc: 98.0469  s0.loss_bbox_cls: 0.0715  s0.loss_bbox_reg: 0.2030  s0.loss_mask: 0.1705  s1.loss_cls: 0.0213  s1.acc: 99.2188  s1.loss_bbox_cls: 0.0381  s1.loss_bbox_reg: 0.1156  s1.loss_mask: 0.0949  s2.loss_cls: 0.0122  s2.acc: 99.2188  s2.loss_bbox_cls: 0.0220  s2.loss_bbox_reg: 0.0642  s2.loss_mask: 0.0470
2024/01/15 01:25:18 - mmengine - INFO - Epoch(train) [15][ 800/1713]  lr: 2.0000e-02  eta: 2:07:02  time: 0.7876  data_time: 0.0079  memory: 5140  loss: 0.9567  loss_rpn_cls: 0.0091  loss_rpn_bbox: 0.0100  s0.loss_cls: 0.0687  s0.acc: 98.2422  s0.loss_bbox_cls: 0.0690  s0.loss_bbox_reg: 0.2121  s0.loss_mask: 0.1602  s1.loss_cls: 0.0206  s1.acc: 97.5501  s1.loss_bbox_cls: 0.0384  s1.loss_bbox_reg: 0.1286  s1.loss_mask: 0.0907  s2.loss_cls: 0.0108  s2.acc: 99.7727  s2.loss_bbox_cls: 0.0232  s2.loss_bbox_reg: 0.0701  s2.loss_mask: 0.0452
2024/01/15 01:25:59 - mmengine - INFO - Epoch(train) [15][ 850/1713]  lr: 2.0000e-02  eta: 2:06:24  time: 0.8186  data_time: 0.0083  memory: 5153  loss: 1.1163  loss_rpn_cls: 0.0106  loss_rpn_bbox: 0.0116  s0.loss_cls: 0.0809  s0.acc: 97.8516  s0.loss_bbox_cls: 0.0908  s0.loss_bbox_reg: 0.2711  s0.loss_mask: 0.1655  s1.loss_cls: 0.0246  s1.acc: 98.5887  s1.loss_bbox_cls: 0.0497  s1.loss_bbox_reg: 0.1502  s1.loss_mask: 0.0929  s2.loss_cls: 0.0143  s2.acc: 97.9508  s2.loss_bbox_cls: 0.0278  s2.loss_bbox_reg: 0.0807  s2.loss_mask: 0.0454
2024/01/15 01:26:38 - mmengine - INFO - Epoch(train) [15][ 900/1713]  lr: 2.0000e-02  eta: 2:05:43  time: 0.7954  data_time: 0.0093  memory: 5120  loss: 1.1544  loss_rpn_cls: 0.0101  loss_rpn_bbox: 0.0097  s0.loss_cls: 0.0836  s0.acc: 97.0703  s0.loss_bbox_cls: 0.0962  s0.loss_bbox_reg: 0.2551  s0.loss_mask: 0.1867  s1.loss_cls: 0.0321  s1.acc: 97.6562  s1.loss_bbox_cls: 0.0524  s1.loss_bbox_reg: 0.1476  s1.loss_mask: 0.1051  s2.loss_cls: 0.0159  s2.acc: 96.6797  s2.loss_bbox_cls: 0.0300  s2.loss_bbox_reg: 0.0785  s2.loss_mask: 0.0513
2024/01/15 01:27:19 - mmengine - INFO - Epoch(train) [15][ 950/1713]  lr: 2.0000e-02  eta: 2:05:03  time: 0.8108  data_time: 0.0087  memory: 5192  loss: 1.0885  loss_rpn_cls: 0.0074  loss_rpn_bbox: 0.0095  s0.loss_cls: 0.0819  s0.acc: 98.6328  s0.loss_bbox_cls: 0.0922  s0.loss_bbox_reg: 0.2523  s0.loss_mask: 0.1745  s1.loss_cls: 0.0262  s1.acc: 99.0234  s1.loss_bbox_cls: 0.0460  s1.loss_bbox_reg: 0.1403  s1.loss_mask: 0.0960  s2.loss_cls: 0.0123  s2.acc: 98.6248  s2.loss_bbox_cls: 0.0274  s2.loss_bbox_reg: 0.0762  s2.loss_mask: 0.0462
2024/01/15 01:27:58 - mmengine - INFO - Epoch(train) [15][1000/1713]  lr: 2.0000e-02  eta: 2:04:20  time: 0.7856  data_time: 0.0086  memory: 5142  loss: 1.0379  loss_rpn_cls: 0.0086  loss_rpn_bbox: 0.0098  s0.loss_cls: 0.0785  s0.acc: 98.2422  s0.loss_bbox_cls: 0.0805  s0.loss_bbox_reg: 0.2221  s0.loss_mask: 0.1755  s1.loss_cls: 0.0319  s1.acc: 98.4375  s1.loss_bbox_cls: 0.0454  s1.loss_bbox_reg: 0.1307  s1.loss_mask: 0.0973  s2.loss_cls: 0.0160  s2.acc: 98.0469  s2.loss_bbox_cls: 0.0242  s2.loss_bbox_reg: 0.0700  s2.loss_mask: 0.0475
2024/01/15 01:28:12 - mmengine - INFO - Exp name: pcdummy_20240115_005109
2024/01/15 01:28:38 - mmengine - INFO - Epoch(train) [15][1050/1713]  lr: 2.0000e-02  eta: 2:03:38  time: 0.7948  data_time: 0.0077  memory: 5147  loss: 1.0746  loss_rpn_cls: 0.0133  loss_rpn_bbox: 0.0107  s0.loss_cls: 0.0820  s0.acc: 97.2656  s0.loss_bbox_cls: 0.0899  s0.loss_bbox_reg: 0.2419  s0.loss_mask: 0.1772  s1.loss_cls: 0.0279  s1.acc: 96.4844  s1.loss_bbox_cls: 0.0459  s1.loss_bbox_reg: 0.1304  s1.loss_mask: 0.0955  s2.loss_cls: 0.0126  s2.acc: 95.8984  s2.loss_bbox_cls: 0.0270  s2.loss_bbox_reg: 0.0724  s2.loss_mask: 0.0479
2024/01/15 01:29:18 - mmengine - INFO - Epoch(train) [15][1100/1713]  lr: 2.0000e-02  eta: 2:02:57  time: 0.7959  data_time: 0.0078  memory: 5173  loss: 1.0547  loss_rpn_cls: 0.0114  loss_rpn_bbox: 0.0103  s0.loss_cls: 0.0819  s0.acc: 94.9219  s0.loss_bbox_cls: 0.0843  s0.loss_bbox_reg: 0.2212  s0.loss_mask: 0.1800  s1.loss_cls: 0.0354  s1.acc: 96.8750  s1.loss_bbox_cls: 0.0458  s1.loss_bbox_reg: 0.1308  s1.loss_mask: 0.0987  s2.loss_cls: 0.0153  s2.acc: 99.2188  s2.loss_bbox_cls: 0.0241  s2.loss_bbox_reg: 0.0695  s2.loss_mask: 0.0461
2024/01/15 01:29:58 - mmengine - INFO - Epoch(train) [15][1150/1713]  lr: 2.0000e-02  eta: 2:02:17  time: 0.8047  data_time: 0.0080  memory: 5126  loss: 1.0927  loss_rpn_cls: 0.0116  loss_rpn_bbox: 0.0107  s0.loss_cls: 0.0907  s0.acc: 96.2891  s0.loss_bbox_cls: 0.0863  s0.loss_bbox_reg: 0.2404  s0.loss_mask: 0.1879  s1.loss_cls: 0.0321  s1.acc: 98.0603  s1.loss_bbox_cls: 0.0444  s1.loss_bbox_reg: 0.1300  s1.loss_mask: 0.0977  s2.loss_cls: 0.0177  s2.acc: 98.0044  s2.loss_bbox_cls: 0.0248  s2.loss_bbox_reg: 0.0705  s2.loss_mask: 0.0479
2024/01/15 01:30:38 - mmengine - INFO - Epoch(train) [15][1200/1713]  lr: 2.0000e-02  eta: 2:01:37  time: 0.8092  data_time: 0.0079  memory: 5182  loss: 1.0805  loss_rpn_cls: 0.0122  loss_rpn_bbox: 0.0101  s0.loss_cls: 0.0822  s0.acc: 97.4609  s0.loss_bbox_cls: 0.0881  s0.loss_bbox_reg: 0.2526  s0.loss_mask: 0.1790  s1.loss_cls: 0.0232  s1.acc: 100.0000  s1.loss_bbox_cls: 0.0468  s1.loss_bbox_reg: 0.1362  s1.loss_mask: 0.0951  s2.loss_cls: 0.0115  s2.acc: 99.7868  s2.loss_bbox_cls: 0.0252  s2.loss_bbox_reg: 0.0723  s2.loss_mask: 0.0462
2024/01/15 01:31:18 - mmengine - INFO - Epoch(train) [15][1250/1713]  lr: 2.0000e-02  eta: 2:00:55  time: 0.7924  data_time: 0.0085  memory: 5136  loss: 1.0841  loss_rpn_cls: 0.0108  loss_rpn_bbox: 0.0091  s0.loss_cls: 0.0803  s0.acc: 97.8516  s0.loss_bbox_cls: 0.0939  s0.loss_bbox_reg: 0.2495  s0.loss_mask: 0.1843  s1.loss_cls: 0.0225  s1.acc: 100.0000  s1.loss_bbox_cls: 0.0481  s1.loss_bbox_reg: 0.1306  s1.loss_mask: 0.1002  s2.loss_cls: 0.0137  s2.acc: 99.6094  s2.loss_bbox_cls: 0.0246  s2.loss_bbox_reg: 0.0687  s2.loss_mask: 0.0478
2024/01/15 01:31:58 - mmengine - INFO - Epoch(train) [15][1300/1713]  lr: 2.0000e-02  eta: 2:00:14  time: 0.7945  data_time: 0.0084  memory: 5157  loss: 1.1107  loss_rpn_cls: 0.0126  loss_rpn_bbox: 0.0109  s0.loss_cls: 0.0868  s0.acc: 96.4844  s0.loss_bbox_cls: 0.0956  s0.loss_bbox_reg: 0.2541  s0.loss_mask: 0.1812  s1.loss_cls: 0.0244  s1.acc: 97.7273  s1.loss_bbox_cls: 0.0490  s1.loss_bbox_reg: 0.1385  s1.loss_mask: 0.0980  s2.loss_cls: 0.0130  s2.acc: 97.9021  s2.loss_bbox_cls: 0.0266  s2.loss_bbox_reg: 0.0727  s2.loss_mask: 0.0473
2024/01/15 01:32:37 - mmengine - INFO - Epoch(train) [15][1350/1713]  lr: 2.0000e-02  eta: 1:59:30  time: 0.7807  data_time: 0.0080  memory: 5163  loss: 1.0470  loss_rpn_cls: 0.0135  loss_rpn_bbox: 0.0091  s0.loss_cls: 0.0816  s0.acc: 95.7031  s0.loss_bbox_cls: 0.0839  s0.loss_bbox_reg: 0.2334  s0.loss_mask: 0.1781  s1.loss_cls: 0.0229  s1.acc: 95.8984  s1.loss_bbox_cls: 0.0460  s1.loss_bbox_reg: 0.1269  s1.loss_mask: 0.1006  s2.loss_cls: 0.0120  s2.acc: 97.0703  s2.loss_bbox_cls: 0.0238  s2.loss_bbox_reg: 0.0663  s2.loss_mask: 0.0488
2024/01/15 01:33:18 - mmengine - INFO - Epoch(train) [15][1400/1713]  lr: 2.0000e-02  eta: 1:58:52  time: 0.8134  data_time: 0.0081  memory: 5160  loss: 1.0567  loss_rpn_cls: 0.0117  loss_rpn_bbox: 0.0108  s0.loss_cls: 0.0811  s0.acc: 97.2656  s0.loss_bbox_cls: 0.0898  s0.loss_bbox_reg: 0.2449  s0.loss_mask: 0.1693  s1.loss_cls: 0.0235  s1.acc: 98.6328  s1.loss_bbox_cls: 0.0460  s1.loss_bbox_reg: 0.1313  s1.loss_mask: 0.0958  s2.loss_cls: 0.0103  s2.acc: 99.6094  s2.loss_bbox_cls: 0.0249  s2.loss_bbox_reg: 0.0699  s2.loss_mask: 0.0474
2024/01/15 01:33:57 - mmengine - INFO - Epoch(train) [15][1450/1713]  lr: 2.0000e-02  eta: 1:58:11  time: 0.7978  data_time: 0.0078  memory: 5153  loss: 0.9679  loss_rpn_cls: 0.0070  loss_rpn_bbox: 0.0098  s0.loss_cls: 0.0677  s0.acc: 96.0938  s0.loss_bbox_cls: 0.0703  s0.loss_bbox_reg: 0.2255  s0.loss_mask: 0.1671  s1.loss_cls: 0.0183  s1.acc: 99.3711  s1.loss_bbox_cls: 0.0371  s1.loss_bbox_reg: 0.1271  s1.loss_mask: 0.0934  s2.loss_cls: 0.0086  s2.acc: 99.5789  s2.loss_bbox_cls: 0.0216  s2.loss_bbox_reg: 0.0683  s2.loss_mask: 0.0461
2024/01/15 01:34:37 - mmengine - INFO - Epoch(train) [15][1500/1713]  lr: 2.0000e-02  eta: 1:57:30  time: 0.7993  data_time: 0.0092  memory: 5157  loss: 1.0368  loss_rpn_cls: 0.0071  loss_rpn_bbox: 0.0090  s0.loss_cls: 0.0758  s0.acc: 98.6328  s0.loss_bbox_cls: 0.0834  s0.loss_bbox_reg: 0.2283  s0.loss_mask: 0.1806  s1.loss_cls: 0.0231  s1.acc: 98.9960  s1.loss_bbox_cls: 0.0465  s1.loss_bbox_reg: 0.1295  s1.loss_mask: 0.0981  s2.loss_cls: 0.0120  s2.acc: 99.5842  s2.loss_bbox_cls: 0.0241  s2.loss_bbox_reg: 0.0708  s2.loss_mask: 0.0484
2024/01/15 01:35:18 - mmengine - INFO - Epoch(train) [15][1550/1713]  lr: 2.0000e-02  eta: 1:56:52  time: 0.8170  data_time: 0.0079  memory: 5158  loss: 1.0722  loss_rpn_cls: 0.0098  loss_rpn_bbox: 0.0097  s0.loss_cls: 0.0866  s0.acc: 97.0703  s0.loss_bbox_cls: 0.0898  s0.loss_bbox_reg: 0.2445  s0.loss_mask: 0.1845  s1.loss_cls: 0.0282  s1.acc: 99.4141  s1.loss_bbox_cls: 0.0447  s1.loss_bbox_reg: 0.1282  s1.loss_mask: 0.0950  s2.loss_cls: 0.0161  s2.acc: 98.4375  s2.loss_bbox_cls: 0.0221  s2.loss_bbox_reg: 0.0663  s2.loss_mask: 0.0466
2024/01/15 01:35:59 - mmengine - INFO - Epoch(train) [15][1600/1713]  lr: 2.0000e-02  eta: 1:56:13  time: 0.8142  data_time: 0.0081  memory: 5159  loss: 1.0732  loss_rpn_cls: 0.0091  loss_rpn_bbox: 0.0095  s0.loss_cls: 0.0813  s0.acc: 95.5078  s0.loss_bbox_cls: 0.0866  s0.loss_bbox_reg: 0.2511  s0.loss_mask: 0.1780  s1.loss_cls: 0.0243  s1.acc: 97.2163  s1.loss_bbox_cls: 0.0450  s1.loss_bbox_reg: 0.1343  s1.loss_mask: 0.0993  s2.loss_cls: 0.0132  s2.acc: 97.4194  s2.loss_bbox_cls: 0.0235  s2.loss_bbox_reg: 0.0705  s2.loss_mask: 0.0475
2024/01/15 01:36:38 - mmengine - INFO - Epoch(train) [15][1650/1713]  lr: 2.0000e-02  eta: 1:55:31  time: 0.7881  data_time: 0.0081  memory: 5173  loss: 1.0419  loss_rpn_cls: 0.0121  loss_rpn_bbox: 0.0090  s0.loss_cls: 0.0739  s0.acc: 96.6797  s0.loss_bbox_cls: 0.0855  s0.loss_bbox_reg: 0.2225  s0.loss_mask: 0.1861  s1.loss_cls: 0.0204  s1.acc: 98.2103  s1.loss_bbox_cls: 0.0465  s1.loss_bbox_reg: 0.1297  s1.loss_mask: 0.1023  s2.loss_cls: 0.0114  s2.acc: 98.5849  s2.loss_bbox_cls: 0.0250  s2.loss_bbox_reg: 0.0677  s2.loss_mask: 0.0498
2024/01/15 01:37:18 - mmengine - INFO - Epoch(train) [15][1700/1713]  lr: 2.0000e-02  eta: 1:54:48  time: 0.7849  data_time: 0.0082  memory: 5144  loss: 1.0180  loss_rpn_cls: 0.0089  loss_rpn_bbox: 0.0103  s0.loss_cls: 0.0818  s0.acc: 95.3125  s0.loss_bbox_cls: 0.0810  s0.loss_bbox_reg: 0.2261  s0.loss_mask: 0.1735  s1.loss_cls: 0.0266  s1.acc: 96.3519  s1.loss_bbox_cls: 0.0410  s1.loss_bbox_reg: 0.1240  s1.loss_mask: 0.0945  s2.loss_cls: 0.0128  s2.acc: 98.4881  s2.loss_bbox_cls: 0.0236  s2.loss_bbox_reg: 0.0676  s2.loss_mask: 0.0464
2024/01/15 01:37:28 - mmengine - INFO - Exp name: pcdummy_20240115_005109
2024/01/15 01:37:41 - mmengine - INFO - Epoch(val) [15][50/71]    eta: 0:00:05  time: 0.2759  data_time: 0.0248  memory: 5080  
2024/01/15 01:37:47 - mmengine - INFO - Evaluating bbox...
2024/01/15 01:37:48 - mmengine - INFO - bbox_mAP_copypaste: 0.635 0.885 0.726 0.571 0.719 -1.000
2024/01/15 01:37:48 - mmengine - INFO - Epoch(val) [15][71/71]    coco/bbox_mAP: 0.6350  coco/bbox_mAP_50: 0.8850  coco/bbox_mAP_75: 0.7260  coco/bbox_mAP_s: 0.5710  coco/bbox_mAP_m: 0.7190  coco/bbox_mAP_l: -1.0000  data_time: 0.0287  time: 0.2785
2024/01/15 01:38:27 - mmengine - INFO - Epoch(train) [16][  50/1713]  lr: 2.0000e-02  eta: 1:53:54  time: 0.7796  data_time: 0.0083  memory: 5160  loss: 0.9402  loss_rpn_cls: 0.0082  loss_rpn_bbox: 0.0068  s0.loss_cls: 0.0695  s0.acc: 98.2422  s0.loss_bbox_cls: 0.0741  s0.loss_bbox_reg: 0.2020  s0.loss_mask: 0.1637  s1.loss_cls: 0.0225  s1.acc: 98.7013  s1.loss_bbox_cls: 0.0406  s1.loss_bbox_reg: 0.1179  s1.loss_mask: 0.0921  s2.loss_cls: 0.0104  s2.acc: 98.8839  s2.loss_bbox_cls: 0.0221  s2.loss_bbox_reg: 0.0650  s2.loss_mask: 0.0455
2024/01/15 01:39:07 - mmengine - INFO - Epoch(train) [16][ 100/1713]  lr: 2.0000e-02  eta: 1:53:15  time: 0.8098  data_time: 0.0085  memory: 5187  loss: 1.1638  loss_rpn_cls: 0.0121  loss_rpn_bbox: 0.0101  s0.loss_cls: 0.0978  s0.acc: 97.4609  s0.loss_bbox_cls: 0.1028  s0.loss_bbox_reg: 0.2597  s0.loss_mask: 0.1898  s1.loss_cls: 0.0326  s1.acc: 98.4375  s1.loss_bbox_cls: 0.0516  s1.loss_bbox_reg: 0.1402  s1.loss_mask: 0.1008  s2.loss_cls: 0.0158  s2.acc: 99.2188  s2.loss_bbox_cls: 0.0275  s2.loss_bbox_reg: 0.0742  s2.loss_mask: 0.0487
2024/01/15 01:39:46 - mmengine - INFO - Epoch(train) [16][ 150/1713]  lr: 2.0000e-02  eta: 1:52:32  time: 0.7791  data_time: 0.0078  memory: 5121  loss: 0.9363  loss_rpn_cls: 0.0051  loss_rpn_bbox: 0.0082  s0.loss_cls: 0.0613  s0.acc: 97.0703  s0.loss_bbox_cls: 0.0726  s0.loss_bbox_reg: 0.2107  s0.loss_mask: 0.1705  s1.loss_cls: 0.0170  s1.acc: 99.3644  s1.loss_bbox_cls: 0.0374  s1.loss_bbox_reg: 0.1183  s1.loss_mask: 0.0947  s2.loss_cls: 0.0079  s2.acc: 98.9177  s2.loss_bbox_cls: 0.0215  s2.loss_bbox_reg: 0.0648  s2.loss_mask: 0.0464
2024/01/15 01:40:26 - mmengine - INFO - Epoch(train) [16][ 200/1713]  lr: 2.0000e-02  eta: 1:51:51  time: 0.7975  data_time: 0.0081  memory: 5153  loss: 1.0290  loss_rpn_cls: 0.0093  loss_rpn_bbox: 0.0093  s0.loss_cls: 0.0751  s0.acc: 95.8984  s0.loss_bbox_cls: 0.0815  s0.loss_bbox_reg: 0.2318  s0.loss_mask: 0.1845  s1.loss_cls: 0.0222  s1.acc: 98.7578  s1.loss_bbox_cls: 0.0402  s1.loss_bbox_reg: 0.1257  s1.loss_mask: 0.0968  s2.loss_cls: 0.0110  s2.acc: 98.9648  s2.loss_bbox_cls: 0.0233  s2.loss_bbox_reg: 0.0710  s2.loss_mask: 0.0472
2024/01/15 01:41:07 - mmengine - INFO - Epoch(train) [16][ 250/1713]  lr: 2.0000e-02  eta: 1:51:13  time: 0.8209  data_time: 0.0083  memory: 5157  loss: 1.0203  loss_rpn_cls: 0.0101  loss_rpn_bbox: 0.0081  s0.loss_cls: 0.0751  s0.acc: 97.4609  s0.loss_bbox_cls: 0.0828  s0.loss_bbox_reg: 0.2365  s0.loss_mask: 0.1679  s1.loss_cls: 0.0204  s1.acc: 99.3378  s1.loss_bbox_cls: 0.0430  s1.loss_bbox_reg: 0.1321  s1.loss_mask: 0.0906  s2.loss_cls: 0.0094  s2.acc: 99.7738  s2.loss_bbox_cls: 0.0259  s2.loss_bbox_reg: 0.0728  s2.loss_mask: 0.0456
2024/01/15 01:41:47 - mmengine - INFO - Epoch(train) [16][ 300/1713]  lr: 2.0000e-02  eta: 1:50:32  time: 0.7956  data_time: 0.0087  memory: 5114  loss: 1.0225  loss_rpn_cls: 0.0066  loss_rpn_bbox: 0.0089  s0.loss_cls: 0.0693  s0.acc: 98.0469  s0.loss_bbox_cls: 0.0786  s0.loss_bbox_reg: 0.2317  s0.loss_mask: 0.1676  s1.loss_cls: 0.0223  s1.acc: 97.8587  s1.loss_bbox_cls: 0.0459  s1.loss_bbox_reg: 0.1340  s1.loss_mask: 0.0980  s2.loss_cls: 0.0116  s2.acc: 99.3166  s2.loss_bbox_cls: 0.0274  s2.loss_bbox_reg: 0.0736  s2.loss_mask: 0.0471
2024/01/15 01:41:51 - mmengine - INFO - Exp name: pcdummy_20240115_005109
2024/01/15 01:42:27 - mmengine - INFO - Epoch(train) [16][ 350/1713]  lr: 2.0000e-02  eta: 1:49:52  time: 0.7981  data_time: 0.0080  memory: 5125  loss: 1.0405  loss_rpn_cls: 0.0095  loss_rpn_bbox: 0.0085  s0.loss_cls: 0.0831  s0.acc: 95.5078  s0.loss_bbox_cls: 0.0869  s0.loss_bbox_reg: 0.2324  s0.loss_mask: 0.1776  s1.loss_cls: 0.0231  s1.acc: 95.3229  s1.loss_bbox_cls: 0.0426  s1.loss_bbox_reg: 0.1280  s1.loss_mask: 0.0967  s2.loss_cls: 0.0107  s2.acc: 98.4375  s2.loss_bbox_cls: 0.0239  s2.loss_bbox_reg: 0.0707  s2.loss_mask: 0.0470
2024/01/15 01:43:08 - mmengine - INFO - Epoch(train) [16][ 400/1713]  lr: 2.0000e-02  eta: 1:49:14  time: 0.8251  data_time: 0.0084  memory: 5143  loss: 1.0499  loss_rpn_cls: 0.0110  loss_rpn_bbox: 0.0102  s0.loss_cls: 0.0920  s0.acc: 96.4844  s0.loss_bbox_cls: 0.0858  s0.loss_bbox_reg: 0.2425  s0.loss_mask: 0.1709  s1.loss_cls: 0.0276  s1.acc: 96.7105  s1.loss_bbox_cls: 0.0411  s1.loss_bbox_reg: 0.1278  s1.loss_mask: 0.0910  s2.loss_cls: 0.0138  s2.acc: 96.5278  s2.loss_bbox_cls: 0.0226  s2.loss_bbox_reg: 0.0679  s2.loss_mask: 0.0457
2024/01/15 01:43:48 - mmengine - INFO - Epoch(train) [16][ 450/1713]  lr: 2.0000e-02  eta: 1:48:33  time: 0.8007  data_time: 0.0082  memory: 5183  loss: 0.9671  loss_rpn_cls: 0.0099  loss_rpn_bbox: 0.0099  s0.loss_cls: 0.0781  s0.acc: 99.0234  s0.loss_bbox_cls: 0.0800  s0.loss_bbox_reg: 0.2167  s0.loss_mask: 0.1672  s1.loss_cls: 0.0212  s1.acc: 98.6328  s1.loss_bbox_cls: 0.0380  s1.loss_bbox_reg: 0.1173  s1.loss_mask: 0.0906  s2.loss_cls: 0.0115  s2.acc: 99.4141  s2.loss_bbox_cls: 0.0207  s2.loss_bbox_reg: 0.0617  s2.loss_mask: 0.0445
2024/01/15 01:44:28 - mmengine - INFO - Epoch(train) [16][ 500/1713]  lr: 2.0000e-02  eta: 1:47:53  time: 0.7995  data_time: 0.0086  memory: 5167  loss: 0.9610  loss_rpn_cls: 0.0102  loss_rpn_bbox: 0.0097  s0.loss_cls: 0.0763  s0.acc: 99.0234  s0.loss_bbox_cls: 0.0706  s0.loss_bbox_reg: 0.2216  s0.loss_mask: 0.1647  s1.loss_cls: 0.0213  s1.acc: 99.4141  s1.loss_bbox_cls: 0.0365  s1.loss_bbox_reg: 0.1202  s1.loss_mask: 0.0906  s2.loss_cls: 0.0108  s2.acc: 99.8024  s2.loss_bbox_cls: 0.0200  s2.loss_bbox_reg: 0.0633  s2.loss_mask: 0.0452
2024/01/15 01:45:07 - mmengine - INFO - Epoch(train) [16][ 550/1713]  lr: 2.0000e-02  eta: 1:47:12  time: 0.7899  data_time: 0.0085  memory: 5190  loss: 0.9878  loss_rpn_cls: 0.0092  loss_rpn_bbox: 0.0083  s0.loss_cls: 0.0765  s0.acc: 95.7031  s0.loss_bbox_cls: 0.0774  s0.loss_bbox_reg: 0.2283  s0.loss_mask: 0.1659  s1.loss_cls: 0.0208  s1.acc: 97.9263  s1.loss_bbox_cls: 0.0422  s1.loss_bbox_reg: 0.1245  s1.loss_mask: 0.0931  s2.loss_cls: 0.0096  s2.acc: 98.0392  s2.loss_bbox_cls: 0.0219  s2.loss_bbox_reg: 0.0647  s2.loss_mask: 0.0453
2024/01/15 01:45:47 - mmengine - INFO - Epoch(train) [16][ 600/1713]  lr: 2.0000e-02  eta: 1:46:30  time: 0.7873  data_time: 0.0079  memory: 5162  loss: 0.9253  loss_rpn_cls: 0.0113  loss_rpn_bbox: 0.0071  s0.loss_cls: 0.0666  s0.acc: 95.7031  s0.loss_bbox_cls: 0.0705  s0.loss_bbox_reg: 0.2127  s0.loss_mask: 0.1654  s1.loss_cls: 0.0166  s1.acc: 98.2422  s1.loss_bbox_cls: 0.0332  s1.loss_bbox_reg: 0.1128  s1.loss_mask: 0.0929  s2.loss_cls: 0.0082  s2.acc: 98.0469  s2.loss_bbox_cls: 0.0202  s2.loss_bbox_reg: 0.0623  s2.loss_mask: 0.0455
2024/01/15 01:46:27 - mmengine - INFO - Epoch(train) [16][ 650/1713]  lr: 2.0000e-02  eta: 1:45:51  time: 0.8113  data_time: 0.0086  memory: 5129  loss: 1.0604  loss_rpn_cls: 0.0092  loss_rpn_bbox: 0.0110  s0.loss_cls: 0.0887  s0.acc: 97.6562  s0.loss_bbox_cls: 0.0856  s0.loss_bbox_reg: 0.2372  s0.loss_mask: 0.1827  s1.loss_cls: 0.0247  s1.acc: 99.3304  s1.loss_bbox_cls: 0.0422  s1.loss_bbox_reg: 0.1255  s1.loss_mask: 0.1007  s2.loss_cls: 0.0115  s2.acc: 99.3135  s2.loss_bbox_cls: 0.0242  s2.loss_bbox_reg: 0.0683  s2.loss_mask: 0.0489
2024/01/15 01:47:07 - mmengine - INFO - Epoch(train) [16][ 700/1713]  lr: 2.0000e-02  eta: 1:45:11  time: 0.8024  data_time: 0.0081  memory: 5125  loss: 1.0743  loss_rpn_cls: 0.0081  loss_rpn_bbox: 0.0092  s0.loss_cls: 0.0811  s0.acc: 98.0469  s0.loss_bbox_cls: 0.0937  s0.loss_bbox_reg: 0.2544  s0.loss_mask: 0.1744  s1.loss_cls: 0.0205  s1.acc: 99.4141  s1.loss_bbox_cls: 0.0464  s1.loss_bbox_reg: 0.1326  s1.loss_mask: 0.0966  s2.loss_cls: 0.0116  s2.acc: 99.8047  s2.loss_bbox_cls: 0.0254  s2.loss_bbox_reg: 0.0726  s2.loss_mask: 0.0475
2024/01/15 01:47:47 - mmengine - INFO - Epoch(train) [16][ 750/1713]  lr: 2.0000e-02  eta: 1:44:30  time: 0.7968  data_time: 0.0080  memory: 5161  loss: 0.9998  loss_rpn_cls: 0.0088  loss_rpn_bbox: 0.0105  s0.loss_cls: 0.0834  s0.acc: 98.2422  s0.loss_bbox_cls: 0.0794  s0.loss_bbox_reg: 0.2224  s0.loss_mask: 0.1702  s1.loss_cls: 0.0213  s1.acc: 99.2188  s1.loss_bbox_cls: 0.0406  s1.loss_bbox_reg: 0.1221  s1.loss_mask: 0.0937  s2.loss_cls: 0.0124  s2.acc: 99.8047  s2.loss_bbox_cls: 0.0223  s2.loss_bbox_reg: 0.0660  s2.loss_mask: 0.0465
2024/01/15 01:48:28 - mmengine - INFO - Epoch(train) [16][ 800/1713]  lr: 2.0000e-02  eta: 1:43:50  time: 0.8088  data_time: 0.0084  memory: 5140  loss: 1.0894  loss_rpn_cls: 0.0123  loss_rpn_bbox: 0.0117  s0.loss_cls: 0.0890  s0.acc: 96.6797  s0.loss_bbox_cls: 0.0921  s0.loss_bbox_reg: 0.2455  s0.loss_mask: 0.1787  s1.loss_cls: 0.0302  s1.acc: 99.0566  s1.loss_bbox_cls: 0.0450  s1.loss_bbox_reg: 0.1295  s1.loss_mask: 0.0968  s2.loss_cls: 0.0145  s2.acc: 98.5149  s2.loss_bbox_cls: 0.0259  s2.loss_bbox_reg: 0.0717  s2.loss_mask: 0.0466
2024/01/15 01:49:08 - mmengine - INFO - Epoch(train) [16][ 850/1713]  lr: 2.0000e-02  eta: 1:43:10  time: 0.7993  data_time: 0.0082  memory: 5098  loss: 1.0125  loss_rpn_cls: 0.0105  loss_rpn_bbox: 0.0119  s0.loss_cls: 0.0761  s0.acc: 96.6797  s0.loss_bbox_cls: 0.0784  s0.loss_bbox_reg: 0.2285  s0.loss_mask: 0.1694  s1.loss_cls: 0.0213  s1.acc: 97.3856  s1.loss_bbox_cls: 0.0416  s1.loss_bbox_reg: 0.1287  s1.loss_mask: 0.0937  s2.loss_cls: 0.0110  s2.acc: 98.0220  s2.loss_bbox_cls: 0.0250  s2.loss_bbox_reg: 0.0703  s2.loss_mask: 0.0461
2024/01/15 01:49:49 - mmengine - INFO - Epoch(train) [16][ 900/1713]  lr: 2.0000e-02  eta: 1:42:32  time: 0.8269  data_time: 0.0083  memory: 5132  loss: 1.0232  loss_rpn_cls: 0.0091  loss_rpn_bbox: 0.0088  s0.loss_cls: 0.0894  s0.acc: 99.8047  s0.loss_bbox_cls: 0.0750  s0.loss_bbox_reg: 0.2405  s0.loss_mask: 0.1594  s1.loss_cls: 0.0297  s1.acc: 99.2188  s1.loss_bbox_cls: 0.0386  s1.loss_bbox_reg: 0.1286  s1.loss_mask: 0.0889  s2.loss_cls: 0.0159  s2.acc: 100.0000  s2.loss_bbox_cls: 0.0234  s2.loss_bbox_reg: 0.0712  s2.loss_mask: 0.0446
2024/01/15 01:50:29 - mmengine - INFO - Epoch(train) [16][ 950/1713]  lr: 2.0000e-02  eta: 1:41:52  time: 0.8013  data_time: 0.0090  memory: 5144  loss: 0.9979  loss_rpn_cls: 0.0084  loss_rpn_bbox: 0.0090  s0.loss_cls: 0.0724  s0.acc: 97.2656  s0.loss_bbox_cls: 0.0779  s0.loss_bbox_reg: 0.2271  s0.loss_mask: 0.1713  s1.loss_cls: 0.0202  s1.acc: 97.0703  s1.loss_bbox_cls: 0.0416  s1.loss_bbox_reg: 0.1254  s1.loss_mask: 0.0947  s2.loss_cls: 0.0103  s2.acc: 96.8750  s2.loss_bbox_cls: 0.0235  s2.loss_bbox_reg: 0.0696  s2.loss_mask: 0.0466
2024/01/15 01:51:10 - mmengine - INFO - Epoch(train) [16][1000/1713]  lr: 2.0000e-02  eta: 1:41:13  time: 0.8166  data_time: 0.0083  memory: 5175  loss: 1.0506  loss_rpn_cls: 0.0111  loss_rpn_bbox: 0.0091  s0.loss_cls: 0.0776  s0.acc: 96.2891  s0.loss_bbox_cls: 0.0855  s0.loss_bbox_reg: 0.2465  s0.loss_mask: 0.1733  s1.loss_cls: 0.0246  s1.acc: 98.6139  s1.loss_bbox_cls: 0.0403  s1.loss_bbox_reg: 0.1303  s1.loss_mask: 0.0949  s2.loss_cls: 0.0138  s2.acc: 98.5537  s2.loss_bbox_cls: 0.0241  s2.loss_bbox_reg: 0.0725  s2.loss_mask: 0.0468
2024/01/15 01:51:49 - mmengine - INFO - Epoch(train) [16][1050/1713]  lr: 2.0000e-02  eta: 1:40:31  time: 0.7839  data_time: 0.0081  memory: 5120  loss: 0.9275  loss_rpn_cls: 0.0123  loss_rpn_bbox: 0.0088  s0.loss_cls: 0.0723  s0.acc: 92.3828  s0.loss_bbox_cls: 0.0674  s0.loss_bbox_reg: 0.2103  s0.loss_mask: 0.1612  s1.loss_cls: 0.0218  s1.acc: 91.4343  s1.loss_bbox_cls: 0.0360  s1.loss_bbox_reg: 0.1138  s1.loss_mask: 0.0906  s2.loss_cls: 0.0107  s2.acc: 89.6825  s2.loss_bbox_cls: 0.0195  s2.loss_bbox_reg: 0.0598  s2.loss_mask: 0.0431
2024/01/15 01:52:28 - mmengine - INFO - Epoch(train) [16][1100/1713]  lr: 2.0000e-02  eta: 1:39:49  time: 0.7820  data_time: 0.0086  memory: 5152  loss: 1.0502  loss_rpn_cls: 0.0080  loss_rpn_bbox: 0.0090  s0.loss_cls: 0.0745  s0.acc: 95.5078  s0.loss_bbox_cls: 0.0870  s0.loss_bbox_reg: 0.2383  s0.loss_mask: 0.1794  s1.loss_cls: 0.0227  s1.acc: 97.8947  s1.loss_bbox_cls: 0.0431  s1.loss_bbox_reg: 0.1339  s1.loss_mask: 0.0977  s2.loss_cls: 0.0133  s2.acc: 96.2105  s2.loss_bbox_cls: 0.0251  s2.loss_bbox_reg: 0.0717  s2.loss_mask: 0.0467
2024/01/15 01:53:08 - mmengine - INFO - Epoch(train) [16][1150/1713]  lr: 2.0000e-02  eta: 1:39:09  time: 0.7976  data_time: 0.0084  memory: 5142  loss: 0.9832  loss_rpn_cls: 0.0100  loss_rpn_bbox: 0.0080  s0.loss_cls: 0.0730  s0.acc: 98.0469  s0.loss_bbox_cls: 0.0782  s0.loss_bbox_reg: 0.2256  s0.loss_mask: 0.1714  s1.loss_cls: 0.0202  s1.acc: 99.3737  s1.loss_bbox_cls: 0.0382  s1.loss_bbox_reg: 0.1213  s1.loss_mask: 0.0936  s2.loss_cls: 0.0111  s2.acc: 99.7872  s2.loss_bbox_cls: 0.0207  s2.loss_bbox_reg: 0.0664  s2.loss_mask: 0.0455
2024/01/15 01:53:48 - mmengine - INFO - Epoch(train) [16][1200/1713]  lr: 2.0000e-02  eta: 1:38:28  time: 0.7887  data_time: 0.0083  memory: 5142  loss: 1.0033  loss_rpn_cls: 0.0116  loss_rpn_bbox: 0.0101  s0.loss_cls: 0.0756  s0.acc: 97.6562  s0.loss_bbox_cls: 0.0804  s0.loss_bbox_reg: 0.2229  s0.loss_mask: 0.1807  s1.loss_cls: 0.0221  s1.acc: 99.3333  s1.loss_bbox_cls: 0.0394  s1.loss_bbox_reg: 0.1191  s1.loss_mask: 0.0986  s2.loss_cls: 0.0093  s2.acc: 99.3103  s2.loss_bbox_cls: 0.0222  s2.loss_bbox_reg: 0.0636  s2.loss_mask: 0.0476
2024/01/15 01:54:28 - mmengine - INFO - Epoch(train) [16][1250/1713]  lr: 2.0000e-02  eta: 1:37:48  time: 0.8133  data_time: 0.0083  memory: 5177  loss: 1.0627  loss_rpn_cls: 0.0094  loss_rpn_bbox: 0.0087  s0.loss_cls: 0.0793  s0.acc: 94.5312  s0.loss_bbox_cls: 0.0859  s0.loss_bbox_reg: 0.2513  s0.loss_mask: 0.1669  s1.loss_cls: 0.0237  s1.acc: 91.9321  s1.loss_bbox_cls: 0.0454  s1.loss_bbox_reg: 0.1403  s1.loss_mask: 0.0926  s2.loss_cls: 0.0109  s2.acc: 96.9957  s2.loss_bbox_cls: 0.0257  s2.loss_bbox_reg: 0.0772  s2.loss_mask: 0.0453
2024/01/15 01:55:08 - mmengine - INFO - Epoch(train) [16][1300/1713]  lr: 2.0000e-02  eta: 1:37:08  time: 0.8011  data_time: 0.0084  memory: 5147  loss: 1.0146  loss_rpn_cls: 0.0095  loss_rpn_bbox: 0.0096  s0.loss_cls: 0.0857  s0.acc: 96.0938  s0.loss_bbox_cls: 0.0812  s0.loss_bbox_reg: 0.2290  s0.loss_mask: 0.1732  s1.loss_cls: 0.0206  s1.acc: 97.8214  s1.loss_bbox_cls: 0.0400  s1.loss_bbox_reg: 0.1243  s1.loss_mask: 0.0955  s2.loss_cls: 0.0122  s2.acc: 94.8430  s2.loss_bbox_cls: 0.0218  s2.loss_bbox_reg: 0.0647  s2.loss_mask: 0.0475
2024/01/15 01:55:12 - mmengine - INFO - Exp name: pcdummy_20240115_005109
2024/01/15 01:55:49 - mmengine - INFO - Epoch(train) [16][1350/1713]  lr: 2.0000e-02  eta: 1:36:29  time: 0.8168  data_time: 0.0088  memory: 5096  loss: 1.0296  loss_rpn_cls: 0.0127  loss_rpn_bbox: 0.0111  s0.loss_cls: 0.0820  s0.acc: 93.7500  s0.loss_bbox_cls: 0.0818  s0.loss_bbox_reg: 0.2389  s0.loss_mask: 0.1609  s1.loss_cls: 0.0232  s1.acc: 92.3828  s1.loss_bbox_cls: 0.0446  s1.loss_bbox_reg: 0.1330  s1.loss_mask: 0.0908  s2.loss_cls: 0.0121  s2.acc: 93.7500  s2.loss_bbox_cls: 0.0231  s2.loss_bbox_reg: 0.0707  s2.loss_mask: 0.0448
2024/01/15 01:56:29 - mmengine - INFO - Epoch(train) [16][1400/1713]  lr: 2.0000e-02  eta: 1:35:49  time: 0.7983  data_time: 0.0082  memory: 5140  loss: 0.9733  loss_rpn_cls: 0.0113  loss_rpn_bbox: 0.0102  s0.loss_cls: 0.0742  s0.acc: 97.2656  s0.loss_bbox_cls: 0.0736  s0.loss_bbox_reg: 0.2251  s0.loss_mask: 0.1627  s1.loss_cls: 0.0204  s1.acc: 98.8281  s1.loss_bbox_cls: 0.0374  s1.loss_bbox_reg: 0.1236  s1.loss_mask: 0.0900  s2.loss_cls: 0.0098  s2.acc: 99.0000  s2.loss_bbox_cls: 0.0224  s2.loss_bbox_reg: 0.0679  s2.loss_mask: 0.0448
2024/01/15 01:57:08 - mmengine - INFO - Epoch(train) [16][1450/1713]  lr: 2.0000e-02  eta: 1:35:07  time: 0.7828  data_time: 0.0082  memory: 5132  loss: 0.9193  loss_rpn_cls: 0.0086  loss_rpn_bbox: 0.0088  s0.loss_cls: 0.0758  s0.acc: 97.0703  s0.loss_bbox_cls: 0.0655  s0.loss_bbox_reg: 0.2091  s0.loss_mask: 0.1535  s1.loss_cls: 0.0222  s1.acc: 98.2422  s1.loss_bbox_cls: 0.0349  s1.loss_bbox_reg: 0.1145  s1.loss_mask: 0.0885  s2.loss_cls: 0.0111  s2.acc: 98.2248  s2.loss_bbox_cls: 0.0204  s2.loss_bbox_reg: 0.0636  s2.loss_mask: 0.0429
2024/01/15 01:57:49 - mmengine - INFO - Epoch(train) [16][1500/1713]  lr: 2.0000e-02  eta: 1:34:27  time: 0.8058  data_time: 0.0087  memory: 5117  loss: 0.9706  loss_rpn_cls: 0.0106  loss_rpn_bbox: 0.0090  s0.loss_cls: 0.0757  s0.acc: 98.4375  s0.loss_bbox_cls: 0.0712  s0.loss_bbox_reg: 0.2236  s0.loss_mask: 0.1587  s1.loss_cls: 0.0186  s1.acc: 99.2188  s1.loss_bbox_cls: 0.0397  s1.loss_bbox_reg: 0.1262  s1.loss_mask: 0.0918  s2.loss_cls: 0.0111  s2.acc: 98.2318  s2.loss_bbox_cls: 0.0211  s2.loss_bbox_reg: 0.0684  s2.loss_mask: 0.0448
2024/01/15 01:58:29 - mmengine - INFO - Epoch(train) [16][1550/1713]  lr: 2.0000e-02  eta: 1:33:48  time: 0.8066  data_time: 0.0085  memory: 5184  loss: 1.0634  loss_rpn_cls: 0.0088  loss_rpn_bbox: 0.0101  s0.loss_cls: 0.0777  s0.acc: 97.2656  s0.loss_bbox_cls: 0.0860  s0.loss_bbox_reg: 0.2443  s0.loss_mask: 0.1790  s1.loss_cls: 0.0238  s1.acc: 98.4375  s1.loss_bbox_cls: 0.0433  s1.loss_bbox_reg: 0.1331  s1.loss_mask: 0.0990  s2.loss_cls: 0.0120  s2.acc: 100.0000  s2.loss_bbox_cls: 0.0251  s2.loss_bbox_reg: 0.0720  s2.loss_mask: 0.0491
2024/01/15 01:59:10 - mmengine - INFO - Epoch(train) [16][1600/1713]  lr: 2.0000e-02  eta: 1:33:09  time: 0.8189  data_time: 0.0085  memory: 5154  loss: 1.0682  loss_rpn_cls: 0.0131  loss_rpn_bbox: 0.0098  s0.loss_cls: 0.0826  s0.acc: 97.8516  s0.loss_bbox_cls: 0.0858  s0.loss_bbox_reg: 0.2484  s0.loss_mask: 0.1697  s1.loss_cls: 0.0244  s1.acc: 99.2110  s1.loss_bbox_cls: 0.0451  s1.loss_bbox_reg: 0.1367  s1.loss_mask: 0.0944  s2.loss_cls: 0.0142  s2.acc: 99.5968  s2.loss_bbox_cls: 0.0244  s2.loss_bbox_reg: 0.0738  s2.loss_mask: 0.0459
2024/01/15 01:59:50 - mmengine - INFO - Epoch(train) [16][1650/1713]  lr: 2.0000e-02  eta: 1:32:29  time: 0.8124  data_time: 0.0082  memory: 5127  loss: 0.9714  loss_rpn_cls: 0.0081  loss_rpn_bbox: 0.0084  s0.loss_cls: 0.0790  s0.acc: 97.2656  s0.loss_bbox_cls: 0.0743  s0.loss_bbox_reg: 0.2256  s0.loss_mask: 0.1653  s1.loss_cls: 0.0210  s1.acc: 99.3878  s1.loss_bbox_cls: 0.0360  s1.loss_bbox_reg: 0.1216  s1.loss_mask: 0.0899  s2.loss_cls: 0.0099  s2.acc: 99.7917  s2.loss_bbox_cls: 0.0210  s2.loss_bbox_reg: 0.0674  s2.loss_mask: 0.0437
2024/01/15 02:00:31 - mmengine - INFO - Epoch(train) [16][1700/1713]  lr: 2.0000e-02  eta: 1:31:50  time: 0.8120  data_time: 0.0086  memory: 5130  loss: 1.0107  loss_rpn_cls: 0.0106  loss_rpn_bbox: 0.0092  s0.loss_cls: 0.0763  s0.acc: 99.6094  s0.loss_bbox_cls: 0.0826  s0.loss_bbox_reg: 0.2344  s0.loss_mask: 0.1695  s1.loss_cls: 0.0242  s1.acc: 99.2188  s1.loss_bbox_cls: 0.0401  s1.loss_bbox_reg: 0.1263  s1.loss_mask: 0.0915  s2.loss_cls: 0.0117  s2.acc: 100.0000  s2.loss_bbox_cls: 0.0219  s2.loss_bbox_reg: 0.0680  s2.loss_mask: 0.0445
2024/01/15 02:00:41 - mmengine - INFO - Exp name: pcdummy_20240115_005109
2024/01/15 02:00:55 - mmengine - INFO - Epoch(val) [16][50/71]    eta: 0:00:05  time: 0.2702  data_time: 0.0227  memory: 5136  
2024/01/15 02:01:00 - mmengine - INFO - Evaluating bbox...
2024/01/15 02:01:00 - mmengine - INFO - bbox_mAP_copypaste: 0.649 0.896 0.731 0.587 0.731 -1.000
2024/01/15 02:01:00 - mmengine - INFO - Epoch(val) [16][71/71]    coco/bbox_mAP: 0.6490  coco/bbox_mAP_50: 0.8960  coco/bbox_mAP_75: 0.7310  coco/bbox_mAP_s: 0.5870  coco/bbox_mAP_m: 0.7310  coco/bbox_mAP_l: -1.0000  data_time: 0.0189  time: 0.2661
2024/01/15 02:01:41 - mmengine - INFO - Epoch(train) [17][  50/1713]  lr: 2.0000e-02  eta: 1:30:59  time: 0.8112  data_time: 0.0089  memory: 5117  loss: 1.0018  loss_rpn_cls: 0.0091  loss_rpn_bbox: 0.0088  s0.loss_cls: 0.0746  s0.acc: 97.8516  s0.loss_bbox_cls: 0.0770  s0.loss_bbox_reg: 0.2246  s0.loss_mask: 0.1735  s1.loss_cls: 0.0225  s1.acc: 98.8281  s1.loss_bbox_cls: 0.0399  s1.loss_bbox_reg: 0.1265  s1.loss_mask: 0.0951  s2.loss_cls: 0.0108  s2.acc: 99.8028  s2.loss_bbox_cls: 0.0231  s2.loss_bbox_reg: 0.0701  s2.loss_mask: 0.0461
2024/01/15 02:02:21 - mmengine - INFO - Epoch(train) [17][ 100/1713]  lr: 2.0000e-02  eta: 1:30:20  time: 0.8109  data_time: 0.0082  memory: 5138  loss: 1.0174  loss_rpn_cls: 0.0120  loss_rpn_bbox: 0.0095  s0.loss_cls: 0.0784  s0.acc: 99.4141  s0.loss_bbox_cls: 0.0808  s0.loss_bbox_reg: 0.2321  s0.loss_mask: 0.1685  s1.loss_cls: 0.0241  s1.acc: 99.8047  s1.loss_bbox_cls: 0.0402  s1.loss_bbox_reg: 0.1293  s1.loss_mask: 0.0928  s2.loss_cls: 0.0118  s2.acc: 99.6094  s2.loss_bbox_cls: 0.0232  s2.loss_bbox_reg: 0.0692  s2.loss_mask: 0.0455
2024/01/15 02:03:02 - mmengine - INFO - Epoch(train) [17][ 150/1713]  lr: 2.0000e-02  eta: 1:29:40  time: 0.8024  data_time: 0.0080  memory: 5175  loss: 1.0176  loss_rpn_cls: 0.0105  loss_rpn_bbox: 0.0075  s0.loss_cls: 0.0780  s0.acc: 94.7266  s0.loss_bbox_cls: 0.0845  s0.loss_bbox_reg: 0.2292  s0.loss_mask: 0.1743  s1.loss_cls: 0.0227  s1.acc: 95.1120  s1.loss_bbox_cls: 0.0405  s1.loss_bbox_reg: 0.1264  s1.loss_mask: 0.0944  s2.loss_cls: 0.0114  s2.acc: 98.1595  s2.loss_bbox_cls: 0.0225  s2.loss_bbox_reg: 0.0693  s2.loss_mask: 0.0464
2024/01/15 02:03:42 - mmengine - INFO - Epoch(train) [17][ 200/1713]  lr: 2.0000e-02  eta: 1:29:00  time: 0.8095  data_time: 0.0083  memory: 5163  loss: 1.0732  loss_rpn_cls: 0.0103  loss_rpn_bbox: 0.0108  s0.loss_cls: 0.0884  s0.acc: 98.4375  s0.loss_bbox_cls: 0.0898  s0.loss_bbox_reg: 0.2391  s0.loss_mask: 0.1791  s1.loss_cls: 0.0283  s1.acc: 100.0000  s1.loss_bbox_cls: 0.0450  s1.loss_bbox_reg: 0.1311  s1.loss_mask: 0.0980  s2.loss_cls: 0.0129  s2.acc: 99.4141  s2.loss_bbox_cls: 0.0246  s2.loss_bbox_reg: 0.0689  s2.loss_mask: 0.0468
2024/01/15 02:04:23 - mmengine - INFO - Epoch(train) [17][ 250/1713]  lr: 2.0000e-02  eta: 1:28:21  time: 0.8219  data_time: 0.0087  memory: 5162  loss: 1.0625  loss_rpn_cls: 0.0154  loss_rpn_bbox: 0.0116  s0.loss_cls: 0.0835  s0.acc: 97.8516  s0.loss_bbox_cls: 0.0898  s0.loss_bbox_reg: 0.2492  s0.loss_mask: 0.1672  s1.loss_cls: 0.0222  s1.acc: 99.3421  s1.loss_bbox_cls: 0.0447  s1.loss_bbox_reg: 0.1336  s1.loss_mask: 0.0933  s2.loss_cls: 0.0118  s2.acc: 99.5496  s2.loss_bbox_cls: 0.0235  s2.loss_bbox_reg: 0.0712  s2.loss_mask: 0.0455
2024/01/15 02:05:03 - mmengine - INFO - Epoch(train) [17][ 300/1713]  lr: 2.0000e-02  eta: 1:27:41  time: 0.8026  data_time: 0.0084  memory: 5180  loss: 0.9709  loss_rpn_cls: 0.0096  loss_rpn_bbox: 0.0098  s0.loss_cls: 0.0706  s0.acc: 96.8750  s0.loss_bbox_cls: 0.0766  s0.loss_bbox_reg: 0.2295  s0.loss_mask: 0.1625  s1.loss_cls: 0.0176  s1.acc: 98.4375  s1.loss_bbox_cls: 0.0397  s1.loss_bbox_reg: 0.1231  s1.loss_mask: 0.0895  s2.loss_cls: 0.0089  s2.acc: 98.4375  s2.loss_bbox_cls: 0.0225  s2.loss_bbox_reg: 0.0669  s2.loss_mask: 0.0440
2024/01/15 02:05:43 - mmengine - INFO - Epoch(train) [17][ 350/1713]  lr: 2.0000e-02  eta: 1:27:00  time: 0.8011  data_time: 0.0082  memory: 5138  loss: 0.9719  loss_rpn_cls: 0.0084  loss_rpn_bbox: 0.0105  s0.loss_cls: 0.0771  s0.acc: 97.6562  s0.loss_bbox_cls: 0.0724  s0.loss_bbox_reg: 0.2203  s0.loss_mask: 0.1670  s1.loss_cls: 0.0265  s1.acc: 98.6667  s1.loss_bbox_cls: 0.0360  s1.loss_bbox_reg: 0.1204  s1.loss_mask: 0.0898  s2.loss_cls: 0.0130  s2.acc: 96.7890  s2.loss_bbox_cls: 0.0204  s2.loss_bbox_reg: 0.0655  s2.loss_mask: 0.0445
2024/01/15 02:06:22 - mmengine - INFO - Epoch(train) [17][ 400/1713]  lr: 2.0000e-02  eta: 1:26:19  time: 0.7792  data_time: 0.0078  memory: 5144  loss: 0.9219  loss_rpn_cls: 0.0071  loss_rpn_bbox: 0.0070  s0.loss_cls: 0.0724  s0.acc: 97.0703  s0.loss_bbox_cls: 0.0679  s0.loss_bbox_reg: 0.2055  s0.loss_mask: 0.1588  s1.loss_cls: 0.0208  s1.acc: 98.6328  s1.loss_bbox_cls: 0.0370  s1.loss_bbox_reg: 0.1146  s1.loss_mask: 0.0900  s2.loss_cls: 0.0118  s2.acc: 99.4141  s2.loss_bbox_cls: 0.0215  s2.loss_bbox_reg: 0.0627  s2.loss_mask: 0.0447
2024/01/15 02:07:02 - mmengine - INFO - Epoch(train) [17][ 450/1713]  lr: 2.0000e-02  eta: 1:25:39  time: 0.8028  data_time: 0.0083  memory: 5142  loss: 0.9198  loss_rpn_cls: 0.0092  loss_rpn_bbox: 0.0082  s0.loss_cls: 0.0716  s0.acc: 98.4375  s0.loss_bbox_cls: 0.0674  s0.loss_bbox_reg: 0.2112  s0.loss_mask: 0.1567  s1.loss_cls: 0.0187  s1.acc: 99.7963  s1.loss_bbox_cls: 0.0339  s1.loss_bbox_reg: 0.1188  s1.loss_mask: 0.0878  s2.loss_cls: 0.0090  s2.acc: 99.7904  s2.loss_bbox_cls: 0.0199  s2.loss_bbox_reg: 0.0644  s2.loss_mask: 0.0432
2024/01/15 02:07:42 - mmengine - INFO - Epoch(train) [17][ 500/1713]  lr: 2.0000e-02  eta: 1:24:58  time: 0.7953  data_time: 0.0086  memory: 5134  loss: 0.9273  loss_rpn_cls: 0.0093  loss_rpn_bbox: 0.0102  s0.loss_cls: 0.0725  s0.acc: 98.6328  s0.loss_bbox_cls: 0.0686  s0.loss_bbox_reg: 0.2093  s0.loss_mask: 0.1547  s1.loss_cls: 0.0190  s1.acc: 99.4141  s1.loss_bbox_cls: 0.0383  s1.loss_bbox_reg: 0.1192  s1.loss_mask: 0.0881  s2.loss_cls: 0.0089  s2.acc: 100.0000  s2.loss_bbox_cls: 0.0211  s2.loss_bbox_reg: 0.0646  s2.loss_mask: 0.0436
2024/01/15 02:08:22 - mmengine - INFO - Epoch(train) [17][ 550/1713]  lr: 2.0000e-02  eta: 1:24:18  time: 0.8049  data_time: 0.0090  memory: 5173  loss: 0.9609  loss_rpn_cls: 0.0099  loss_rpn_bbox: 0.0095  s0.loss_cls: 0.0754  s0.acc: 91.4062  s0.loss_bbox_cls: 0.0735  s0.loss_bbox_reg: 0.2176  s0.loss_mask: 0.1657  s1.loss_cls: 0.0209  s1.acc: 97.9123  s1.loss_bbox_cls: 0.0373  s1.loss_bbox_reg: 0.1190  s1.loss_mask: 0.0905  s2.loss_cls: 0.0091  s2.acc: 97.8402  s2.loss_bbox_cls: 0.0210  s2.loss_bbox_reg: 0.0668  s2.loss_mask: 0.0447
2024/01/15 02:08:56 - mmengine - INFO - Exp name: pcdummy_20240115_005109
2024/01/15 02:09:03 - mmengine - INFO - Epoch(train) [17][ 600/1713]  lr: 2.0000e-02  eta: 1:23:38  time: 0.8021  data_time: 0.0081  memory: 5118  loss: 0.9886  loss_rpn_cls: 0.0079  loss_rpn_bbox: 0.0089  s0.loss_cls: 0.0762  s0.acc: 96.2891  s0.loss_bbox_cls: 0.0757  s0.loss_bbox_reg: 0.2310  s0.loss_mask: 0.1616  s1.loss_cls: 0.0202  s1.acc: 98.0089  s1.loss_bbox_cls: 0.0397  s1.loss_bbox_reg: 0.1274  s1.loss_mask: 0.0924  s2.loss_cls: 0.0097  s2.acc: 97.9592  s2.loss_bbox_cls: 0.0231  s2.loss_bbox_reg: 0.0689  s2.loss_mask: 0.0460
2024/01/15 02:09:42 - mmengine - INFO - Epoch(train) [17][ 650/1713]  lr: 2.0000e-02  eta: 1:22:57  time: 0.7912  data_time: 0.0086  memory: 5154  loss: 1.0871  loss_rpn_cls: 0.0104  loss_rpn_bbox: 0.0093  s0.loss_cls: 0.0844  s0.acc: 97.6562  s0.loss_bbox_cls: 0.0891  s0.loss_bbox_reg: 0.2469  s0.loss_mask: 0.1837  s1.loss_cls: 0.0230  s1.acc: 98.7421  s1.loss_bbox_cls: 0.0465  s1.loss_bbox_reg: 0.1343  s1.loss_mask: 0.1015  s2.loss_cls: 0.0125  s2.acc: 99.1561  s2.loss_bbox_cls: 0.0252  s2.loss_bbox_reg: 0.0712  s2.loss_mask: 0.0492
2024/01/15 02:10:22 - mmengine - INFO - Epoch(train) [17][ 700/1713]  lr: 2.0000e-02  eta: 1:22:17  time: 0.7928  data_time: 0.0073  memory: 5104  loss: 0.9026  loss_rpn_cls: 0.0069  loss_rpn_bbox: 0.0088  s0.loss_cls: 0.0702  s0.acc: 97.8516  s0.loss_bbox_cls: 0.0665  s0.loss_bbox_reg: 0.2118  s0.loss_mask: 0.1639  s1.loss_cls: 0.0196  s1.acc: 97.2656  s1.loss_bbox_cls: 0.0303  s1.loss_bbox_reg: 0.1080  s1.loss_mask: 0.0897  s2.loss_cls: 0.0081  s2.acc: 96.0938  s2.loss_bbox_cls: 0.0171  s2.loss_bbox_reg: 0.0582  s2.loss_mask: 0.0435
2024/01/15 02:11:03 - mmengine - INFO - Epoch(train) [17][ 750/1713]  lr: 2.0000e-02  eta: 1:21:37  time: 0.8144  data_time: 0.0085  memory: 5159  loss: 1.0310  loss_rpn_cls: 0.0109  loss_rpn_bbox: 0.0109  s0.loss_cls: 0.0837  s0.acc: 94.3359  s0.loss_bbox_cls: 0.0875  s0.loss_bbox_reg: 0.2385  s0.loss_mask: 0.1696  s1.loss_cls: 0.0219  s1.acc: 99.4141  s1.loss_bbox_cls: 0.0437  s1.loss_bbox_reg: 0.1264  s1.loss_mask: 0.0921  s2.loss_cls: 0.0116  s2.acc: 99.8024  s2.loss_bbox_cls: 0.0221  s2.loss_bbox_reg: 0.0672  s2.loss_mask: 0.0447
2024/01/15 02:11:42 - mmengine - INFO - Epoch(train) [17][ 800/1713]  lr: 2.0000e-02  eta: 1:20:56  time: 0.7916  data_time: 0.0084  memory: 5153  loss: 0.9884  loss_rpn_cls: 0.0134  loss_rpn_bbox: 0.0096  s0.loss_cls: 0.0769  s0.acc: 98.0469  s0.loss_bbox_cls: 0.0773  s0.loss_bbox_reg: 0.2234  s0.loss_mask: 0.1738  s1.loss_cls: 0.0205  s1.acc: 98.0469  s1.loss_bbox_cls: 0.0393  s1.loss_bbox_reg: 0.1192  s1.loss_mask: 0.0941  s2.loss_cls: 0.0114  s2.acc: 98.4375  s2.loss_bbox_cls: 0.0207  s2.loss_bbox_reg: 0.0633  s2.loss_mask: 0.0455
2024/01/15 02:12:22 - mmengine - INFO - Epoch(train) [17][ 850/1713]  lr: 2.0000e-02  eta: 1:20:16  time: 0.8054  data_time: 0.0075  memory: 5129  loss: 0.9297  loss_rpn_cls: 0.0090  loss_rpn_bbox: 0.0089  s0.loss_cls: 0.0717  s0.acc: 95.3125  s0.loss_bbox_cls: 0.0685  s0.loss_bbox_reg: 0.2103  s0.loss_mask: 0.1601  s1.loss_cls: 0.0194  s1.acc: 98.7879  s1.loss_bbox_cls: 0.0368  s1.loss_bbox_reg: 0.1177  s1.loss_mask: 0.0897  s2.loss_cls: 0.0116  s2.acc: 95.6341  s2.loss_bbox_cls: 0.0194  s2.loss_bbox_reg: 0.0622  s2.loss_mask: 0.0444
2024/01/15 02:13:03 - mmengine - INFO - Epoch(train) [17][ 900/1713]  lr: 2.0000e-02  eta: 1:19:36  time: 0.8055  data_time: 0.0081  memory: 5155  loss: 1.0117  loss_rpn_cls: 0.0105  loss_rpn_bbox: 0.0080  s0.loss_cls: 0.0819  s0.acc: 96.0938  s0.loss_bbox_cls: 0.0836  s0.loss_bbox_reg: 0.2278  s0.loss_mask: 0.1723  s1.loss_cls: 0.0232  s1.acc: 97.6562  s1.loss_bbox_cls: 0.0398  s1.loss_bbox_reg: 0.1255  s1.loss_mask: 0.0941  s2.loss_cls: 0.0113  s2.acc: 98.0469  s2.loss_bbox_cls: 0.0223  s2.loss_bbox_reg: 0.0665  s2.loss_mask: 0.0451
2024/01/15 02:13:42 - mmengine - INFO - Epoch(train) [17][ 950/1713]  lr: 2.0000e-02  eta: 1:18:56  time: 0.7952  data_time: 0.0076  memory: 5148  loss: 1.0020  loss_rpn_cls: 0.0119  loss_rpn_bbox: 0.0125  s0.loss_cls: 0.0957  s0.acc: 95.8984  s0.loss_bbox_cls: 0.0784  s0.loss_bbox_reg: 0.2182  s0.loss_mask: 0.1682  s1.loss_cls: 0.0327  s1.acc: 95.5603  s1.loss_bbox_cls: 0.0372  s1.loss_bbox_reg: 0.1140  s1.loss_mask: 0.0938  s2.loss_cls: 0.0173  s2.acc: 94.7368  s2.loss_bbox_cls: 0.0184  s2.loss_bbox_reg: 0.0578  s2.loss_mask: 0.0458
2024/01/15 02:14:22 - mmengine - INFO - Epoch(train) [17][1000/1713]  lr: 2.0000e-02  eta: 1:18:15  time: 0.7866  data_time: 0.0087  memory: 5164  loss: 0.9981  loss_rpn_cls: 0.0097  loss_rpn_bbox: 0.0087  s0.loss_cls: 0.0804  s0.acc: 98.4375  s0.loss_bbox_cls: 0.0762  s0.loss_bbox_reg: 0.2193  s0.loss_mask: 0.1723  s1.loss_cls: 0.0247  s1.acc: 99.4141  s1.loss_bbox_cls: 0.0408  s1.loss_bbox_reg: 0.1242  s1.loss_mask: 0.0947  s2.loss_cls: 0.0118  s2.acc: 99.6094  s2.loss_bbox_cls: 0.0223  s2.loss_bbox_reg: 0.0660  s2.loss_mask: 0.0469
2024/01/15 02:15:02 - mmengine - INFO - Epoch(train) [17][1050/1713]  lr: 2.0000e-02  eta: 1:17:36  time: 0.8142  data_time: 0.0078  memory: 5171  loss: 1.0466  loss_rpn_cls: 0.0078  loss_rpn_bbox: 0.0101  s0.loss_cls: 0.0810  s0.acc: 96.4844  s0.loss_bbox_cls: 0.0876  s0.loss_bbox_reg: 0.2464  s0.loss_mask: 0.1747  s1.loss_cls: 0.0243  s1.acc: 98.2942  s1.loss_bbox_cls: 0.0415  s1.loss_bbox_reg: 0.1305  s1.loss_mask: 0.0942  s2.loss_cls: 0.0124  s2.acc: 98.2456  s2.loss_bbox_cls: 0.0227  s2.loss_bbox_reg: 0.0675  s2.loss_mask: 0.0461
2024/01/15 02:15:44 - mmengine - INFO - Epoch(train) [17][1100/1713]  lr: 2.0000e-02  eta: 1:16:56  time: 0.8234  data_time: 0.0087  memory: 5160  loss: 0.9886  loss_rpn_cls: 0.0095  loss_rpn_bbox: 0.0093  s0.loss_cls: 0.0845  s0.acc: 96.4844  s0.loss_bbox_cls: 0.0729  s0.loss_bbox_reg: 0.2324  s0.loss_mask: 0.1593  s1.loss_cls: 0.0250  s1.acc: 98.4749  s1.loss_bbox_cls: 0.0382  s1.loss_bbox_reg: 0.1267  s1.loss_mask: 0.0869  s2.loss_cls: 0.0104  s2.acc: 98.8913  s2.loss_bbox_cls: 0.0217  s2.loss_bbox_reg: 0.0683  s2.loss_mask: 0.0436
2024/01/15 02:16:23 - mmengine - INFO - Epoch(train) [17][1150/1713]  lr: 2.0000e-02  eta: 1:16:16  time: 0.7919  data_time: 0.0081  memory: 5127  loss: 0.9891  loss_rpn_cls: 0.0092  loss_rpn_bbox: 0.0099  s0.loss_cls: 0.0697  s0.acc: 97.6562  s0.loss_bbox_cls: 0.0817  s0.loss_bbox_reg: 0.2272  s0.loss_mask: 0.1678  s1.loss_cls: 0.0207  s1.acc: 98.5507  s1.loss_bbox_cls: 0.0412  s1.loss_bbox_reg: 0.1235  s1.loss_mask: 0.0928  s2.loss_cls: 0.0108  s2.acc: 98.3298  s2.loss_bbox_cls: 0.0221  s2.loss_bbox_reg: 0.0671  s2.loss_mask: 0.0454
2024/01/15 02:17:03 - mmengine - INFO - Epoch(train) [17][1200/1713]  lr: 2.0000e-02  eta: 1:15:36  time: 0.8008  data_time: 0.0085  memory: 5143  loss: 1.0267  loss_rpn_cls: 0.0102  loss_rpn_bbox: 0.0091  s0.loss_cls: 0.0724  s0.acc: 91.9922  s0.loss_bbox_cls: 0.0823  s0.loss_bbox_reg: 0.2352  s0.loss_mask: 0.1750  s1.loss_cls: 0.0209  s1.acc: 94.3478  s1.loss_bbox_cls: 0.0431  s1.loss_bbox_reg: 0.1295  s1.loss_mask: 0.0965  s2.loss_cls: 0.0098  s2.acc: 96.3203  s2.loss_bbox_cls: 0.0249  s2.loss_bbox_reg: 0.0704  s2.loss_mask: 0.0476
2024/01/15 02:17:43 - mmengine - INFO - Epoch(train) [17][1250/1713]  lr: 2.0000e-02  eta: 1:14:55  time: 0.7945  data_time: 0.0075  memory: 5158  loss: 0.8683  loss_rpn_cls: 0.0091  loss_rpn_bbox: 0.0086  s0.loss_cls: 0.0645  s0.acc: 98.0469  s0.loss_bbox_cls: 0.0582  s0.loss_bbox_reg: 0.1922  s0.loss_mask: 0.1586  s1.loss_cls: 0.0166  s1.acc: 98.4513  s1.loss_bbox_cls: 0.0300  s1.loss_bbox_reg: 0.1097  s1.loss_mask: 0.0897  s2.loss_cls: 0.0094  s2.acc: 97.9070  s2.loss_bbox_cls: 0.0183  s2.loss_bbox_reg: 0.0589  s2.loss_mask: 0.0446
2024/01/15 02:18:23 - mmengine - INFO - Epoch(train) [17][1300/1713]  lr: 2.0000e-02  eta: 1:14:15  time: 0.8018  data_time: 0.0077  memory: 5137  loss: 0.9301  loss_rpn_cls: 0.0101  loss_rpn_bbox: 0.0088  s0.loss_cls: 0.0692  s0.acc: 97.6562  s0.loss_bbox_cls: 0.0708  s0.loss_bbox_reg: 0.2149  s0.loss_mask: 0.1612  s1.loss_cls: 0.0214  s1.acc: 98.5887  s1.loss_bbox_cls: 0.0355  s1.loss_bbox_reg: 0.1147  s1.loss_mask: 0.0888  s2.loss_cls: 0.0117  s2.acc: 99.5893  s2.loss_bbox_cls: 0.0187  s2.loss_bbox_reg: 0.0609  s2.loss_mask: 0.0434
2024/01/15 02:19:03 - mmengine - INFO - Epoch(train) [17][1350/1713]  lr: 2.0000e-02  eta: 1:13:34  time: 0.7938  data_time: 0.0080  memory: 5118  loss: 0.9860  loss_rpn_cls: 0.0110  loss_rpn_bbox: 0.0099  s0.loss_cls: 0.0708  s0.acc: 98.4375  s0.loss_bbox_cls: 0.0735  s0.loss_bbox_reg: 0.2300  s0.loss_mask: 0.1709  s1.loss_cls: 0.0195  s1.acc: 99.6094  s1.loss_bbox_cls: 0.0385  s1.loss_bbox_reg: 0.1232  s1.loss_mask: 0.0932  s2.loss_cls: 0.0100  s2.acc: 99.8047  s2.loss_bbox_cls: 0.0217  s2.loss_bbox_reg: 0.0677  s2.loss_mask: 0.0460
2024/01/15 02:19:43 - mmengine - INFO - Epoch(train) [17][1400/1713]  lr: 2.0000e-02  eta: 1:12:54  time: 0.8048  data_time: 0.0080  memory: 5167  loss: 0.9945  loss_rpn_cls: 0.0107  loss_rpn_bbox: 0.0093  s0.loss_cls: 0.0742  s0.acc: 98.6328  s0.loss_bbox_cls: 0.0813  s0.loss_bbox_reg: 0.2317  s0.loss_mask: 0.1653  s1.loss_cls: 0.0225  s1.acc: 99.6094  s1.loss_bbox_cls: 0.0412  s1.loss_bbox_reg: 0.1249  s1.loss_mask: 0.0891  s2.loss_cls: 0.0105  s2.acc: 99.8047  s2.loss_bbox_cls: 0.0229  s2.loss_bbox_reg: 0.0669  s2.loss_mask: 0.0442
2024/01/15 02:20:23 - mmengine - INFO - Epoch(train) [17][1450/1713]  lr: 2.0000e-02  eta: 1:12:14  time: 0.7973  data_time: 0.0074  memory: 5102  loss: 0.9170  loss_rpn_cls: 0.0081  loss_rpn_bbox: 0.0080  s0.loss_cls: 0.0651  s0.acc: 95.7031  s0.loss_bbox_cls: 0.0674  s0.loss_bbox_reg: 0.2183  s0.loss_mask: 0.1572  s1.loss_cls: 0.0181  s1.acc: 99.5204  s1.loss_bbox_cls: 0.0365  s1.loss_bbox_reg: 0.1167  s1.loss_mask: 0.0868  s2.loss_cls: 0.0094  s2.acc: 98.4694  s2.loss_bbox_cls: 0.0191  s2.loss_bbox_reg: 0.0638  s2.loss_mask: 0.0423
2024/01/15 02:21:03 - mmengine - INFO - Epoch(train) [17][1500/1713]  lr: 2.0000e-02  eta: 1:11:34  time: 0.8028  data_time: 0.0081  memory: 5161  loss: 1.0345  loss_rpn_cls: 0.0104  loss_rpn_bbox: 0.0110  s0.loss_cls: 0.0795  s0.acc: 97.4609  s0.loss_bbox_cls: 0.0849  s0.loss_bbox_reg: 0.2335  s0.loss_mask: 0.1717  s1.loss_cls: 0.0205  s1.acc: 99.5825  s1.loss_bbox_cls: 0.0464  s1.loss_bbox_reg: 0.1292  s1.loss_mask: 0.0984  s2.loss_cls: 0.0107  s2.acc: 99.7877  s2.loss_bbox_cls: 0.0233  s2.loss_bbox_reg: 0.0684  s2.loss_mask: 0.0466
2024/01/15 02:21:43 - mmengine - INFO - Epoch(train) [17][1550/1713]  lr: 2.0000e-02  eta: 1:10:54  time: 0.8009  data_time: 0.0083  memory: 5183  loss: 0.9841  loss_rpn_cls: 0.0092  loss_rpn_bbox: 0.0104  s0.loss_cls: 0.0747  s0.acc: 99.2188  s0.loss_bbox_cls: 0.0789  s0.loss_bbox_reg: 0.2234  s0.loss_mask: 0.1680  s1.loss_cls: 0.0220  s1.acc: 99.4141  s1.loss_bbox_cls: 0.0381  s1.loss_bbox_reg: 0.1227  s1.loss_mask: 0.0921  s2.loss_cls: 0.0104  s2.acc: 99.8047  s2.loss_bbox_cls: 0.0225  s2.loss_bbox_reg: 0.0670  s2.loss_mask: 0.0448
2024/01/15 02:22:18 - mmengine - INFO - Exp name: pcdummy_20240115_005109
2024/01/15 02:22:24 - mmengine - INFO - Epoch(train) [17][1600/1713]  lr: 2.0000e-02  eta: 1:10:14  time: 0.8087  data_time: 0.0082  memory: 5154  loss: 0.9562  loss_rpn_cls: 0.0097  loss_rpn_bbox: 0.0095  s0.loss_cls: 0.0697  s0.acc: 99.4141  s0.loss_bbox_cls: 0.0709  s0.loss_bbox_reg: 0.2341  s0.loss_mask: 0.1605  s1.loss_cls: 0.0152  s1.acc: 99.6094  s1.loss_bbox_cls: 0.0349  s1.loss_bbox_reg: 0.1208  s1.loss_mask: 0.0898  s2.loss_cls: 0.0080  s2.acc: 99.0234  s2.loss_bbox_cls: 0.0207  s2.loss_bbox_reg: 0.0669  s2.loss_mask: 0.0455
2024/01/15 02:23:04 - mmengine - INFO - Epoch(train) [17][1650/1713]  lr: 2.0000e-02  eta: 1:09:34  time: 0.8021  data_time: 0.0079  memory: 5136  loss: 0.9312  loss_rpn_cls: 0.0103  loss_rpn_bbox: 0.0085  s0.loss_cls: 0.0767  s0.acc: 92.3828  s0.loss_bbox_cls: 0.0724  s0.loss_bbox_reg: 0.2227  s0.loss_mask: 0.1562  s1.loss_cls: 0.0191  s1.acc: 93.2166  s1.loss_bbox_cls: 0.0305  s1.loss_bbox_reg: 0.1142  s1.loss_mask: 0.0849  s2.loss_cls: 0.0094  s2.acc: 85.8720  s2.loss_bbox_cls: 0.0197  s2.loss_bbox_reg: 0.0632  s2.loss_mask: 0.0436
2024/01/15 02:23:44 - mmengine - INFO - Epoch(train) [17][1700/1713]  lr: 2.0000e-02  eta: 1:08:54  time: 0.8089  data_time: 0.0079  memory: 5143  loss: 0.9717  loss_rpn_cls: 0.0110  loss_rpn_bbox: 0.0084  s0.loss_cls: 0.0724  s0.acc: 95.1172  s0.loss_bbox_cls: 0.0766  s0.loss_bbox_reg: 0.2231  s0.loss_mask: 0.1609  s1.loss_cls: 0.0211  s1.acc: 97.5052  s1.loss_bbox_cls: 0.0390  s1.loss_bbox_reg: 0.1233  s1.loss_mask: 0.0915  s2.loss_cls: 0.0098  s2.acc: 98.1053  s2.loss_bbox_cls: 0.0225  s2.loss_bbox_reg: 0.0676  s2.loss_mask: 0.0446
2024/01/15 02:23:54 - mmengine - INFO - Exp name: pcdummy_20240115_005109
2024/01/15 02:24:08 - mmengine - INFO - Epoch(val) [17][50/71]    eta: 0:00:05  time: 0.2703  data_time: 0.0222  memory: 5156  
2024/01/15 02:24:13 - mmengine - INFO - Evaluating bbox...
2024/01/15 02:24:13 - mmengine - INFO - bbox_mAP_copypaste: 0.636 0.888 0.720 0.579 0.708 -1.000
2024/01/15 02:24:13 - mmengine - INFO - Epoch(val) [17][71/71]    coco/bbox_mAP: 0.6360  coco/bbox_mAP_50: 0.8880  coco/bbox_mAP_75: 0.7200  coco/bbox_mAP_s: 0.5790  coco/bbox_mAP_m: 0.7080  coco/bbox_mAP_l: -1.0000  data_time: 0.0187  time: 0.2664
2024/01/15 02:24:54 - mmengine - INFO - Epoch(train) [18][  50/1713]  lr: 2.0000e-02  eta: 1:08:03  time: 0.8102  data_time: 0.0094  memory: 5129  loss: 1.0410  loss_rpn_cls: 0.0110  loss_rpn_bbox: 0.0122  s0.loss_cls: 0.0861  s0.acc: 95.5078  s0.loss_bbox_cls: 0.0854  s0.loss_bbox_reg: 0.2386  s0.loss_mask: 0.1743  s1.loss_cls: 0.0249  s1.acc: 96.1783  s1.loss_bbox_cls: 0.0403  s1.loss_bbox_reg: 0.1260  s1.loss_mask: 0.0942  s2.loss_cls: 0.0122  s2.acc: 97.1429  s2.loss_bbox_cls: 0.0224  s2.loss_bbox_reg: 0.0688  s2.loss_mask: 0.0445
2024/01/15 02:25:34 - mmengine - INFO - Epoch(train) [18][ 100/1713]  lr: 2.0000e-02  eta: 1:07:23  time: 0.8096  data_time: 0.0083  memory: 5150  loss: 0.9536  loss_rpn_cls: 0.0084  loss_rpn_bbox: 0.0098  s0.loss_cls: 0.0826  s0.acc: 99.2188  s0.loss_bbox_cls: 0.0652  s0.loss_bbox_reg: 0.2336  s0.loss_mask: 0.1552  s1.loss_cls: 0.0216  s1.acc: 99.6094  s1.loss_bbox_cls: 0.0321  s1.loss_bbox_reg: 0.1199  s1.loss_mask: 0.0860  s2.loss_cls: 0.0096  s2.acc: 100.0000  s2.loss_bbox_cls: 0.0196  s2.loss_bbox_reg: 0.0675  s2.loss_mask: 0.0426
2024/01/15 02:26:14 - mmengine - INFO - Epoch(train) [18][ 150/1713]  lr: 2.0000e-02  eta: 1:06:43  time: 0.8001  data_time: 0.0085  memory: 5089  loss: 0.9099  loss_rpn_cls: 0.0073  loss_rpn_bbox: 0.0093  s0.loss_cls: 0.0647  s0.acc: 96.8750  s0.loss_bbox_cls: 0.0669  s0.loss_bbox_reg: 0.2173  s0.loss_mask: 0.1500  s1.loss_cls: 0.0165  s1.acc: 98.9316  s1.loss_bbox_cls: 0.0340  s1.loss_bbox_reg: 0.1188  s1.loss_mask: 0.0867  s2.loss_cls: 0.0079  s2.acc: 99.1247  s2.loss_bbox_cls: 0.0207  s2.loss_bbox_reg: 0.0670  s2.loss_mask: 0.0428
2024/01/15 02:26:54 - mmengine - INFO - Epoch(train) [18][ 200/1713]  lr: 2.0000e-02  eta: 1:06:03  time: 0.7918  data_time: 0.0082  memory: 5151  loss: 0.9091  loss_rpn_cls: 0.0123  loss_rpn_bbox: 0.0095  s0.loss_cls: 0.0797  s0.acc: 94.3359  s0.loss_bbox_cls: 0.0655  s0.loss_bbox_reg: 0.2089  s0.loss_mask: 0.1567  s1.loss_cls: 0.0210  s1.acc: 97.2689  s1.loss_bbox_cls: 0.0307  s1.loss_bbox_reg: 0.1107  s1.loss_mask: 0.0842  s2.loss_cls: 0.0102  s2.acc: 98.2906  s2.loss_bbox_cls: 0.0185  s2.loss_bbox_reg: 0.0592  s2.loss_mask: 0.0422
2024/01/15 02:27:34 - mmengine - INFO - Epoch(train) [18][ 250/1713]  lr: 2.0000e-02  eta: 1:05:22  time: 0.7977  data_time: 0.0087  memory: 5117  loss: 0.9551  loss_rpn_cls: 0.0074  loss_rpn_bbox: 0.0089  s0.loss_cls: 0.0674  s0.acc: 98.8281  s0.loss_bbox_cls: 0.0706  s0.loss_bbox_reg: 0.2280  s0.loss_mask: 0.1653  s1.loss_cls: 0.0168  s1.acc: 99.8047  s1.loss_bbox_cls: 0.0354  s1.loss_bbox_reg: 0.1234  s1.loss_mask: 0.0917  s2.loss_cls: 0.0086  s2.acc: 99.6094  s2.loss_bbox_cls: 0.0202  s2.loss_bbox_reg: 0.0665  s2.loss_mask: 0.0450
2024/01/15 02:28:13 - mmengine - INFO - Epoch(train) [18][ 300/1713]  lr: 2.0000e-02  eta: 1:04:42  time: 0.7976  data_time: 0.0089  memory: 5146  loss: 0.9650  loss_rpn_cls: 0.0078  loss_rpn_bbox: 0.0089  s0.loss_cls: 0.0684  s0.acc: 99.2188  s0.loss_bbox_cls: 0.0732  s0.loss_bbox_reg: 0.2276  s0.loss_mask: 0.1681  s1.loss_cls: 0.0180  s1.acc: 99.7912  s1.loss_bbox_cls: 0.0360  s1.loss_bbox_reg: 0.1225  s1.loss_mask: 0.0912  s2.loss_cls: 0.0086  s2.acc: 100.0000  s2.loss_bbox_cls: 0.0217  s2.loss_bbox_reg: 0.0675  s2.loss_mask: 0.0455
2024/01/15 02:28:53 - mmengine - INFO - Epoch(train) [18][ 350/1713]  lr: 2.0000e-02  eta: 1:04:02  time: 0.7897  data_time: 0.0085  memory: 5154  loss: 0.9477  loss_rpn_cls: 0.0083  loss_rpn_bbox: 0.0096  s0.loss_cls: 0.0663  s0.acc: 96.8750  s0.loss_bbox_cls: 0.0772  s0.loss_bbox_reg: 0.2115  s0.loss_mask: 0.1734  s1.loss_cls: 0.0207  s1.acc: 98.1405  s1.loss_bbox_cls: 0.0357  s1.loss_bbox_reg: 0.1153  s1.loss_mask: 0.0941  s2.loss_cls: 0.0094  s2.acc: 97.7178  s2.loss_bbox_cls: 0.0199  s2.loss_bbox_reg: 0.0614  s2.loss_mask: 0.0448
2024/01/15 02:29:33 - mmengine - INFO - Epoch(train) [18][ 400/1713]  lr: 2.0000e-02  eta: 1:03:21  time: 0.7916  data_time: 0.0083  memory: 5183  loss: 0.9412  loss_rpn_cls: 0.0106  loss_rpn_bbox: 0.0104  s0.loss_cls: 0.0671  s0.acc: 95.1172  s0.loss_bbox_cls: 0.0706  s0.loss_bbox_reg: 0.2051  s0.loss_mask: 0.1684  s1.loss_cls: 0.0197  s1.acc: 97.1861  s1.loss_bbox_cls: 0.0367  s1.loss_bbox_reg: 0.1151  s1.loss_mask: 0.0959  s2.loss_cls: 0.0098  s2.acc: 98.2183  s2.loss_bbox_cls: 0.0213  s2.loss_bbox_reg: 0.0637  s2.loss_mask: 0.0467
2024/01/15 02:30:12 - mmengine - INFO - Epoch(train) [18][ 450/1713]  lr: 2.0000e-02  eta: 1:02:41  time: 0.7984  data_time: 0.0081  memory: 5140  loss: 0.9436  loss_rpn_cls: 0.0086  loss_rpn_bbox: 0.0079  s0.loss_cls: 0.0739  s0.acc: 97.6562  s0.loss_bbox_cls: 0.0712  s0.loss_bbox_reg: 0.2172  s0.loss_mask: 0.1682  s1.loss_cls: 0.0178  s1.acc: 98.4095  s1.loss_bbox_cls: 0.0346  s1.loss_bbox_reg: 0.1168  s1.loss_mask: 0.0930  s2.loss_cls: 0.0075  s2.acc: 98.9940  s2.loss_bbox_cls: 0.0193  s2.loss_bbox_reg: 0.0629  s2.loss_mask: 0.0446
2024/01/15 02:30:53 - mmengine - INFO - Epoch(train) [18][ 500/1713]  lr: 2.0000e-02  eta: 1:02:01  time: 0.8157  data_time: 0.0084  memory: 5122  loss: 0.9324  loss_rpn_cls: 0.0079  loss_rpn_bbox: 0.0111  s0.loss_cls: 0.0751  s0.acc: 98.6328  s0.loss_bbox_cls: 0.0650  s0.loss_bbox_reg: 0.2242  s0.loss_mask: 0.1561  s1.loss_cls: 0.0183  s1.acc: 98.9059  s1.loss_bbox_cls: 0.0331  s1.loss_bbox_reg: 0.1179  s1.loss_mask: 0.0868  s2.loss_cls: 0.0085  s2.acc: 99.7768  s2.loss_bbox_cls: 0.0193  s2.loss_bbox_reg: 0.0654  s2.loss_mask: 0.0435
2024/01/15 02:31:32 - mmengine - INFO - Epoch(train) [18][ 550/1713]  lr: 2.0000e-02  eta: 1:01:21  time: 0.7846  data_time: 0.0078  memory: 5157  loss: 0.9135  loss_rpn_cls: 0.0075  loss_rpn_bbox: 0.0080  s0.loss_cls: 0.0715  s0.acc: 98.4375  s0.loss_bbox_cls: 0.0660  s0.loss_bbox_reg: 0.1989  s0.loss_mask: 0.1687  s1.loss_cls: 0.0211  s1.acc: 97.4609  s1.loss_bbox_cls: 0.0339  s1.loss_bbox_reg: 0.1117  s1.loss_mask: 0.0908  s2.loss_cls: 0.0100  s2.acc: 99.8039  s2.loss_bbox_cls: 0.0195  s2.loss_bbox_reg: 0.0612  s2.loss_mask: 0.0447
2024/01/15 02:32:12 - mmengine - INFO - Epoch(train) [18][ 600/1713]  lr: 2.0000e-02  eta: 1:00:40  time: 0.7995  data_time: 0.0079  memory: 5107  loss: 0.9500  loss_rpn_cls: 0.0106  loss_rpn_bbox: 0.0082  s0.loss_cls: 0.0783  s0.acc: 93.5547  s0.loss_bbox_cls: 0.0787  s0.loss_bbox_reg: 0.2126  s0.loss_mask: 0.1639  s1.loss_cls: 0.0223  s1.acc: 96.3783  s1.loss_bbox_cls: 0.0361  s1.loss_bbox_reg: 0.1153  s1.loss_mask: 0.0896  s2.loss_cls: 0.0111  s2.acc: 96.9325  s2.loss_bbox_cls: 0.0188  s2.loss_bbox_reg: 0.0616  s2.loss_mask: 0.0430
2024/01/15 02:32:52 - mmengine - INFO - Epoch(train) [18][ 650/1713]  lr: 2.0000e-02  eta: 1:00:00  time: 0.7945  data_time: 0.0078  memory: 5162  loss: 0.8942  loss_rpn_cls: 0.0086  loss_rpn_bbox: 0.0081  s0.loss_cls: 0.0635  s0.acc: 98.2422  s0.loss_bbox_cls: 0.0622  s0.loss_bbox_reg: 0.2058  s0.loss_mask: 0.1586  s1.loss_cls: 0.0169  s1.acc: 100.0000  s1.loss_bbox_cls: 0.0326  s1.loss_bbox_reg: 0.1144  s1.loss_mask: 0.0868  s2.loss_cls: 0.0083  s2.acc: 99.6094  s2.loss_bbox_cls: 0.0202  s2.loss_bbox_reg: 0.0640  s2.loss_mask: 0.0440
2024/01/15 02:33:33 - mmengine - INFO - Epoch(train) [18][ 700/1713]  lr: 2.0000e-02  eta: 0:59:20  time: 0.8191  data_time: 0.0087  memory: 5123  loss: 0.9341  loss_rpn_cls: 0.0072  loss_rpn_bbox: 0.0081  s0.loss_cls: 0.0726  s0.acc: 95.1172  s0.loss_bbox_cls: 0.0662  s0.loss_bbox_reg: 0.2269  s0.loss_mask: 0.1570  s1.loss_cls: 0.0179  s1.acc: 97.7477  s1.loss_bbox_cls: 0.0346  s1.loss_bbox_reg: 0.1188  s1.loss_mask: 0.0878  s2.loss_cls: 0.0084  s2.acc: 98.5849  s2.loss_bbox_cls: 0.0204  s2.loss_bbox_reg: 0.0634  s2.loss_mask: 0.0450
2024/01/15 02:34:12 - mmengine - INFO - Epoch(train) [18][ 750/1713]  lr: 2.0000e-02  eta: 0:58:40  time: 0.7776  data_time: 0.0080  memory: 5107  loss: 0.8976  loss_rpn_cls: 0.0083  loss_rpn_bbox: 0.0063  s0.loss_cls: 0.0687  s0.acc: 94.7266  s0.loss_bbox_cls: 0.0643  s0.loss_bbox_reg: 0.1957  s0.loss_mask: 0.1663  s1.loss_cls: 0.0174  s1.acc: 97.6331  s1.loss_bbox_cls: 0.0347  s1.loss_bbox_reg: 0.1097  s1.loss_mask: 0.0934  s2.loss_cls: 0.0086  s2.acc: 94.8617  s2.loss_bbox_cls: 0.0194  s2.loss_bbox_reg: 0.0599  s2.loss_mask: 0.0449
2024/01/15 02:34:52 - mmengine - INFO - Epoch(train) [18][ 800/1713]  lr: 2.0000e-02  eta: 0:58:00  time: 0.8048  data_time: 0.0081  memory: 5147  loss: 1.0099  loss_rpn_cls: 0.0081  loss_rpn_bbox: 0.0099  s0.loss_cls: 0.0828  s0.acc: 94.5312  s0.loss_bbox_cls: 0.0858  s0.loss_bbox_reg: 0.2283  s0.loss_mask: 0.1727  s1.loss_cls: 0.0247  s1.acc: 98.4749  s1.loss_bbox_cls: 0.0396  s1.loss_bbox_reg: 0.1215  s1.loss_mask: 0.0930  s2.loss_cls: 0.0127  s2.acc: 97.9866  s2.loss_bbox_cls: 0.0219  s2.loss_bbox_reg: 0.0638  s2.loss_mask: 0.0450
2024/01/15 02:35:33 - mmengine - INFO - Epoch(train) [18][ 850/1713]  lr: 2.0000e-02  eta: 0:57:20  time: 0.8057  data_time: 0.0083  memory: 5146  loss: 0.9975  loss_rpn_cls: 0.0127  loss_rpn_bbox: 0.0122  s0.loss_cls: 0.0787  s0.acc: 93.7500  s0.loss_bbox_cls: 0.0825  s0.loss_bbox_reg: 0.2309  s0.loss_mask: 0.1703  s1.loss_cls: 0.0209  s1.acc: 97.1239  s1.loss_bbox_cls: 0.0373  s1.loss_bbox_reg: 0.1199  s1.loss_mask: 0.0922  s2.loss_cls: 0.0112  s2.acc: 98.6667  s2.loss_bbox_cls: 0.0207  s2.loss_bbox_reg: 0.0634  s2.loss_mask: 0.0447
2024/01/15 02:35:56 - mmengine - INFO - Exp name: pcdummy_20240115_005109
2024/01/15 02:36:12 - mmengine - INFO - Epoch(train) [18][ 900/1713]  lr: 2.0000e-02  eta: 0:56:39  time: 0.7909  data_time: 0.0082  memory: 5152  loss: 0.8985  loss_rpn_cls: 0.0096  loss_rpn_bbox: 0.0079  s0.loss_cls: 0.0678  s0.acc: 98.0469  s0.loss_bbox_cls: 0.0678  s0.loss_bbox_reg: 0.2048  s0.loss_mask: 0.1607  s1.loss_cls: 0.0161  s1.acc: 98.5170  s1.loss_bbox_cls: 0.0348  s1.loss_bbox_reg: 0.1101  s1.loss_mask: 0.0896  s2.loss_cls: 0.0075  s2.acc: 99.3617  s2.loss_bbox_cls: 0.0196  s2.loss_bbox_reg: 0.0588  s2.loss_mask: 0.0433
2024/01/15 02:36:52 - mmengine - INFO - Epoch(train) [18][ 950/1713]  lr: 2.0000e-02  eta: 0:55:59  time: 0.8000  data_time: 0.0086  memory: 5082  loss: 0.9261  loss_rpn_cls: 0.0088  loss_rpn_bbox: 0.0087  s0.loss_cls: 0.0733  s0.acc: 99.0234  s0.loss_bbox_cls: 0.0728  s0.loss_bbox_reg: 0.2133  s0.loss_mask: 0.1615  s1.loss_cls: 0.0178  s1.acc: 99.2188  s1.loss_bbox_cls: 0.0350  s1.loss_bbox_reg: 0.1127  s1.loss_mask: 0.0886  s2.loss_cls: 0.0085  s2.acc: 100.0000  s2.loss_bbox_cls: 0.0191  s2.loss_bbox_reg: 0.0618  s2.loss_mask: 0.0441
2024/01/15 02:37:32 - mmengine - INFO - Epoch(train) [18][1000/1713]  lr: 2.0000e-02  eta: 0:55:19  time: 0.7981  data_time: 0.0084  memory: 5144  loss: 0.9358  loss_rpn_cls: 0.0102  loss_rpn_bbox: 0.0084  s0.loss_cls: 0.0725  s0.acc: 98.8281  s0.loss_bbox_cls: 0.0651  s0.loss_bbox_reg: 0.2148  s0.loss_mask: 0.1678  s1.loss_cls: 0.0181  s1.acc: 99.2188  s1.loss_bbox_cls: 0.0341  s1.loss_bbox_reg: 0.1191  s1.loss_mask: 0.0902  s2.loss_cls: 0.0087  s2.acc: 99.4141  s2.loss_bbox_cls: 0.0193  s2.loss_bbox_reg: 0.0639  s2.loss_mask: 0.0436
2024/01/15 02:38:11 - mmengine - INFO - Epoch(train) [18][1050/1713]  lr: 2.0000e-02  eta: 0:54:38  time: 0.7839  data_time: 0.0086  memory: 5122  loss: 0.9702  loss_rpn_cls: 0.0088  loss_rpn_bbox: 0.0083  s0.loss_cls: 0.0734  s0.acc: 98.8281  s0.loss_bbox_cls: 0.0753  s0.loss_bbox_reg: 0.2136  s0.loss_mask: 0.1716  s1.loss_cls: 0.0206  s1.acc: 98.8048  s1.loss_bbox_cls: 0.0394  s1.loss_bbox_reg: 0.1200  s1.loss_mask: 0.0931  s2.loss_cls: 0.0114  s2.acc: 98.1443  s2.loss_bbox_cls: 0.0223  s2.loss_bbox_reg: 0.0666  s2.loss_mask: 0.0459
2024/01/15 02:38:52 - mmengine - INFO - Epoch(train) [18][1100/1713]  lr: 2.0000e-02  eta: 0:53:58  time: 0.8124  data_time: 0.0085  memory: 5108  loss: 0.9707  loss_rpn_cls: 0.0098  loss_rpn_bbox: 0.0091  s0.loss_cls: 0.0803  s0.acc: 98.4375  s0.loss_bbox_cls: 0.0750  s0.loss_bbox_reg: 0.2215  s0.loss_mask: 0.1644  s1.loss_cls: 0.0231  s1.acc: 99.2188  s1.loss_bbox_cls: 0.0346  s1.loss_bbox_reg: 0.1203  s1.loss_mask: 0.0899  s2.loss_cls: 0.0111  s2.acc: 99.6094  s2.loss_bbox_cls: 0.0208  s2.loss_bbox_reg: 0.0661  s2.loss_mask: 0.0446
2024/01/15 02:39:32 - mmengine - INFO - Epoch(train) [18][1150/1713]  lr: 2.0000e-02  eta: 0:53:18  time: 0.8090  data_time: 0.0082  memory: 5117  loss: 1.0022  loss_rpn_cls: 0.0103  loss_rpn_bbox: 0.0086  s0.loss_cls: 0.0792  s0.acc: 95.3125  s0.loss_bbox_cls: 0.0762  s0.loss_bbox_reg: 0.2305  s0.loss_mask: 0.1643  s1.loss_cls: 0.0246  s1.acc: 97.7477  s1.loss_bbox_cls: 0.0401  s1.loss_bbox_reg: 0.1248  s1.loss_mask: 0.0937  s2.loss_cls: 0.0120  s2.acc: 99.0521  s2.loss_bbox_cls: 0.0238  s2.loss_bbox_reg: 0.0688  s2.loss_mask: 0.0454
2024/01/15 02:40:13 - mmengine - INFO - Epoch(train) [18][1200/1713]  lr: 2.0000e-02  eta: 0:52:39  time: 0.8129  data_time: 0.0089  memory: 5167  loss: 1.0386  loss_rpn_cls: 0.0084  loss_rpn_bbox: 0.0106  s0.loss_cls: 0.0795  s0.acc: 99.0234  s0.loss_bbox_cls: 0.0852  s0.loss_bbox_reg: 0.2439  s0.loss_mask: 0.1693  s1.loss_cls: 0.0235  s1.acc: 99.2188  s1.loss_bbox_cls: 0.0420  s1.loss_bbox_reg: 0.1308  s1.loss_mask: 0.0928  s2.loss_cls: 0.0128  s2.acc: 99.8047  s2.loss_bbox_cls: 0.0230  s2.loss_bbox_reg: 0.0712  s2.loss_mask: 0.0454
2024/01/15 02:40:53 - mmengine - INFO - Epoch(train) [18][1250/1713]  lr: 2.0000e-02  eta: 0:51:58  time: 0.7972  data_time: 0.0080  memory: 5138  loss: 0.9574  loss_rpn_cls: 0.0092  loss_rpn_bbox: 0.0081  s0.loss_cls: 0.0649  s0.acc: 93.1641  s0.loss_bbox_cls: 0.0718  s0.loss_bbox_reg: 0.2256  s0.loss_mask: 0.1631  s1.loss_cls: 0.0189  s1.acc: 95.4545  s1.loss_bbox_cls: 0.0384  s1.loss_bbox_reg: 0.1226  s1.loss_mask: 0.0919  s2.loss_cls: 0.0086  s2.acc: 96.8293  s2.loss_bbox_cls: 0.0215  s2.loss_bbox_reg: 0.0669  s2.loss_mask: 0.0459
2024/01/15 02:41:35 - mmengine - INFO - Epoch(train) [18][1300/1713]  lr: 2.0000e-02  eta: 0:51:19  time: 0.8351  data_time: 0.0091  memory: 5175  loss: 1.1060  loss_rpn_cls: 0.0115  loss_rpn_bbox: 0.0113  s0.loss_cls: 0.0924  s0.acc: 98.0469  s0.loss_bbox_cls: 0.0934  s0.loss_bbox_reg: 0.2581  s0.loss_mask: 0.1763  s1.loss_cls: 0.0281  s1.acc: 99.6094  s1.loss_bbox_cls: 0.0471  s1.loss_bbox_reg: 0.1364  s1.loss_mask: 0.0951  s2.loss_cls: 0.0129  s2.acc: 99.2188  s2.loss_bbox_cls: 0.0249  s2.loss_bbox_reg: 0.0716  s2.loss_mask: 0.0469
2024/01/15 02:42:15 - mmengine - INFO - Epoch(train) [18][1350/1713]  lr: 2.0000e-02  eta: 0:50:39  time: 0.8105  data_time: 0.0083  memory: 5156  loss: 0.9945  loss_rpn_cls: 0.0093  loss_rpn_bbox: 0.0084  s0.loss_cls: 0.0877  s0.acc: 97.6562  s0.loss_bbox_cls: 0.0749  s0.loss_bbox_reg: 0.2274  s0.loss_mask: 0.1723  s1.loss_cls: 0.0255  s1.acc: 97.8903  s1.loss_bbox_cls: 0.0367  s1.loss_bbox_reg: 0.1179  s1.loss_mask: 0.0935  s2.loss_cls: 0.0127  s2.acc: 99.7835  s2.loss_bbox_cls: 0.0198  s2.loss_bbox_reg: 0.0633  s2.loss_mask: 0.0451
2024/01/15 02:42:55 - mmengine - INFO - Epoch(train) [18][1400/1713]  lr: 2.0000e-02  eta: 0:49:59  time: 0.8043  data_time: 0.0076  memory: 5148  loss: 0.9591  loss_rpn_cls: 0.0114  loss_rpn_bbox: 0.0082  s0.loss_cls: 0.0689  s0.acc: 98.0469  s0.loss_bbox_cls: 0.0762  s0.loss_bbox_reg: 0.2224  s0.loss_mask: 0.1687  s1.loss_cls: 0.0214  s1.acc: 98.2422  s1.loss_bbox_cls: 0.0358  s1.loss_bbox_reg: 0.1158  s1.loss_mask: 0.0916  s2.loss_cls: 0.0118  s2.acc: 97.3896  s2.loss_bbox_cls: 0.0198  s2.loss_bbox_reg: 0.0625  s2.loss_mask: 0.0444
2024/01/15 02:43:34 - mmengine - INFO - Epoch(train) [18][1450/1713]  lr: 2.0000e-02  eta: 0:49:19  time: 0.7807  data_time: 0.0083  memory: 5137  loss: 0.9405  loss_rpn_cls: 0.0090  loss_rpn_bbox: 0.0094  s0.loss_cls: 0.0668  s0.acc: 99.6094  s0.loss_bbox_cls: 0.0714  s0.loss_bbox_reg: 0.2173  s0.loss_mask: 0.1674  s1.loss_cls: 0.0175  s1.acc: 99.2188  s1.loss_bbox_cls: 0.0337  s1.loss_bbox_reg: 0.1147  s1.loss_mask: 0.0940  s2.loss_cls: 0.0092  s2.acc: 99.6094  s2.loss_bbox_cls: 0.0202  s2.loss_bbox_reg: 0.0638  s2.loss_mask: 0.0462
2024/01/15 02:44:15 - mmengine - INFO - Epoch(train) [18][1500/1713]  lr: 2.0000e-02  eta: 0:48:38  time: 0.8041  data_time: 0.0083  memory: 5154  loss: 0.9668  loss_rpn_cls: 0.0116  loss_rpn_bbox: 0.0081  s0.loss_cls: 0.0662  s0.acc: 98.4375  s0.loss_bbox_cls: 0.0767  s0.loss_bbox_reg: 0.2281  s0.loss_mask: 0.1676  s1.loss_cls: 0.0177  s1.acc: 99.3927  s1.loss_bbox_cls: 0.0367  s1.loss_bbox_reg: 0.1196  s1.loss_mask: 0.0930  s2.loss_cls: 0.0083  s2.acc: 99.5859  s2.loss_bbox_cls: 0.0216  s2.loss_bbox_reg: 0.0662  s2.loss_mask: 0.0455
2024/01/15 02:44:55 - mmengine - INFO - Epoch(train) [18][1550/1713]  lr: 2.0000e-02  eta: 0:47:58  time: 0.8003  data_time: 0.0088  memory: 5156  loss: 0.8862  loss_rpn_cls: 0.0087  loss_rpn_bbox: 0.0091  s0.loss_cls: 0.0667  s0.acc: 98.2422  s0.loss_bbox_cls: 0.0634  s0.loss_bbox_reg: 0.2133  s0.loss_mask: 0.1509  s1.loss_cls: 0.0168  s1.acc: 99.0234  s1.loss_bbox_cls: 0.0313  s1.loss_bbox_reg: 0.1124  s1.loss_mask: 0.0868  s2.loss_cls: 0.0072  s2.acc: 98.8281  s2.loss_bbox_cls: 0.0179  s2.loss_bbox_reg: 0.0595  s2.loss_mask: 0.0422
2024/01/15 02:45:35 - mmengine - INFO - Epoch(train) [18][1600/1713]  lr: 2.0000e-02  eta: 0:47:18  time: 0.8015  data_time: 0.0089  memory: 5114  loss: 0.8802  loss_rpn_cls: 0.0090  loss_rpn_bbox: 0.0119  s0.loss_cls: 0.0692  s0.acc: 97.8516  s0.loss_bbox_cls: 0.0629  s0.loss_bbox_reg: 0.2006  s0.loss_mask: 0.1575  s1.loss_cls: 0.0171  s1.acc: 100.0000  s1.loss_bbox_cls: 0.0302  s1.loss_bbox_reg: 0.1059  s1.loss_mask: 0.0881  s2.loss_cls: 0.0080  s2.acc: 99.5885  s2.loss_bbox_cls: 0.0181  s2.loss_bbox_reg: 0.0583  s2.loss_mask: 0.0434
2024/01/15 02:46:15 - mmengine - INFO - Epoch(train) [18][1650/1713]  lr: 2.0000e-02  eta: 0:46:38  time: 0.7989  data_time: 0.0085  memory: 5172  loss: 0.9845  loss_rpn_cls: 0.0126  loss_rpn_bbox: 0.0110  s0.loss_cls: 0.0750  s0.acc: 97.6562  s0.loss_bbox_cls: 0.0757  s0.loss_bbox_reg: 0.2218  s0.loss_mask: 0.1772  s1.loss_cls: 0.0205  s1.acc: 97.8516  s1.loss_bbox_cls: 0.0371  s1.loss_bbox_reg: 0.1174  s1.loss_mask: 0.0951  s2.loss_cls: 0.0105  s2.acc: 98.8142  s2.loss_bbox_cls: 0.0211  s2.loss_bbox_reg: 0.0620  s2.loss_mask: 0.0472
2024/01/15 02:46:55 - mmengine - INFO - Epoch(train) [18][1700/1713]  lr: 2.0000e-02  eta: 0:45:58  time: 0.8126  data_time: 0.0086  memory: 5165  loss: 0.9721  loss_rpn_cls: 0.0129  loss_rpn_bbox: 0.0087  s0.loss_cls: 0.0780  s0.acc: 94.5312  s0.loss_bbox_cls: 0.0714  s0.loss_bbox_reg: 0.2268  s0.loss_mask: 0.1628  s1.loss_cls: 0.0214  s1.acc: 98.6813  s1.loss_bbox_cls: 0.0353  s1.loss_bbox_reg: 0.1204  s1.loss_mask: 0.0895  s2.loss_cls: 0.0104  s2.acc: 99.7773  s2.loss_bbox_cls: 0.0216  s2.loss_bbox_reg: 0.0677  s2.loss_mask: 0.0452
2024/01/15 02:47:05 - mmengine - INFO - Exp name: pcdummy_20240115_005109
2024/01/15 02:47:19 - mmengine - INFO - Epoch(val) [18][50/71]    eta: 0:00:05  time: 0.2728  data_time: 0.0244  memory: 4941  
2024/01/15 02:47:25 - mmengine - INFO - Evaluating bbox...
2024/01/15 02:47:25 - mmengine - INFO - bbox_mAP_copypaste: 0.654 0.891 0.759 0.593 0.734 -1.000
2024/01/15 02:47:25 - mmengine - INFO - Epoch(val) [18][71/71]    coco/bbox_mAP: 0.6540  coco/bbox_mAP_50: 0.8910  coco/bbox_mAP_75: 0.7590  coco/bbox_mAP_s: 0.5930  coco/bbox_mAP_m: 0.7340  coco/bbox_mAP_l: -1.0000  data_time: 0.0285  time: 0.2764
2024/01/15 02:48:05 - mmengine - INFO - Epoch(train) [19][  50/1713]  lr: 2.0000e-02  eta: 0:45:08  time: 0.8082  data_time: 0.0096  memory: 5146  loss: 0.9454  loss_rpn_cls: 0.0100  loss_rpn_bbox: 0.0109  s0.loss_cls: 0.0779  s0.acc: 97.4609  s0.loss_bbox_cls: 0.0684  s0.loss_bbox_reg: 0.2098  s0.loss_mask: 0.1641  s1.loss_cls: 0.0334  s1.acc: 99.0234  s1.loss_bbox_cls: 0.0330  s1.loss_bbox_reg: 0.1121  s1.loss_mask: 0.0890  s2.loss_cls: 0.0111  s2.acc: 99.6086  s2.loss_bbox_cls: 0.0192  s2.loss_bbox_reg: 0.0626  s2.loss_mask: 0.0440
2024/01/15 02:48:45 - mmengine - INFO - Epoch(train) [19][ 100/1713]  lr: 2.0000e-02  eta: 0:44:27  time: 0.7928  data_time: 0.0088  memory: 5140  loss: 0.8932  loss_rpn_cls: 0.0087  loss_rpn_bbox: 0.0080  s0.loss_cls: 0.0670  s0.acc: 95.8984  s0.loss_bbox_cls: 0.0664  s0.loss_bbox_reg: 0.2083  s0.loss_mask: 0.1513  s1.loss_cls: 0.0190  s1.acc: 99.5745  s1.loss_bbox_cls: 0.0317  s1.loss_bbox_reg: 0.1149  s1.loss_mask: 0.0849  s2.loss_cls: 0.0086  s2.acc: 99.5726  s2.loss_bbox_cls: 0.0190  s2.loss_bbox_reg: 0.0625  s2.loss_mask: 0.0430
2024/01/15 02:49:25 - mmengine - INFO - Epoch(train) [19][ 150/1713]  lr: 2.0000e-02  eta: 0:43:47  time: 0.8028  data_time: 0.0087  memory: 5140  loss: 0.8863  loss_rpn_cls: 0.0084  loss_rpn_bbox: 0.0080  s0.loss_cls: 0.0667  s0.acc: 97.6562  s0.loss_bbox_cls: 0.0627  s0.loss_bbox_reg: 0.2175  s0.loss_mask: 0.1520  s1.loss_cls: 0.0139  s1.acc: 99.1247  s1.loss_bbox_cls: 0.0299  s1.loss_bbox_reg: 0.1124  s1.loss_mask: 0.0855  s2.loss_cls: 0.0062  s2.acc: 99.5506  s2.loss_bbox_cls: 0.0190  s2.loss_bbox_reg: 0.0612  s2.loss_mask: 0.0430
2024/01/15 02:49:38 - mmengine - INFO - Exp name: pcdummy_20240115_005109
2024/01/15 02:50:06 - mmengine - INFO - Epoch(train) [19][ 200/1713]  lr: 2.0000e-02  eta: 0:43:07  time: 0.8095  data_time: 0.0090  memory: 5151  loss: 0.9434  loss_rpn_cls: 0.0092  loss_rpn_bbox: 0.0083  s0.loss_cls: 0.0702  s0.acc: 97.0703  s0.loss_bbox_cls: 0.0714  s0.loss_bbox_reg: 0.2242  s0.loss_mask: 0.1638  s1.loss_cls: 0.0188  s1.acc: 97.6987  s1.loss_bbox_cls: 0.0337  s1.loss_bbox_reg: 0.1146  s1.loss_mask: 0.0919  s2.loss_cls: 0.0086  s2.acc: 96.1620  s2.loss_bbox_cls: 0.0196  s2.loss_bbox_reg: 0.0626  s2.loss_mask: 0.0463
2024/01/15 02:50:46 - mmengine - INFO - Epoch(train) [19][ 250/1713]  lr: 2.0000e-02  eta: 0:42:27  time: 0.8089  data_time: 0.0092  memory: 5156  loss: 0.9083  loss_rpn_cls: 0.0079  loss_rpn_bbox: 0.0075  s0.loss_cls: 0.0666  s0.acc: 95.5078  s0.loss_bbox_cls: 0.0651  s0.loss_bbox_reg: 0.2115  s0.loss_mask: 0.1585  s1.loss_cls: 0.0161  s1.acc: 96.2441  s1.loss_bbox_cls: 0.0360  s1.loss_bbox_reg: 0.1170  s1.loss_mask: 0.0879  s2.loss_cls: 0.0077  s2.acc: 97.3430  s2.loss_bbox_cls: 0.0194  s2.loss_bbox_reg: 0.0638  s2.loss_mask: 0.0433
2024/01/15 02:51:27 - mmengine - INFO - Epoch(train) [19][ 300/1713]  lr: 2.0000e-02  eta: 0:41:47  time: 0.8070  data_time: 0.0082  memory: 5139  loss: 0.8899  loss_rpn_cls: 0.0081  loss_rpn_bbox: 0.0093  s0.loss_cls: 0.0642  s0.acc: 98.0469  s0.loss_bbox_cls: 0.0634  s0.loss_bbox_reg: 0.2147  s0.loss_mask: 0.1470  s1.loss_cls: 0.0154  s1.acc: 99.2891  s1.loss_bbox_cls: 0.0319  s1.loss_bbox_reg: 0.1162  s1.loss_mask: 0.0841  s2.loss_cls: 0.0078  s2.acc: 98.5185  s2.loss_bbox_cls: 0.0198  s2.loss_bbox_reg: 0.0651  s2.loss_mask: 0.0429
2024/01/15 02:52:06 - mmengine - INFO - Epoch(train) [19][ 350/1713]  lr: 2.0000e-02  eta: 0:41:07  time: 0.7984  data_time: 0.0087  memory: 5175  loss: 0.8917  loss_rpn_cls: 0.0093  loss_rpn_bbox: 0.0115  s0.loss_cls: 0.0712  s0.acc: 95.8984  s0.loss_bbox_cls: 0.0637  s0.loss_bbox_reg: 0.2092  s0.loss_mask: 0.1587  s1.loss_cls: 0.0179  s1.acc: 97.3970  s1.loss_bbox_cls: 0.0278  s1.loss_bbox_reg: 0.1091  s1.loss_mask: 0.0867  s2.loss_cls: 0.0076  s2.acc: 97.5556  s2.loss_bbox_cls: 0.0172  s2.loss_bbox_reg: 0.0589  s2.loss_mask: 0.0429
2024/01/15 02:52:47 - mmengine - INFO - Epoch(train) [19][ 400/1713]  lr: 2.0000e-02  eta: 0:40:27  time: 0.8043  data_time: 0.0080  memory: 5111  loss: 0.8475  loss_rpn_cls: 0.0094  loss_rpn_bbox: 0.0087  s0.loss_cls: 0.0611  s0.acc: 97.8516  s0.loss_bbox_cls: 0.0577  s0.loss_bbox_reg: 0.2018  s0.loss_mask: 0.1518  s1.loss_cls: 0.0140  s1.acc: 99.2188  s1.loss_bbox_cls: 0.0274  s1.loss_bbox_reg: 0.1089  s1.loss_mask: 0.0840  s2.loss_cls: 0.0062  s2.acc: 100.0000  s2.loss_bbox_cls: 0.0161  s2.loss_bbox_reg: 0.0590  s2.loss_mask: 0.0415
2024/01/15 02:53:27 - mmengine - INFO - Epoch(train) [19][ 450/1713]  lr: 2.0000e-02  eta: 0:39:47  time: 0.8040  data_time: 0.0085  memory: 5167  loss: 0.9380  loss_rpn_cls: 0.0071  loss_rpn_bbox: 0.0082  s0.loss_cls: 0.0671  s0.acc: 96.2891  s0.loss_bbox_cls: 0.0759  s0.loss_bbox_reg: 0.2224  s0.loss_mask: 0.1614  s1.loss_cls: 0.0172  s1.acc: 99.0991  s1.loss_bbox_cls: 0.0374  s1.loss_bbox_reg: 0.1127  s1.loss_mask: 0.0921  s2.loss_cls: 0.0098  s2.acc: 99.5402  s2.loss_bbox_cls: 0.0207  s2.loss_bbox_reg: 0.0609  s2.loss_mask: 0.0450
2024/01/15 02:54:08 - mmengine - INFO - Epoch(train) [19][ 500/1713]  lr: 2.0000e-02  eta: 0:39:07  time: 0.8266  data_time: 0.0089  memory: 5156  loss: 0.9856  loss_rpn_cls: 0.0103  loss_rpn_bbox: 0.0091  s0.loss_cls: 0.0729  s0.acc: 93.7500  s0.loss_bbox_cls: 0.0764  s0.loss_bbox_reg: 0.2418  s0.loss_mask: 0.1598  s1.loss_cls: 0.0200  s1.acc: 93.0380  s1.loss_bbox_cls: 0.0382  s1.loss_bbox_reg: 0.1261  s1.loss_mask: 0.0899  s2.loss_cls: 0.0089  s2.acc: 92.7966  s2.loss_bbox_cls: 0.0210  s2.loss_bbox_reg: 0.0664  s2.loss_mask: 0.0448
2024/01/15 02:54:48 - mmengine - INFO - Epoch(train) [19][ 550/1713]  lr: 2.0000e-02  eta: 0:38:27  time: 0.8050  data_time: 0.0083  memory: 5117  loss: 0.8573  loss_rpn_cls: 0.0096  loss_rpn_bbox: 0.0088  s0.loss_cls: 0.0690  s0.acc: 99.2188  s0.loss_bbox_cls: 0.0604  s0.loss_bbox_reg: 0.2018  s0.loss_mask: 0.1532  s1.loss_cls: 0.0156  s1.acc: 99.0234  s1.loss_bbox_cls: 0.0277  s1.loss_bbox_reg: 0.1048  s1.loss_mask: 0.0848  s2.loss_cls: 0.0064  s2.acc: 99.0234  s2.loss_bbox_cls: 0.0164  s2.loss_bbox_reg: 0.0570  s2.loss_mask: 0.0419
2024/01/15 02:55:28 - mmengine - INFO - Epoch(train) [19][ 600/1713]  lr: 2.0000e-02  eta: 0:37:47  time: 0.7923  data_time: 0.0087  memory: 5154  loss: 0.9584  loss_rpn_cls: 0.0076  loss_rpn_bbox: 0.0075  s0.loss_cls: 0.0682  s0.acc: 97.0703  s0.loss_bbox_cls: 0.0755  s0.loss_bbox_reg: 0.2234  s0.loss_mask: 0.1726  s1.loss_cls: 0.0179  s1.acc: 99.6094  s1.loss_bbox_cls: 0.0388  s1.loss_bbox_reg: 0.1161  s1.loss_mask: 0.0949  s2.loss_cls: 0.0094  s2.acc: 98.8281  s2.loss_bbox_cls: 0.0197  s2.loss_bbox_reg: 0.0609  s2.loss_mask: 0.0457
2024/01/15 02:56:09 - mmengine - INFO - Epoch(train) [19][ 650/1713]  lr: 2.0000e-02  eta: 0:37:07  time: 0.8110  data_time: 0.0088  memory: 5127  loss: 0.9011  loss_rpn_cls: 0.0083  loss_rpn_bbox: 0.0087  s0.loss_cls: 0.0676  s0.acc: 97.2656  s0.loss_bbox_cls: 0.0663  s0.loss_bbox_reg: 0.2163  s0.loss_mask: 0.1590  s1.loss_cls: 0.0153  s1.acc: 97.0703  s1.loss_bbox_cls: 0.0327  s1.loss_bbox_reg: 0.1106  s1.loss_mask: 0.0887  s2.loss_cls: 0.0064  s2.acc: 98.8281  s2.loss_bbox_cls: 0.0176  s2.loss_bbox_reg: 0.0602  s2.loss_mask: 0.0434
2024/01/15 02:56:48 - mmengine - INFO - Epoch(train) [19][ 700/1713]  lr: 2.0000e-02  eta: 0:36:27  time: 0.7954  data_time: 0.0091  memory: 5139  loss: 0.9536  loss_rpn_cls: 0.0094  loss_rpn_bbox: 0.0097  s0.loss_cls: 0.0663  s0.acc: 97.6562  s0.loss_bbox_cls: 0.0710  s0.loss_bbox_reg: 0.2223  s0.loss_mask: 0.1708  s1.loss_cls: 0.0163  s1.acc: 99.6094  s1.loss_bbox_cls: 0.0346  s1.loss_bbox_reg: 0.1202  s1.loss_mask: 0.0934  s2.loss_cls: 0.0072  s2.acc: 99.8047  s2.loss_bbox_cls: 0.0214  s2.loss_bbox_reg: 0.0649  s2.loss_mask: 0.0462
2024/01/15 02:57:29 - mmengine - INFO - Epoch(train) [19][ 750/1713]  lr: 2.0000e-02  eta: 0:35:47  time: 0.8052  data_time: 0.0086  memory: 5141  loss: 0.9444  loss_rpn_cls: 0.0072  loss_rpn_bbox: 0.0086  s0.loss_cls: 0.0711  s0.acc: 96.2891  s0.loss_bbox_cls: 0.0681  s0.loss_bbox_reg: 0.2231  s0.loss_mask: 0.1637  s1.loss_cls: 0.0194  s1.acc: 99.3521  s1.loss_bbox_cls: 0.0328  s1.loss_bbox_reg: 0.1200  s1.loss_mask: 0.0910  s2.loss_cls: 0.0087  s2.acc: 98.6696  s2.loss_bbox_cls: 0.0199  s2.loss_bbox_reg: 0.0657  s2.loss_mask: 0.0452
2024/01/15 02:58:08 - mmengine - INFO - Epoch(train) [19][ 800/1713]  lr: 2.0000e-02  eta: 0:35:06  time: 0.7944  data_time: 0.0084  memory: 5128  loss: 0.8693  loss_rpn_cls: 0.0081  loss_rpn_bbox: 0.0080  s0.loss_cls: 0.0657  s0.acc: 99.0234  s0.loss_bbox_cls: 0.0615  s0.loss_bbox_reg: 0.2010  s0.loss_mask: 0.1588  s1.loss_cls: 0.0180  s1.acc: 99.1209  s1.loss_bbox_cls: 0.0297  s1.loss_bbox_reg: 0.1063  s1.loss_mask: 0.0871  s2.loss_cls: 0.0077  s2.acc: 99.0888  s2.loss_bbox_cls: 0.0170  s2.loss_bbox_reg: 0.0568  s2.loss_mask: 0.0436
2024/01/15 02:58:49 - mmengine - INFO - Epoch(train) [19][ 850/1713]  lr: 2.0000e-02  eta: 0:34:26  time: 0.8055  data_time: 0.0093  memory: 5172  loss: 0.9247  loss_rpn_cls: 0.0122  loss_rpn_bbox: 0.0100  s0.loss_cls: 0.0696  s0.acc: 98.6328  s0.loss_bbox_cls: 0.0676  s0.loss_bbox_reg: 0.2325  s0.loss_mask: 0.1550  s1.loss_cls: 0.0182  s1.acc: 99.0408  s1.loss_bbox_cls: 0.0309  s1.loss_bbox_reg: 0.1116  s1.loss_mask: 0.0876  s2.loss_cls: 0.0081  s2.acc: 99.4937  s2.loss_bbox_cls: 0.0175  s2.loss_bbox_reg: 0.0608  s2.loss_mask: 0.0431
2024/01/15 02:59:30 - mmengine - INFO - Epoch(train) [19][ 900/1713]  lr: 2.0000e-02  eta: 0:33:46  time: 0.8242  data_time: 0.0088  memory: 5137  loss: 0.9812  loss_rpn_cls: 0.0095  loss_rpn_bbox: 0.0098  s0.loss_cls: 0.0830  s0.acc: 97.8516  s0.loss_bbox_cls: 0.0717  s0.loss_bbox_reg: 0.2241  s0.loss_mask: 0.1626  s1.loss_cls: 0.0366  s1.acc: 98.8281  s1.loss_bbox_cls: 0.0324  s1.loss_bbox_reg: 0.1191  s1.loss_mask: 0.0869  s2.loss_cls: 0.0183  s2.acc: 98.4375  s2.loss_bbox_cls: 0.0196  s2.loss_bbox_reg: 0.0642  s2.loss_mask: 0.0433
2024/01/15 03:00:11 - mmengine - INFO - Epoch(train) [19][ 950/1713]  lr: 2.0000e-02  eta: 0:33:07  time: 0.8181  data_time: 0.0083  memory: 5139  loss: 0.9177  loss_rpn_cls: 0.0114  loss_rpn_bbox: 0.0090  s0.loss_cls: 0.0762  s0.acc: 95.7031  s0.loss_bbox_cls: 0.0704  s0.loss_bbox_reg: 0.2153  s0.loss_mask: 0.1595  s1.loss_cls: 0.0184  s1.acc: 98.9293  s1.loss_bbox_cls: 0.0320  s1.loss_bbox_reg: 0.1107  s1.loss_mask: 0.0883  s2.loss_cls: 0.0078  s2.acc: 98.6928  s2.loss_bbox_cls: 0.0166  s2.loss_bbox_reg: 0.0596  s2.loss_mask: 0.0426
2024/01/15 03:00:51 - mmengine - INFO - Epoch(train) [19][1000/1713]  lr: 2.0000e-02  eta: 0:32:26  time: 0.8025  data_time: 0.0088  memory: 5171  loss: 0.9237  loss_rpn_cls: 0.0068  loss_rpn_bbox: 0.0106  s0.loss_cls: 0.0757  s0.acc: 96.4844  s0.loss_bbox_cls: 0.0735  s0.loss_bbox_reg: 0.2102  s0.loss_mask: 0.1649  s1.loss_cls: 0.0217  s1.acc: 97.5983  s1.loss_bbox_cls: 0.0302  s1.loss_bbox_reg: 0.1119  s1.loss_mask: 0.0892  s2.loss_cls: 0.0090  s2.acc: 98.6726  s2.loss_bbox_cls: 0.0171  s2.loss_bbox_reg: 0.0599  s2.loss_mask: 0.0429
2024/01/15 03:01:31 - mmengine - INFO - Epoch(train) [19][1050/1713]  lr: 2.0000e-02  eta: 0:31:46  time: 0.8069  data_time: 0.0081  memory: 5123  loss: 0.8573  loss_rpn_cls: 0.0081  loss_rpn_bbox: 0.0090  s0.loss_cls: 0.0673  s0.acc: 95.7031  s0.loss_bbox_cls: 0.0621  s0.loss_bbox_reg: 0.2021  s0.loss_mask: 0.1471  s1.loss_cls: 0.0170  s1.acc: 99.1435  s1.loss_bbox_cls: 0.0296  s1.loss_bbox_reg: 0.1089  s1.loss_mask: 0.0808  s2.loss_cls: 0.0080  s2.acc: 97.1616  s2.loss_bbox_cls: 0.0169  s2.loss_bbox_reg: 0.0600  s2.loss_mask: 0.0403
2024/01/15 03:02:12 - mmengine - INFO - Epoch(train) [19][1100/1713]  lr: 2.0000e-02  eta: 0:31:06  time: 0.8162  data_time: 0.0101  memory: 5168  loss: 1.0356  loss_rpn_cls: 0.0102  loss_rpn_bbox: 0.0116  s0.loss_cls: 0.0840  s0.acc: 97.6562  s0.loss_bbox_cls: 0.0871  s0.loss_bbox_reg: 0.2382  s0.loss_mask: 0.1748  s1.loss_cls: 0.0262  s1.acc: 99.8047  s1.loss_bbox_cls: 0.0375  s1.loss_bbox_reg: 0.1220  s1.loss_mask: 0.0960  s2.loss_cls: 0.0137  s2.acc: 100.0000  s2.loss_bbox_cls: 0.0221  s2.loss_bbox_reg: 0.0651  s2.loss_mask: 0.0470
2024/01/15 03:02:52 - mmengine - INFO - Epoch(train) [19][1150/1713]  lr: 2.0000e-02  eta: 0:30:26  time: 0.7962  data_time: 0.0081  memory: 5154  loss: 0.8856  loss_rpn_cls: 0.0096  loss_rpn_bbox: 0.0085  s0.loss_cls: 0.0676  s0.acc: 96.6797  s0.loss_bbox_cls: 0.0617  s0.loss_bbox_reg: 0.2011  s0.loss_mask: 0.1679  s1.loss_cls: 0.0194  s1.acc: 98.8764  s1.loss_bbox_cls: 0.0289  s1.loss_bbox_reg: 0.1075  s1.loss_mask: 0.0878  s2.loss_cls: 0.0088  s2.acc: 100.0000  s2.loss_bbox_cls: 0.0167  s2.loss_bbox_reg: 0.0573  s2.loss_mask: 0.0427
2024/01/15 03:03:04 - mmengine - INFO - Exp name: pcdummy_20240115_005109
2024/01/15 03:03:32 - mmengine - INFO - Epoch(train) [19][1200/1713]  lr: 2.0000e-02  eta: 0:29:46  time: 0.7945  data_time: 0.0086  memory: 5129  loss: 0.8828  loss_rpn_cls: 0.0078  loss_rpn_bbox: 0.0085  s0.loss_cls: 0.0647  s0.acc: 96.0938  s0.loss_bbox_cls: 0.0641  s0.loss_bbox_reg: 0.2127  s0.loss_mask: 0.1511  s1.loss_cls: 0.0154  s1.acc: 98.0469  s1.loss_bbox_cls: 0.0317  s1.loss_bbox_reg: 0.1145  s1.loss_mask: 0.0840  s2.loss_cls: 0.0080  s2.acc: 99.6094  s2.loss_bbox_cls: 0.0173  s2.loss_bbox_reg: 0.0604  s2.loss_mask: 0.0425
2024/01/15 03:04:11 - mmengine - INFO - Epoch(train) [19][1250/1713]  lr: 2.0000e-02  eta: 0:29:06  time: 0.7864  data_time: 0.0085  memory: 5151  loss: 0.9129  loss_rpn_cls: 0.0110  loss_rpn_bbox: 0.0101  s0.loss_cls: 0.0695  s0.acc: 98.6328  s0.loss_bbox_cls: 0.0740  s0.loss_bbox_reg: 0.2108  s0.loss_mask: 0.1646  s1.loss_cls: 0.0200  s1.acc: 99.4071  s1.loss_bbox_cls: 0.0315  s1.loss_bbox_reg: 0.1027  s1.loss_mask: 0.0902  s2.loss_cls: 0.0097  s2.acc: 99.5910  s2.loss_bbox_cls: 0.0181  s2.loss_bbox_reg: 0.0566  s2.loss_mask: 0.0440
2024/01/15 03:04:52 - mmengine - INFO - Epoch(train) [19][1300/1713]  lr: 2.0000e-02  eta: 0:28:26  time: 0.8109  data_time: 0.0088  memory: 5175  loss: 0.9518  loss_rpn_cls: 0.0088  loss_rpn_bbox: 0.0082  s0.loss_cls: 0.0675  s0.acc: 96.8750  s0.loss_bbox_cls: 0.0751  s0.loss_bbox_reg: 0.2283  s0.loss_mask: 0.1648  s1.loss_cls: 0.0167  s1.acc: 98.5656  s1.loss_bbox_cls: 0.0342  s1.loss_bbox_reg: 0.1215  s1.loss_mask: 0.0891  s2.loss_cls: 0.0082  s2.acc: 98.5507  s2.loss_bbox_cls: 0.0202  s2.loss_bbox_reg: 0.0648  s2.loss_mask: 0.0444
2024/01/15 03:05:31 - mmengine - INFO - Epoch(train) [19][1350/1713]  lr: 2.0000e-02  eta: 0:27:45  time: 0.7967  data_time: 0.0083  memory: 5123  loss: 0.9056  loss_rpn_cls: 0.0092  loss_rpn_bbox: 0.0097  s0.loss_cls: 0.0724  s0.acc: 96.6797  s0.loss_bbox_cls: 0.0627  s0.loss_bbox_reg: 0.2028  s0.loss_mask: 0.1613  s1.loss_cls: 0.0177  s1.acc: 98.8281  s1.loss_bbox_cls: 0.0314  s1.loss_bbox_reg: 0.1146  s1.loss_mask: 0.0890  s2.loss_cls: 0.0078  s2.acc: 98.4375  s2.loss_bbox_cls: 0.0189  s2.loss_bbox_reg: 0.0644  s2.loss_mask: 0.0438
2024/01/15 03:06:11 - mmengine - INFO - Epoch(train) [19][1400/1713]  lr: 2.0000e-02  eta: 0:27:05  time: 0.7920  data_time: 0.0081  memory: 5122  loss: 0.8625  loss_rpn_cls: 0.0107  loss_rpn_bbox: 0.0092  s0.loss_cls: 0.0639  s0.acc: 98.6328  s0.loss_bbox_cls: 0.0632  s0.loss_bbox_reg: 0.1955  s0.loss_mask: 0.1623  s1.loss_cls: 0.0157  s1.acc: 99.1170  s1.loss_bbox_cls: 0.0281  s1.loss_bbox_reg: 0.1040  s1.loss_mask: 0.0880  s2.loss_cls: 0.0068  s2.acc: 99.7763  s2.loss_bbox_cls: 0.0164  s2.loss_bbox_reg: 0.0563  s2.loss_mask: 0.0424
2024/01/15 03:06:51 - mmengine - INFO - Epoch(train) [19][1450/1713]  lr: 2.0000e-02  eta: 0:26:25  time: 0.7907  data_time: 0.0081  memory: 5160  loss: 0.9032  loss_rpn_cls: 0.0089  loss_rpn_bbox: 0.0083  s0.loss_cls: 0.0670  s0.acc: 97.2656  s0.loss_bbox_cls: 0.0685  s0.loss_bbox_reg: 0.2133  s0.loss_mask: 0.1634  s1.loss_cls: 0.0161  s1.acc: 98.9154  s1.loss_bbox_cls: 0.0306  s1.loss_bbox_reg: 0.1079  s1.loss_mask: 0.0894  s2.loss_cls: 0.0071  s2.acc: 99.1051  s2.loss_bbox_cls: 0.0183  s2.loss_bbox_reg: 0.0603  s2.loss_mask: 0.0440
2024/01/15 03:07:30 - mmengine - INFO - Epoch(train) [19][1500/1713]  lr: 2.0000e-02  eta: 0:25:45  time: 0.7960  data_time: 0.0080  memory: 5148  loss: 0.8827  loss_rpn_cls: 0.0105  loss_rpn_bbox: 0.0078  s0.loss_cls: 0.0752  s0.acc: 98.6328  s0.loss_bbox_cls: 0.0652  s0.loss_bbox_reg: 0.1979  s0.loss_mask: 0.1598  s1.loss_cls: 0.0182  s1.acc: 99.2188  s1.loss_bbox_cls: 0.0282  s1.loss_bbox_reg: 0.1061  s1.loss_mask: 0.0867  s2.loss_cls: 0.0076  s2.acc: 99.6094  s2.loss_bbox_cls: 0.0174  s2.loss_bbox_reg: 0.0591  s2.loss_mask: 0.0432
2024/01/15 03:08:11 - mmengine - INFO - Epoch(train) [19][1550/1713]  lr: 2.0000e-02  eta: 0:25:05  time: 0.8118  data_time: 0.0084  memory: 5120  loss: 0.9021  loss_rpn_cls: 0.0102  loss_rpn_bbox: 0.0094  s0.loss_cls: 0.0772  s0.acc: 97.4609  s0.loss_bbox_cls: 0.0620  s0.loss_bbox_reg: 0.2118  s0.loss_mask: 0.1536  s1.loss_cls: 0.0184  s1.acc: 99.3814  s1.loss_bbox_cls: 0.0295  s1.loss_bbox_reg: 0.1135  s1.loss_mask: 0.0869  s2.loss_cls: 0.0082  s2.acc: 99.7881  s2.loss_bbox_cls: 0.0174  s2.loss_bbox_reg: 0.0616  s2.loss_mask: 0.0426
2024/01/15 03:08:52 - mmengine - INFO - Epoch(train) [19][1600/1713]  lr: 2.0000e-02  eta: 0:24:25  time: 0.8296  data_time: 0.0089  memory: 5150  loss: 0.9644  loss_rpn_cls: 0.0094  loss_rpn_bbox: 0.0096  s0.loss_cls: 0.0742  s0.acc: 97.2656  s0.loss_bbox_cls: 0.0700  s0.loss_bbox_reg: 0.2351  s0.loss_mask: 0.1552  s1.loss_cls: 0.0182  s1.acc: 99.0950  s1.loss_bbox_cls: 0.0350  s1.loss_bbox_reg: 0.1280  s1.loss_mask: 0.0884  s2.loss_cls: 0.0077  s2.acc: 99.2771  s2.loss_bbox_cls: 0.0204  s2.loss_bbox_reg: 0.0690  s2.loss_mask: 0.0441
2024/01/15 03:09:33 - mmengine - INFO - Epoch(train) [19][1650/1713]  lr: 2.0000e-02  eta: 0:23:45  time: 0.8073  data_time: 0.0092  memory: 5143  loss: 1.0164  loss_rpn_cls: 0.0090  loss_rpn_bbox: 0.0105  s0.loss_cls: 0.0783  s0.acc: 97.2656  s0.loss_bbox_cls: 0.0803  s0.loss_bbox_reg: 0.2389  s0.loss_mask: 0.1694  s1.loss_cls: 0.0219  s1.acc: 99.1820  s1.loss_bbox_cls: 0.0395  s1.loss_bbox_reg: 0.1311  s1.loss_mask: 0.0915  s2.loss_cls: 0.0106  s2.acc: 93.8017  s2.loss_bbox_cls: 0.0220  s2.loss_bbox_reg: 0.0685  s2.loss_mask: 0.0449
2024/01/15 03:10:12 - mmengine - INFO - Epoch(train) [19][1700/1713]  lr: 2.0000e-02  eta: 0:23:05  time: 0.7936  data_time: 0.0084  memory: 5089  loss: 0.9950  loss_rpn_cls: 0.0100  loss_rpn_bbox: 0.0083  s0.loss_cls: 0.0814  s0.acc: 97.8516  s0.loss_bbox_cls: 0.0781  s0.loss_bbox_reg: 0.2220  s0.loss_mask: 0.1702  s1.loss_cls: 0.0214  s1.acc: 98.8281  s1.loss_bbox_cls: 0.0405  s1.loss_bbox_reg: 0.1230  s1.loss_mask: 0.0952  s2.loss_cls: 0.0117  s2.acc: 99.4141  s2.loss_bbox_cls: 0.0215  s2.loss_bbox_reg: 0.0668  s2.loss_mask: 0.0450
2024/01/15 03:10:23 - mmengine - INFO - Exp name: pcdummy_20240115_005109
2024/01/15 03:10:37 - mmengine - INFO - Epoch(val) [19][50/71]    eta: 0:00:05  time: 0.2752  data_time: 0.0250  memory: 5092  
2024/01/15 03:10:43 - mmengine - INFO - Evaluating bbox...
2024/01/15 03:10:43 - mmengine - INFO - bbox_mAP_copypaste: 0.662 0.904 0.769 0.601 0.741 -1.000
2024/01/15 03:10:43 - mmengine - INFO - Epoch(val) [19][71/71]    coco/bbox_mAP: 0.6620  coco/bbox_mAP_50: 0.9040  coco/bbox_mAP_75: 0.7690  coco/bbox_mAP_s: 0.6010  coco/bbox_mAP_m: 0.7410  coco/bbox_mAP_l: -1.0000  data_time: 0.0300  time: 0.2797
2024/01/15 03:11:23 - mmengine - INFO - Epoch(train) [20][  50/1713]  lr: 2.0000e-02  eta: 0:22:14  time: 0.8057  data_time: 0.0089  memory: 5159  loss: 0.8972  loss_rpn_cls: 0.0078  loss_rpn_bbox: 0.0093  s0.loss_cls: 0.0643  s0.acc: 98.2422  s0.loss_bbox_cls: 0.0659  s0.loss_bbox_reg: 0.2130  s0.loss_mask: 0.1555  s1.loss_cls: 0.0147  s1.acc: 99.6094  s1.loss_bbox_cls: 0.0335  s1.loss_bbox_reg: 0.1132  s1.loss_mask: 0.0874  s2.loss_cls: 0.0080  s2.acc: 99.4141  s2.loss_bbox_cls: 0.0194  s2.loss_bbox_reg: 0.0623  s2.loss_mask: 0.0429
2024/01/15 03:12:03 - mmengine - INFO - Epoch(train) [20][ 100/1713]  lr: 2.0000e-02  eta: 0:21:34  time: 0.8058  data_time: 0.0081  memory: 5105  loss: 0.8553  loss_rpn_cls: 0.0095  loss_rpn_bbox: 0.0087  s0.loss_cls: 0.0643  s0.acc: 99.0234  s0.loss_bbox_cls: 0.0564  s0.loss_bbox_reg: 0.2022  s0.loss_mask: 0.1511  s1.loss_cls: 0.0141  s1.acc: 99.4141  s1.loss_bbox_cls: 0.0273  s1.loss_bbox_reg: 0.1095  s1.loss_mask: 0.0859  s2.loss_cls: 0.0065  s2.acc: 99.6040  s2.loss_bbox_cls: 0.0164  s2.loss_bbox_reg: 0.0603  s2.loss_mask: 0.0430
2024/01/15 03:12:44 - mmengine - INFO - Epoch(train) [20][ 150/1713]  lr: 2.0000e-02  eta: 0:20:54  time: 0.8086  data_time: 0.0092  memory: 5073  loss: 0.9081  loss_rpn_cls: 0.0098  loss_rpn_bbox: 0.0094  s0.loss_cls: 0.0640  s0.acc: 99.8047  s0.loss_bbox_cls: 0.0619  s0.loss_bbox_reg: 0.2303  s0.loss_mask: 0.1538  s1.loss_cls: 0.0154  s1.acc: 99.6094  s1.loss_bbox_cls: 0.0306  s1.loss_bbox_reg: 0.1163  s1.loss_mask: 0.0862  s2.loss_cls: 0.0066  s2.acc: 100.0000  s2.loss_bbox_cls: 0.0174  s2.loss_bbox_reg: 0.0632  s2.loss_mask: 0.0432
2024/01/15 03:13:23 - mmengine - INFO - Epoch(train) [20][ 200/1713]  lr: 2.0000e-02  eta: 0:20:14  time: 0.7887  data_time: 0.0080  memory: 5121  loss: 0.8808  loss_rpn_cls: 0.0074  loss_rpn_bbox: 0.0072  s0.loss_cls: 0.0707  s0.acc: 97.6562  s0.loss_bbox_cls: 0.0601  s0.loss_bbox_reg: 0.2096  s0.loss_mask: 0.1581  s1.loss_cls: 0.0173  s1.acc: 98.8281  s1.loss_bbox_cls: 0.0294  s1.loss_bbox_reg: 0.1092  s1.loss_mask: 0.0881  s2.loss_cls: 0.0063  s2.acc: 99.6094  s2.loss_bbox_cls: 0.0168  s2.loss_bbox_reg: 0.0577  s2.loss_mask: 0.0430
2024/01/15 03:14:03 - mmengine - INFO - Epoch(train) [20][ 250/1713]  lr: 2.0000e-02  eta: 0:19:34  time: 0.8021  data_time: 0.0087  memory: 5197  loss: 0.9371  loss_rpn_cls: 0.0098  loss_rpn_bbox: 0.0090  s0.loss_cls: 0.0647  s0.acc: 95.8984  s0.loss_bbox_cls: 0.0757  s0.loss_bbox_reg: 0.2243  s0.loss_mask: 0.1651  s1.loss_cls: 0.0197  s1.acc: 99.1435  s1.loss_bbox_cls: 0.0334  s1.loss_bbox_reg: 0.1120  s1.loss_mask: 0.0887  s2.loss_cls: 0.0100  s2.acc: 99.5633  s2.loss_bbox_cls: 0.0199  s2.loss_bbox_reg: 0.0610  s2.loss_mask: 0.0438
2024/01/15 03:14:43 - mmengine - INFO - Epoch(train) [20][ 300/1713]  lr: 2.0000e-02  eta: 0:18:53  time: 0.7958  data_time: 0.0088  memory: 5153  loss: 0.9078  loss_rpn_cls: 0.0106  loss_rpn_bbox: 0.0082  s0.loss_cls: 0.0605  s0.acc: 97.8516  s0.loss_bbox_cls: 0.0674  s0.loss_bbox_reg: 0.2164  s0.loss_mask: 0.1646  s1.loss_cls: 0.0147  s1.acc: 98.8938  s1.loss_bbox_cls: 0.0310  s1.loss_bbox_reg: 0.1106  s1.loss_mask: 0.0925  s2.loss_cls: 0.0065  s2.acc: 98.8636  s2.loss_bbox_cls: 0.0181  s2.loss_bbox_reg: 0.0614  s2.loss_mask: 0.0454
2024/01/15 03:15:23 - mmengine - INFO - Epoch(train) [20][ 350/1713]  lr: 2.0000e-02  eta: 0:18:13  time: 0.8049  data_time: 0.0082  memory: 5164  loss: 0.9221  loss_rpn_cls: 0.0093  loss_rpn_bbox: 0.0094  s0.loss_cls: 0.0787  s0.acc: 97.2656  s0.loss_bbox_cls: 0.0714  s0.loss_bbox_reg: 0.2170  s0.loss_mask: 0.1643  s1.loss_cls: 0.0191  s1.acc: 98.3298  s1.loss_bbox_cls: 0.0305  s1.loss_bbox_reg: 0.1097  s1.loss_mask: 0.0857  s2.loss_cls: 0.0083  s2.acc: 99.1247  s2.loss_bbox_cls: 0.0180  s2.loss_bbox_reg: 0.0584  s2.loss_mask: 0.0423
2024/01/15 03:16:04 - mmengine - INFO - Epoch(train) [20][ 400/1713]  lr: 2.0000e-02  eta: 0:17:33  time: 0.8038  data_time: 0.0079  memory: 5148  loss: 0.8974  loss_rpn_cls: 0.0073  loss_rpn_bbox: 0.0083  s0.loss_cls: 0.0724  s0.acc: 96.6797  s0.loss_bbox_cls: 0.0669  s0.loss_bbox_reg: 0.2161  s0.loss_mask: 0.1577  s1.loss_cls: 0.0151  s1.acc: 99.3534  s1.loss_bbox_cls: 0.0304  s1.loss_bbox_reg: 0.1116  s1.loss_mask: 0.0856  s2.loss_cls: 0.0066  s2.acc: 99.1150  s2.loss_bbox_cls: 0.0176  s2.loss_bbox_reg: 0.0600  s2.loss_mask: 0.0418
2024/01/15 03:16:44 - mmengine - INFO - Epoch(train) [20][ 450/1713]  lr: 2.0000e-02  eta: 0:16:53  time: 0.8146  data_time: 0.0095  memory: 5142  loss: 0.9795  loss_rpn_cls: 0.0133  loss_rpn_bbox: 0.0087  s0.loss_cls: 0.0819  s0.acc: 93.3594  s0.loss_bbox_cls: 0.0736  s0.loss_bbox_reg: 0.2272  s0.loss_mask: 0.1734  s1.loss_cls: 0.0204  s1.acc: 98.5386  s1.loss_bbox_cls: 0.0369  s1.loss_bbox_reg: 0.1164  s1.loss_mask: 0.0915  s2.loss_cls: 0.0102  s2.acc: 99.5772  s2.loss_bbox_cls: 0.0196  s2.loss_bbox_reg: 0.0612  s2.loss_mask: 0.0452
2024/01/15 03:16:47 - mmengine - INFO - Exp name: pcdummy_20240115_005109
2024/01/15 03:17:24 - mmengine - INFO - Epoch(train) [20][ 500/1713]  lr: 2.0000e-02  eta: 0:16:13  time: 0.7979  data_time: 0.0081  memory: 5138  loss: 0.9134  loss_rpn_cls: 0.0062  loss_rpn_bbox: 0.0077  s0.loss_cls: 0.0718  s0.acc: 94.3359  s0.loss_bbox_cls: 0.0669  s0.loss_bbox_reg: 0.2104  s0.loss_mask: 0.1665  s1.loss_cls: 0.0210  s1.acc: 98.6487  s1.loss_bbox_cls: 0.0311  s1.loss_bbox_reg: 0.1142  s1.loss_mask: 0.0856  s2.loss_cls: 0.0097  s2.acc: 98.3834  s2.loss_bbox_cls: 0.0178  s2.loss_bbox_reg: 0.0611  s2.loss_mask: 0.0433
2024/01/15 03:18:04 - mmengine - INFO - Epoch(train) [20][ 550/1713]  lr: 2.0000e-02  eta: 0:15:33  time: 0.8027  data_time: 0.0087  memory: 5139  loss: 0.9436  loss_rpn_cls: 0.0099  loss_rpn_bbox: 0.0093  s0.loss_cls: 0.0738  s0.acc: 95.7031  s0.loss_bbox_cls: 0.0739  s0.loss_bbox_reg: 0.2286  s0.loss_mask: 0.1577  s1.loss_cls: 0.0167  s1.acc: 97.4609  s1.loss_bbox_cls: 0.0340  s1.loss_bbox_reg: 0.1187  s1.loss_mask: 0.0860  s2.loss_cls: 0.0082  s2.acc: 99.6094  s2.loss_bbox_cls: 0.0195  s2.loss_bbox_reg: 0.0636  s2.loss_mask: 0.0436
2024/01/15 03:18:45 - mmengine - INFO - Epoch(train) [20][ 600/1713]  lr: 2.0000e-02  eta: 0:14:53  time: 0.8080  data_time: 0.0080  memory: 5127  loss: 0.8811  loss_rpn_cls: 0.0056  loss_rpn_bbox: 0.0079  s0.loss_cls: 0.0677  s0.acc: 99.0234  s0.loss_bbox_cls: 0.0600  s0.loss_bbox_reg: 0.2162  s0.loss_mask: 0.1467  s1.loss_cls: 0.0185  s1.acc: 99.4141  s1.loss_bbox_cls: 0.0296  s1.loss_bbox_reg: 0.1152  s1.loss_mask: 0.0841  s2.loss_cls: 0.0078  s2.acc: 100.0000  s2.loss_bbox_cls: 0.0181  s2.loss_bbox_reg: 0.0618  s2.loss_mask: 0.0420
2024/01/15 03:19:25 - mmengine - INFO - Epoch(train) [20][ 650/1713]  lr: 2.0000e-02  eta: 0:14:13  time: 0.8033  data_time: 0.0082  memory: 5095  loss: 0.8454  loss_rpn_cls: 0.0077  loss_rpn_bbox: 0.0095  s0.loss_cls: 0.0669  s0.acc: 99.6094  s0.loss_bbox_cls: 0.0543  s0.loss_bbox_reg: 0.2045  s0.loss_mask: 0.1467  s1.loss_cls: 0.0148  s1.acc: 99.2188  s1.loss_bbox_cls: 0.0279  s1.loss_bbox_reg: 0.1061  s1.loss_mask: 0.0839  s2.loss_cls: 0.0074  s2.acc: 99.0234  s2.loss_bbox_cls: 0.0163  s2.loss_bbox_reg: 0.0571  s2.loss_mask: 0.0422
2024/01/15 03:20:05 - mmengine - INFO - Epoch(train) [20][ 700/1713]  lr: 2.0000e-02  eta: 0:13:32  time: 0.8060  data_time: 0.0083  memory: 5136  loss: 0.8918  loss_rpn_cls: 0.0084  loss_rpn_bbox: 0.0086  s0.loss_cls: 0.0702  s0.acc: 96.8750  s0.loss_bbox_cls: 0.0627  s0.loss_bbox_reg: 0.2084  s0.loss_mask: 0.1536  s1.loss_cls: 0.0175  s1.acc: 99.1379  s1.loss_bbox_cls: 0.0315  s1.loss_bbox_reg: 0.1162  s1.loss_mask: 0.0845  s2.loss_cls: 0.0074  s2.acc: 99.5565  s2.loss_bbox_cls: 0.0179  s2.loss_bbox_reg: 0.0623  s2.loss_mask: 0.0428
2024/01/15 03:20:45 - mmengine - INFO - Epoch(train) [20][ 750/1713]  lr: 2.0000e-02  eta: 0:12:52  time: 0.7904  data_time: 0.0076  memory: 5159  loss: 0.8612  loss_rpn_cls: 0.0082  loss_rpn_bbox: 0.0085  s0.loss_cls: 0.0687  s0.acc: 97.8516  s0.loss_bbox_cls: 0.0580  s0.loss_bbox_reg: 0.1985  s0.loss_mask: 0.1536  s1.loss_cls: 0.0177  s1.acc: 99.8047  s1.loss_bbox_cls: 0.0288  s1.loss_bbox_reg: 0.1063  s1.loss_mask: 0.0888  s2.loss_cls: 0.0078  s2.acc: 99.8047  s2.loss_bbox_cls: 0.0154  s2.loss_bbox_reg: 0.0580  s2.loss_mask: 0.0429
2024/01/15 03:21:25 - mmengine - INFO - Epoch(train) [20][ 800/1713]  lr: 2.0000e-02  eta: 0:12:12  time: 0.8097  data_time: 0.0088  memory: 5130  loss: 0.9836  loss_rpn_cls: 0.0106  loss_rpn_bbox: 0.0099  s0.loss_cls: 0.0763  s0.acc: 98.0469  s0.loss_bbox_cls: 0.0738  s0.loss_bbox_reg: 0.2187  s0.loss_mask: 0.1689  s1.loss_cls: 0.0255  s1.acc: 98.1941  s1.loss_bbox_cls: 0.0366  s1.loss_bbox_reg: 0.1223  s1.loss_mask: 0.0940  s2.loss_cls: 0.0132  s2.acc: 99.0544  s2.loss_bbox_cls: 0.0213  s2.loss_bbox_reg: 0.0675  s2.loss_mask: 0.0449
2024/01/15 03:22:06 - mmengine - INFO - Epoch(train) [20][ 850/1713]  lr: 2.0000e-02  eta: 0:11:32  time: 0.8112  data_time: 0.0082  memory: 5152  loss: 0.9275  loss_rpn_cls: 0.0101  loss_rpn_bbox: 0.0098  s0.loss_cls: 0.0718  s0.acc: 97.8516  s0.loss_bbox_cls: 0.0671  s0.loss_bbox_reg: 0.2127  s0.loss_mask: 0.1619  s1.loss_cls: 0.0204  s1.acc: 99.4141  s1.loss_bbox_cls: 0.0337  s1.loss_bbox_reg: 0.1156  s1.loss_mask: 0.0885  s2.loss_cls: 0.0087  s2.acc: 98.6328  s2.loss_bbox_cls: 0.0195  s2.loss_bbox_reg: 0.0635  s2.loss_mask: 0.0441
2024/01/15 03:22:46 - mmengine - INFO - Epoch(train) [20][ 900/1713]  lr: 2.0000e-02  eta: 0:10:52  time: 0.7947  data_time: 0.0077  memory: 5145  loss: 0.8513  loss_rpn_cls: 0.0091  loss_rpn_bbox: 0.0100  s0.loss_cls: 0.0662  s0.acc: 95.1172  s0.loss_bbox_cls: 0.0586  s0.loss_bbox_reg: 0.1997  s0.loss_mask: 0.1574  s1.loss_cls: 0.0144  s1.acc: 98.5138  s1.loss_bbox_cls: 0.0270  s1.loss_bbox_reg: 0.1020  s1.loss_mask: 0.0870  s2.loss_cls: 0.0061  s2.acc: 98.7041  s2.loss_bbox_cls: 0.0156  s2.loss_bbox_reg: 0.0552  s2.loss_mask: 0.0428
2024/01/15 03:23:26 - mmengine - INFO - Epoch(train) [20][ 950/1713]  lr: 2.0000e-02  eta: 0:10:12  time: 0.8112  data_time: 0.0087  memory: 5160  loss: 0.9660  loss_rpn_cls: 0.0111  loss_rpn_bbox: 0.0113  s0.loss_cls: 0.0699  s0.acc: 96.6797  s0.loss_bbox_cls: 0.0680  s0.loss_bbox_reg: 0.2447  s0.loss_mask: 0.1603  s1.loss_cls: 0.0161  s1.acc: 99.5349  s1.loss_bbox_cls: 0.0334  s1.loss_bbox_reg: 0.1225  s1.loss_mask: 0.0897  s2.loss_cls: 0.0071  s2.acc: 100.0000  s2.loss_bbox_cls: 0.0203  s2.loss_bbox_reg: 0.0669  s2.loss_mask: 0.0446
2024/01/15 03:24:05 - mmengine - INFO - Epoch(train) [20][1000/1713]  lr: 2.0000e-02  eta: 0:09:32  time: 0.7755  data_time: 0.0077  memory: 5141  loss: 0.8046  loss_rpn_cls: 0.0065  loss_rpn_bbox: 0.0073  s0.loss_cls: 0.0577  s0.acc: 94.3359  s0.loss_bbox_cls: 0.0527  s0.loss_bbox_reg: 0.1789  s0.loss_mask: 0.1487  s1.loss_cls: 0.0137  s1.acc: 97.4609  s1.loss_bbox_cls: 0.0292  s1.loss_bbox_reg: 0.1082  s1.loss_mask: 0.0846  s2.loss_cls: 0.0056  s2.acc: 99.8047  s2.loss_bbox_cls: 0.0156  s2.loss_bbox_reg: 0.0540  s2.loss_mask: 0.0419
2024/01/15 03:24:45 - mmengine - INFO - Epoch(train) [20][1050/1713]  lr: 2.0000e-02  eta: 0:08:52  time: 0.7987  data_time: 0.0082  memory: 5124  loss: 0.8774  loss_rpn_cls: 0.0091  loss_rpn_bbox: 0.0093  s0.loss_cls: 0.0628  s0.acc: 98.0469  s0.loss_bbox_cls: 0.0568  s0.loss_bbox_reg: 0.2072  s0.loss_mask: 0.1574  s1.loss_cls: 0.0137  s1.acc: 98.7041  s1.loss_bbox_cls: 0.0303  s1.loss_bbox_reg: 0.1113  s1.loss_mask: 0.0883  s2.loss_cls: 0.0072  s2.acc: 98.4548  s2.loss_bbox_cls: 0.0183  s2.loss_bbox_reg: 0.0611  s2.loss_mask: 0.0447
2024/01/15 03:25:24 - mmengine - INFO - Epoch(train) [20][1100/1713]  lr: 2.0000e-02  eta: 0:08:11  time: 0.7821  data_time: 0.0078  memory: 5154  loss: 0.8012  loss_rpn_cls: 0.0088  loss_rpn_bbox: 0.0088  s0.loss_cls: 0.0576  s0.acc: 99.0234  s0.loss_bbox_cls: 0.0501  s0.loss_bbox_reg: 0.1885  s0.loss_mask: 0.1500  s1.loss_cls: 0.0148  s1.acc: 99.6094  s1.loss_bbox_cls: 0.0242  s1.loss_bbox_reg: 0.0980  s1.loss_mask: 0.0844  s2.loss_cls: 0.0049  s2.acc: 99.6094  s2.loss_bbox_cls: 0.0150  s2.loss_bbox_reg: 0.0540  s2.loss_mask: 0.0421
2024/01/15 03:26:05 - mmengine - INFO - Epoch(train) [20][1150/1713]  lr: 2.0000e-02  eta: 0:07:31  time: 0.8143  data_time: 0.0085  memory: 5148  loss: 0.8954  loss_rpn_cls: 0.0083  loss_rpn_bbox: 0.0085  s0.loss_cls: 0.0663  s0.acc: 96.4844  s0.loss_bbox_cls: 0.0648  s0.loss_bbox_reg: 0.2168  s0.loss_mask: 0.1537  s1.loss_cls: 0.0174  s1.acc: 99.7963  s1.loss_bbox_cls: 0.0320  s1.loss_bbox_reg: 0.1114  s1.loss_mask: 0.0852  s2.loss_cls: 0.0077  s2.acc: 99.7938  s2.loss_bbox_cls: 0.0195  s2.loss_bbox_reg: 0.0611  s2.loss_mask: 0.0427
2024/01/15 03:26:44 - mmengine - INFO - Epoch(train) [20][1200/1713]  lr: 2.0000e-02  eta: 0:06:51  time: 0.7838  data_time: 0.0082  memory: 5111  loss: 0.8637  loss_rpn_cls: 0.0096  loss_rpn_bbox: 0.0091  s0.loss_cls: 0.0681  s0.acc: 96.4844  s0.loss_bbox_cls: 0.0569  s0.loss_bbox_reg: 0.1944  s0.loss_mask: 0.1574  s1.loss_cls: 0.0192  s1.acc: 98.4615  s1.loss_bbox_cls: 0.0277  s1.loss_bbox_reg: 0.1064  s1.loss_mask: 0.0886  s2.loss_cls: 0.0086  s2.acc: 98.8532  s2.loss_bbox_cls: 0.0171  s2.loss_bbox_reg: 0.0571  s2.loss_mask: 0.0432
2024/01/15 03:27:24 - mmengine - INFO - Epoch(train) [20][1250/1713]  lr: 2.0000e-02  eta: 0:06:11  time: 0.8007  data_time: 0.0079  memory: 5146  loss: 0.8294  loss_rpn_cls: 0.0081  loss_rpn_bbox: 0.0076  s0.loss_cls: 0.0609  s0.acc: 97.8516  s0.loss_bbox_cls: 0.0584  s0.loss_bbox_reg: 0.1935  s0.loss_mask: 0.1559  s1.loss_cls: 0.0175  s1.acc: 99.7793  s1.loss_bbox_cls: 0.0269  s1.loss_bbox_reg: 0.0993  s1.loss_mask: 0.0829  s2.loss_cls: 0.0075  s2.acc: 99.0909  s2.loss_bbox_cls: 0.0152  s2.loss_bbox_reg: 0.0550  s2.loss_mask: 0.0407
2024/01/15 03:28:04 - mmengine - INFO - Epoch(train) [20][1300/1713]  lr: 2.0000e-02  eta: 0:05:31  time: 0.7993  data_time: 0.0081  memory: 5170  loss: 0.8390  loss_rpn_cls: 0.0102  loss_rpn_bbox: 0.0103  s0.loss_cls: 0.0628  s0.acc: 98.6328  s0.loss_bbox_cls: 0.0576  s0.loss_bbox_reg: 0.1975  s0.loss_mask: 0.1524  s1.loss_cls: 0.0170  s1.acc: 99.0234  s1.loss_bbox_cls: 0.0263  s1.loss_bbox_reg: 0.1036  s1.loss_mask: 0.0820  s2.loss_cls: 0.0080  s2.acc: 99.4141  s2.loss_bbox_cls: 0.0150  s2.loss_bbox_reg: 0.0556  s2.loss_mask: 0.0407
2024/01/15 03:28:45 - mmengine - INFO - Epoch(train) [20][1350/1713]  lr: 2.0000e-02  eta: 0:04:51  time: 0.8249  data_time: 0.0082  memory: 5166  loss: 0.9209  loss_rpn_cls: 0.0090  loss_rpn_bbox: 0.0091  s0.loss_cls: 0.0737  s0.acc: 97.6562  s0.loss_bbox_cls: 0.0740  s0.loss_bbox_reg: 0.2253  s0.loss_mask: 0.1592  s1.loss_cls: 0.0195  s1.acc: 99.0234  s1.loss_bbox_cls: 0.0297  s1.loss_bbox_reg: 0.1105  s1.loss_mask: 0.0868  s2.loss_cls: 0.0082  s2.acc: 99.8047  s2.loss_bbox_cls: 0.0163  s2.loss_bbox_reg: 0.0585  s2.loss_mask: 0.0411
2024/01/15 03:29:25 - mmengine - INFO - Epoch(train) [20][1400/1713]  lr: 2.0000e-02  eta: 0:04:11  time: 0.8040  data_time: 0.0084  memory: 5150  loss: 0.8733  loss_rpn_cls: 0.0096  loss_rpn_bbox: 0.0087  s0.loss_cls: 0.0686  s0.acc: 96.8750  s0.loss_bbox_cls: 0.0649  s0.loss_bbox_reg: 0.2087  s0.loss_mask: 0.1529  s1.loss_cls: 0.0151  s1.acc: 99.5575  s1.loss_bbox_cls: 0.0290  s1.loss_bbox_reg: 0.1086  s1.loss_mask: 0.0833  s2.loss_cls: 0.0073  s2.acc: 99.3228  s2.loss_bbox_cls: 0.0173  s2.loss_bbox_reg: 0.0578  s2.loss_mask: 0.0415
2024/01/15 03:30:05 - mmengine - INFO - Epoch(train) [20][1450/1713]  lr: 2.0000e-02  eta: 0:03:31  time: 0.8019  data_time: 0.0087  memory: 5123  loss: 0.8598  loss_rpn_cls: 0.0070  loss_rpn_bbox: 0.0077  s0.loss_cls: 0.0626  s0.acc: 99.2188  s0.loss_bbox_cls: 0.0542  s0.loss_bbox_reg: 0.1967  s0.loss_mask: 0.1581  s1.loss_cls: 0.0134  s1.acc: 99.6094  s1.loss_bbox_cls: 0.0293  s1.loss_bbox_reg: 0.1105  s1.loss_mask: 0.0888  s2.loss_cls: 0.0060  s2.acc: 99.4141  s2.loss_bbox_cls: 0.0177  s2.loss_bbox_reg: 0.0627  s2.loss_mask: 0.0450
2024/01/15 03:30:08 - mmengine - INFO - Exp name: pcdummy_20240115_005109
2024/01/15 03:30:45 - mmengine - INFO - Epoch(train) [20][1500/1713]  lr: 2.0000e-02  eta: 0:02:50  time: 0.7873  data_time: 0.0081  memory: 5163  loss: 0.8420  loss_rpn_cls: 0.0059  loss_rpn_bbox: 0.0075  s0.loss_cls: 0.0634  s0.acc: 95.8984  s0.loss_bbox_cls: 0.0588  s0.loss_bbox_reg: 0.1902  s0.loss_mask: 0.1523  s1.loss_cls: 0.0177  s1.acc: 97.9123  s1.loss_bbox_cls: 0.0290  s1.loss_bbox_reg: 0.1044  s1.loss_mask: 0.0863  s2.loss_cls: 0.0078  s2.acc: 98.0892  s2.loss_bbox_cls: 0.0175  s2.loss_bbox_reg: 0.0577  s2.loss_mask: 0.0433
2024/01/15 03:31:25 - mmengine - INFO - Epoch(train) [20][1550/1713]  lr: 2.0000e-02  eta: 0:02:10  time: 0.8110  data_time: 0.0079  memory: 5135  loss: 0.9085  loss_rpn_cls: 0.0104  loss_rpn_bbox: 0.0089  s0.loss_cls: 0.0751  s0.acc: 97.6562  s0.loss_bbox_cls: 0.0659  s0.loss_bbox_reg: 0.2172  s0.loss_mask: 0.1575  s1.loss_cls: 0.0165  s1.acc: 99.5851  s1.loss_bbox_cls: 0.0302  s1.loss_bbox_reg: 0.1140  s1.loss_mask: 0.0845  s2.loss_cls: 0.0078  s2.acc: 99.3590  s2.loss_bbox_cls: 0.0171  s2.loss_bbox_reg: 0.0602  s2.loss_mask: 0.0433
2024/01/15 03:32:05 - mmengine - INFO - Epoch(train) [20][1600/1713]  lr: 2.0000e-02  eta: 0:01:30  time: 0.7913  data_time: 0.0083  memory: 5076  loss: 0.8831  loss_rpn_cls: 0.0089  loss_rpn_bbox: 0.0100  s0.loss_cls: 0.0722  s0.acc: 97.6562  s0.loss_bbox_cls: 0.0624  s0.loss_bbox_reg: 0.1947  s0.loss_mask: 0.1597  s1.loss_cls: 0.0187  s1.acc: 99.6094  s1.loss_bbox_cls: 0.0322  s1.loss_bbox_reg: 0.1065  s1.loss_mask: 0.0886  s2.loss_cls: 0.0106  s2.acc: 99.6094  s2.loss_bbox_cls: 0.0177  s2.loss_bbox_reg: 0.0574  s2.loss_mask: 0.0435
2024/01/15 03:32:46 - mmengine - INFO - Epoch(train) [20][1650/1713]  lr: 2.0000e-02  eta: 0:00:50  time: 0.8138  data_time: 0.0085  memory: 5138  loss: 0.8799  loss_rpn_cls: 0.0101  loss_rpn_bbox: 0.0099  s0.loss_cls: 0.0644  s0.acc: 96.6797  s0.loss_bbox_cls: 0.0586  s0.loss_bbox_reg: 0.2053  s0.loss_mask: 0.1508  s1.loss_cls: 0.0158  s1.acc: 95.7490  s1.loss_bbox_cls: 0.0303  s1.loss_bbox_reg: 0.1186  s1.loss_mask: 0.0847  s2.loss_cls: 0.0073  s2.acc: 95.0207  s2.loss_bbox_cls: 0.0176  s2.loss_bbox_reg: 0.0638  s2.loss_mask: 0.0426
2024/01/15 03:33:26 - mmengine - INFO - Epoch(train) [20][1700/1713]  lr: 2.0000e-02  eta: 0:00:10  time: 0.8007  data_time: 0.0083  memory: 5050  loss: 0.8977  loss_rpn_cls: 0.0092  loss_rpn_bbox: 0.0081  s0.loss_cls: 0.0750  s0.acc: 97.6562  s0.loss_bbox_cls: 0.0652  s0.loss_bbox_reg: 0.2120  s0.loss_mask: 0.1572  s1.loss_cls: 0.0176  s1.acc: 99.0000  s1.loss_bbox_cls: 0.0312  s1.loss_bbox_reg: 0.1077  s1.loss_mask: 0.0858  s2.loss_cls: 0.0091  s2.acc: 99.1968  s2.loss_bbox_cls: 0.0183  s2.loss_bbox_reg: 0.0583  s2.loss_mask: 0.0429
2024/01/15 03:33:36 - mmengine - INFO - Exp name: pcdummy_20240115_005109
2024/01/15 03:33:36 - mmengine - INFO - Saving checkpoint at 20 epochs
2024/01/15 03:33:52 - mmengine - INFO - Epoch(val) [20][50/71]    eta: 0:00:05  time: 0.2703  data_time: 0.0234  memory: 5163  
2024/01/15 03:33:58 - mmengine - INFO - Evaluating bbox...
2024/01/15 03:33:58 - mmengine - INFO - bbox_mAP_copypaste: 0.650 0.890 0.748 0.577 0.743 -1.000
2024/01/15 03:33:58 - mmengine - INFO - Epoch(val) [20][71/71]    coco/bbox_mAP: 0.6500  coco/bbox_mAP_50: 0.8900  coco/bbox_mAP_75: 0.7480  coco/bbox_mAP_s: 0.5770  coco/bbox_mAP_m: 0.7430  coco/bbox_mAP_l: -1.0000  data_time: 0.0194  time: 0.2659
